X,Y,Z,LAI
-3.65773809412499,40.6398809527591,0,1.63333333
-3.65476190364919,40.6398809527591,0,1.60000002
-3.65178571317338,40.6398809527591,0,1.60000002
-3.64880952269757,40.6398809527591,0,1.60000002
-3.6607142846008,40.6369047622773,0,1.53333330
-3.65773809412499,40.6369047622773,0,1.56666672
-3.65476190364919,40.6369047622773,0,1.56666672
-3.65178571317338,40.6369047622773,0,1.56666672
-3.64880952269757,40.6369047622773,0,1.60000002
-3.64583333222177,40.6369047622773,0,1.56666672
-3.64285714174596,40.6369047622773,0,1.53333330
-3.63988095127015,40.6369047622773,0,1.56666672
-3.63690476079435,40.6369047622773,0,1.56666672
-3.66369047507661,40.6339285717955,0,1.46666670
-3.6607142846008,40.6339285717955,0,1.36666667
-3.65773809412499,40.6339285717955,0,1.26666665
-3.65476190364919,40.6339285717955,0,1.03333330
-3.65178571317338,40.6339285717955,0,1.50000000
-3.64880952269757,40.6339285717955,0,1.63333333
-3.64583333222177,40.6339285717955,0,1.56666672
-3.64285714174596,40.6339285717955,0,1.50000000
-3.63988095127015,40.6339285717955,0,1.56666672
-3.63690476079435,40.6339285717955,0,1.56666672
-3.66666666555241,40.6309523813136,0,1.56666672
-3.66369047507661,40.6309523813136,0,1.46666670
-3.6607142846008,40.6309523813136,0,1.20000005
-3.65773809412499,40.6309523813136,0,0.89999998
-3.65476190364919,40.6309523813136,0,0.66666669
-3.65178571317338,40.6309523813136,0,1.23333335
-3.64880952269757,40.6309523813136,0,1.53333330
-3.64583333222177,40.6309523813136,0,1.46666670
-3.64285714174596,40.6309523813136,0,1.39999998
-3.63988095127015,40.6309523813136,0,1.46666670
-3.63690476079435,40.6309523813136,0,1.56666672
-3.63392857031854,40.6309523813136,0,1.50000000
-3.66666666555241,40.6279761908318,0,1.60000002
-3.66369047507661,40.6279761908318,0,1.33333337
-3.6607142846008,40.6279761908318,0,0.93333334
-3.65773809412499,40.6279761908318,0,0.43333334
-3.65476190364919,40.6279761908318,0,0.46666667
-3.65178571317338,40.6279761908318,0,1.00000000
-3.64880952269757,40.6279761908318,0,1.43333328
-3.64583333222177,40.6279761908318,0,1.50000000
-3.64285714174596,40.6279761908318,0,1.50000000
-3.63988095127015,40.6279761908318,0,1.46666670
-3.63690476079435,40.6279761908318,0,1.53333330
-3.63392857031854,40.6279761908318,0,1.53333330
-3.63095237984273,40.6279761908318,0,1.33333337
-3.66666666555241,40.62500000035,0,1.73333335
-3.66369047507661,40.62500000035,0,1.86666667
-3.6607142846008,40.62500000035,0,1.60000002
-3.65773809412499,40.62500000035,0,1.20000005
-3.65476190364919,40.62500000035,0,0.86666667
-3.65178571317338,40.62500000035,0,1.20000005
-3.64880952269757,40.62500000035,0,1.46666670
-3.64583333222177,40.62500000035,0,1.53333330
-3.64285714174596,40.62500000035,0,1.53333330
-3.63988095127015,40.62500000035,0,1.50000000
-3.63690476079435,40.62500000035,0,1.53333330
-3.63392857031854,40.62500000035,0,1.50000000
-3.63095237984273,40.62500000035,0,1.33333337
-3.66666666555241,40.6220238098682,0,1.76666665
-3.66369047507661,40.6220238098682,0,1.83333337
-3.6607142846008,40.6220238098682,0,1.89999998
-3.65773809412499,40.6220238098682,0,1.86666667
-3.65476190364919,40.6220238098682,0,1.70000005
-3.65178571317338,40.6220238098682,0,1.63333333
-3.64880952269757,40.6220238098682,0,1.56666672
-3.64583333222177,40.6220238098682,0,1.56666672
-3.64285714174596,40.6220238098682,0,1.56666672
-3.63988095127015,40.6220238098682,0,1.46666670
-3.63690476079435,40.6220238098682,0,1.46666670
-3.63392857031854,40.6220238098682,0,1.53333330
-3.63095237984273,40.6220238098682,0,1.43333328
-3.66666666555241,40.6190476193864,0,1.63333333
-3.66369047507661,40.6190476193864,0,1.66666663
-3.6607142846008,40.6190476193864,0,1.79999995
-3.65773809412499,40.6190476193864,0,1.79999995
-3.65476190364919,40.6190476193864,0,1.89999998
-3.65178571317338,40.6190476193864,0,1.73333335
-3.64880952269757,40.6190476193864,0,1.50000000
-3.64583333222177,40.6190476193864,0,1.43333328
-3.64285714174596,40.6190476193864,0,1.56666672
-3.63988095127015,40.6190476193864,0,1.56666672
-3.63690476079435,40.6190476193864,0,1.60000002
-3.63392857031854,40.6190476193864,0,1.60000002
-3.63095237984273,40.6190476193864,0,1.50000000
-3.67261904650403,40.6160714289046,0,1.79999995
-3.66964285602822,40.6160714289046,0,1.79999995
-3.66666666555241,40.6160714289046,0,1.73333335
-3.66369047507661,40.6160714289046,0,1.70000005
-3.6607142846008,40.6160714289046,0,1.70000005
-3.65773809412499,40.6160714289046,0,1.73333335
-3.65476190364919,40.6160714289046,0,1.83333337
-3.65178571317338,40.6160714289046,0,1.79999995
-3.64880952269757,40.6160714289046,0,1.66666663
-3.64583333222177,40.6160714289046,0,1.63333333
-3.64285714174596,40.6160714289046,0,1.73333335
-3.63988095127015,40.6160714289046,0,1.63333333
-3.63690476079435,40.6160714289046,0,1.63333333
-3.63392857031854,40.6160714289046,0,1.66666663
-3.63095237984273,40.6160714289046,0,1.63333333
-3.62797618936693,40.6160714289046,0,1.50000000
-3.62499999889112,40.6160714289046,0,1.33333337
-3.67559523697983,40.6130952384227,0,1.60000002
-3.67261904650403,40.6130952384227,0,2.06666660
-3.66964285602822,40.6130952384227,0,2.09999990
-3.66666666555241,40.6130952384227,0,1.86666667
-3.66369047507661,40.6130952384227,0,1.79999995
-3.6607142846008,40.6130952384227,0,1.76666665
-3.65773809412499,40.6130952384227,0,1.73333335
-3.65476190364919,40.6130952384227,0,1.73333335
-3.65178571317338,40.6130952384227,0,1.73333335
-3.64880952269757,40.6130952384227,0,1.73333335
-3.64583333222177,40.6130952384227,0,1.86666667
-3.64285714174596,40.6130952384227,0,2.06666660
-3.63988095127015,40.6130952384227,0,1.79999995
-3.63690476079435,40.6130952384227,0,1.66666663
-3.63392857031854,40.6130952384227,0,1.66666663
-3.63095237984273,40.6130952384227,0,1.63333333
-3.62797618936693,40.6130952384227,0,1.63333333
-3.62499999889112,40.6130952384227,0,1.70000005
-3.62202380841531,40.6130952384227,0,1.43333328
-3.68154761793144,40.6101190479409,0,1.13333333
-3.67857142745564,40.6101190479409,0,1.39999998
-3.67559523697983,40.6101190479409,0,1.56666672
-3.67261904650403,40.6101190479409,0,1.73333335
-3.66964285602822,40.6101190479409,0,2.00000000
-3.66666666555241,40.6101190479409,0,2.03333330
-3.66369047507661,40.6101190479409,0,2.03333330
-3.6607142846008,40.6101190479409,0,1.93333328
-3.65773809412499,40.6101190479409,0,1.89999998
-3.65476190364919,40.6101190479409,0,1.89999998
-3.65178571317338,40.6101190479409,0,1.86666667
-3.64880952269757,40.6101190479409,0,1.70000005
-3.64583333222177,40.6101190479409,0,1.63333333
-3.64285714174596,40.6101190479409,0,1.86666667
-3.63988095127015,40.6101190479409,0,1.73333335
-3.63690476079435,40.6101190479409,0,1.66666663
-3.63392857031854,40.6101190479409,0,1.63333333
-3.63095237984273,40.6101190479409,0,1.63333333
-3.62797618936693,40.6101190479409,0,1.63333333
-3.62499999889112,40.6101190479409,0,1.66666663
-3.62202380841531,40.6101190479409,0,1.56666672
-3.61904761793951,40.6101190479409,0,1.46666670
-3.80952380839113,40.6071428574591,0,1.10000002
-3.80654761791532,40.6071428574591,0,1.03333330
-3.80357142743951,40.6071428574591,0,1.13333333
-3.68452380840725,40.6071428574591,0,1.43333328
-3.68154761793144,40.6071428574591,0,1.46666670
-3.67857142745564,40.6071428574591,0,1.50000000
-3.67559523697983,40.6071428574591,0,1.50000000
-3.67261904650403,40.6071428574591,0,1.63333333
-3.66964285602822,40.6071428574591,0,1.66666663
-3.66666666555241,40.6071428574591,0,1.79999995
-3.66369047507661,40.6071428574591,0,1.83333337
-3.6607142846008,40.6071428574591,0,1.83333337
-3.65773809412499,40.6071428574591,0,1.79999995
-3.65476190364919,40.6071428574591,0,1.76666665
-3.65178571317338,40.6071428574591,0,1.89999998
-3.64880952269757,40.6071428574591,0,1.89999998
-3.64583333222177,40.6071428574591,0,1.79999995
-3.64285714174596,40.6071428574591,0,1.93333328
-3.63988095127015,40.6071428574591,0,1.86666667
-3.63690476079435,40.6071428574591,0,1.79999995
-3.63392857031854,40.6071428574591,0,1.73333335
-3.63095237984273,40.6071428574591,0,1.66666663
-3.62797618936693,40.6071428574591,0,1.66666663
-3.62499999889112,40.6071428574591,0,1.66666663
-3.62202380841531,40.6071428574591,0,1.66666663
-3.61904761793951,40.6071428574591,0,1.60000002
-3.80654761791532,40.6041666669773,0,1.36666667
-3.80357142743951,40.6041666669773,0,1.16666663
-3.68749999888306,40.6041666669773,0,1.29999995
-3.68452380840725,40.6041666669773,0,1.46666670
-3.68154761793144,40.6041666669773,0,1.56666672
-3.67857142745564,40.6041666669773,0,1.63333333
-3.67559523697983,40.6041666669773,0,1.63333333
-3.67261904650403,40.6041666669773,0,1.63333333
-3.66964285602822,40.6041666669773,0,1.66666663
-3.66666666555241,40.6041666669773,0,1.79999995
-3.66369047507661,40.6041666669773,0,1.83333337
-3.6607142846008,40.6041666669773,0,1.83333337
-3.65773809412499,40.6041666669773,0,1.70000005
-3.65476190364919,40.6041666669773,0,1.53333330
-3.65178571317338,40.6041666669773,0,1.70000005
-3.64880952269757,40.6041666669773,0,2.06666660
-3.64583333222177,40.6041666669773,0,2.20000005
-3.64285714174596,40.6041666669773,0,2.13333344
-3.63988095127015,40.6041666669773,0,1.93333328
-3.63690476079435,40.6041666669773,0,1.83333337
-3.63392857031854,40.6041666669773,0,1.79999995
-3.63095237984273,40.6041666669773,0,1.79999995
-3.62797618936693,40.6041666669773,0,1.79999995
-3.62499999889112,40.6041666669773,0,1.73333335
-3.62202380841531,40.6041666669773,0,1.73333335
-3.61904761793951,40.6041666669773,0,1.66666663
-3.80654761791532,40.6011904764955,0,1.56666672
-3.80357142743951,40.6011904764955,0,1.13333333
-3.78273809410887,40.6011904764955,0,1.16666663
-3.77976190363306,40.6011904764955,0,1.10000002
-3.68749999888306,40.6011904764955,0,1.23333335
-3.68452380840725,40.6011904764955,0,1.46666670
-3.68154761793144,40.6011904764955,0,1.66666663
-3.67857142745564,40.6011904764955,0,1.50000000
-3.67559523697983,40.6011904764955,0,1.43333328
-3.67261904650403,40.6011904764955,0,1.46666670
-3.66964285602822,40.6011904764955,0,1.53333330
-3.66666666555241,40.6011904764955,0,1.70000005
-3.66369047507661,40.6011904764955,0,1.76666665
-3.6607142846008,40.6011904764955,0,1.83333337
-3.65773809412499,40.6011904764955,0,1.83333337
-3.65476190364919,40.6011904764955,0,1.63333333
-3.65178571317338,40.6011904764955,0,1.70000005
-3.64880952269757,40.6011904764955,0,1.79999995
-3.64583333222177,40.6011904764955,0,1.86666667
-3.64285714174596,40.6011904764955,0,1.93333328
-3.63988095127015,40.6011904764955,0,1.76666665
-3.63690476079435,40.6011904764955,0,1.66666663
-3.63392857031854,40.6011904764955,0,1.60000002
-3.63095237984273,40.6011904764955,0,1.76666665
-3.62797618936693,40.6011904764955,0,1.89999998
-3.62499999889112,40.6011904764955,0,1.83333337
-3.62202380841531,40.6011904764955,0,1.86666667
-3.61904761793951,40.6011904764955,0,1.73333335
-3.6160714274637,40.6011904764955,0,1.43333328
-3.80654761791532,40.5982142860137,0,1.43333328
-3.80357142743951,40.5982142860137,0,0.86666667
-3.80059523696371,40.5982142860137,0,0.86666667
-3.7976190464879,40.5982142860137,0,1.00000000
-3.79464285601209,40.5982142860137,0,1.16666663
-3.79166666553629,40.5982142860137,0,1.26666665
-3.78869047506048,40.5982142860137,0,1.23333335
-3.78571428458467,40.5982142860137,0,1.16666663
-3.78273809410887,40.5982142860137,0,1.13333333
-3.77976190363306,40.5982142860137,0,1.10000002
-3.77678571315725,40.5982142860137,0,1.13333333
-3.77380952268145,40.5982142860137,0,1.23333335
-3.77083333220564,40.5982142860137,0,1.39999998
-3.76785714172983,40.5982142860137,0,1.36666667
-3.76488095125403,40.5982142860137,0,1.50000000
-3.69047618935886,40.5982142860137,0,1.10000002
-3.68749999888306,40.5982142860137,0,1.10000002
-3.68452380840725,40.5982142860137,0,1.23333335
-3.68154761793144,40.5982142860137,0,1.43333328
-3.67857142745564,40.5982142860137,0,1.39999998
-3.67559523697983,40.5982142860137,0,1.43333328
-3.67261904650403,40.5982142860137,0,1.50000000
-3.66964285602822,40.5982142860137,0,1.43333328
-3.66666666555241,40.5982142860137,0,1.46666670
-3.66369047507661,40.5982142860137,0,1.53333330
-3.6607142846008,40.5982142860137,0,1.53333330
-3.65773809412499,40.5982142860137,0,1.50000000
-3.65476190364919,40.5982142860137,0,1.39999998
-3.65178571317338,40.5982142860137,0,1.39999998
-3.64880952269757,40.5982142860137,0,1.43333328
-3.64583333222177,40.5982142860137,0,1.56666672
-3.64285714174596,40.5982142860137,0,1.70000005
-3.63988095127015,40.5982142860137,0,1.73333335
-3.63690476079435,40.5982142860137,0,1.66666663
-3.63392857031854,40.5982142860137,0,1.56666672
-3.63095237984273,40.5982142860137,0,1.50000000
-3.62797618936693,40.5982142860137,0,1.70000005
-3.62499999889112,40.5982142860137,0,1.79999995
-3.62202380841531,40.5982142860137,0,1.83333337
-3.61904761793951,40.5982142860137,0,1.79999995
-3.6160714274637,40.5982142860137,0,1.66666663
-3.61309523698789,40.5982142860137,0,1.53333330
-3.61011904651209,40.5982142860137,0,1.43333328
-3.81249999886693,40.5952380955318,0,1.66666663
-3.80952380839113,40.5952380955318,0,1.50000000
-3.80654761791532,40.5952380955318,0,1.20000005
-3.80357142743951,40.5952380955318,0,0.86666667
-3.80059523696371,40.5952380955318,0,0.63333333
-3.7976190464879,40.5952380955318,0,0.80000001
-3.79464285601209,40.5952380955318,0,0.93333334
-3.79166666553629,40.5952380955318,0,1.10000002
-3.78869047506048,40.5952380955318,0,1.16666663
-3.78571428458467,40.5952380955318,0,1.16666663
-3.78273809410887,40.5952380955318,0,1.16666663
-3.77976190363306,40.5952380955318,0,1.23333335
-3.77678571315725,40.5952380955318,0,1.29999995
-3.77380952268145,40.5952380955318,0,1.33333337
-3.77083333220564,40.5952380955318,0,1.46666670
-3.76785714172983,40.5952380955318,0,1.43333328
-3.76488095125403,40.5952380955318,0,1.33333337
-3.76190476077822,40.5952380955318,0,1.29999995
-3.75892857030242,40.5952380955318,0,1.23333335
-3.75595237982661,40.5952380955318,0,1.26666665
-3.69047618935886,40.5952380955318,0,1.13333333
-3.68749999888306,40.5952380955318,0,1.00000000
-3.68452380840725,40.5952380955318,0,1.03333330
-3.68154761793144,40.5952380955318,0,1.23333335
-3.67857142745564,40.5952380955318,0,1.39999998
-3.67559523697983,40.5952380955318,0,1.53333330
-3.67261904650403,40.5952380955318,0,1.60000002
-3.66964285602822,40.5952380955318,0,1.50000000
-3.66666666555241,40.5952380955318,0,1.43333328
-3.66369047507661,40.5952380955318,0,1.33333337
-3.6607142846008,40.5952380955318,0,1.26666665
-3.65773809412499,40.5952380955318,0,1.13333333
-3.65476190364919,40.5952380955318,0,1.16666663
-3.65178571317338,40.5952380955318,0,1.06666672
-3.64880952269757,40.5952380955318,0,1.06666672
-3.64583333222177,40.5952380955318,0,1.23333335
-3.64285714174596,40.5952380955318,0,1.53333330
-3.63988095127015,40.5952380955318,0,1.60000002
-3.63690476079435,40.5952380955318,0,1.56666672
-3.63392857031854,40.5952380955318,0,1.46666670
-3.63095237984273,40.5952380955318,0,1.33333337
-3.62797618936693,40.5952380955318,0,1.46666670
-3.62499999889112,40.5952380955318,0,1.60000002
-3.62202380841531,40.5952380955318,0,1.66666663
-3.61904761793951,40.5952380955318,0,1.76666665
-3.6160714274637,40.5952380955318,0,1.73333335
-3.61309523698789,40.5952380955318,0,1.76666665
-3.61011904651209,40.5952380955318,0,1.76666665
-3.60714285603628,40.5952380955318,0,1.60000002
-3.83333333219758,40.59226190505,0,1.23333335
-3.83035714172177,40.59226190505,0,1.23333335
-3.82738095124597,40.59226190505,0,1.23333335
-3.82440476077016,40.59226190505,0,1.23333335
-3.82142857029435,40.59226190505,0,1.26666665
-3.81845237981855,40.59226190505,0,1.29999995
-3.81547618934274,40.59226190505,0,1.29999995
-3.81249999886693,40.59226190505,0,1.36666667
-3.80952380839113,40.59226190505,0,1.29999995
-3.80654761791532,40.59226190505,0,1.10000002
-3.80357142743951,40.59226190505,0,0.73333335
-3.80059523696371,40.59226190505,0,0.73333335
-3.7976190464879,40.59226190505,0,0.83333331
-3.79464285601209,40.59226190505,0,1.00000000
-3.79166666553629,40.59226190505,0,1.16666663
-3.78869047506048,40.59226190505,0,1.23333335
-3.78571428458467,40.59226190505,0,1.20000005
-3.78273809410887,40.59226190505,0,1.13333333
-3.77976190363306,40.59226190505,0,1.10000002
-3.77678571315725,40.59226190505,0,1.16666663
-3.77380952268145,40.59226190505,0,1.23333335
-3.77083333220564,40.59226190505,0,1.29999995
-3.76785714172983,40.59226190505,0,1.29999995
-3.76488095125403,40.59226190505,0,1.23333335
-3.76190476077822,40.59226190505,0,1.23333335
-3.75892857030242,40.59226190505,0,1.20000005
-3.75595237982661,40.59226190505,0,1.10000002
-3.7529761893508,40.59226190505,0,1.06666672
-3.749999998875,40.59226190505,0,1.13333333
-3.69345237983467,40.59226190505,0,1.10000002
-3.69047618935886,40.59226190505,0,1.03333330
-3.68749999888306,40.59226190505,0,0.96666664
-3.68452380840725,40.59226190505,0,1.06666672
-3.68154761793144,40.59226190505,0,1.16666663
-3.67857142745564,40.59226190505,0,1.29999995
-3.67559523697983,40.59226190505,0,1.46666670
-3.67261904650403,40.59226190505,0,1.50000000
-3.66964285602822,40.59226190505,0,1.50000000
-3.6607142846008,40.59226190505,0,1.06666672
-3.65773809412499,40.59226190505,0,1.06666672
-3.65476190364919,40.59226190505,0,1.06666672
-3.65178571317338,40.59226190505,0,1.16666663
-3.64880952269757,40.59226190505,0,1.26666665
-3.64583333222177,40.59226190505,0,1.43333328
-3.64285714174596,40.59226190505,0,1.50000000
-3.63988095127015,40.59226190505,0,1.46666670
-3.63690476079435,40.59226190505,0,1.26666665
-3.63392857031854,40.59226190505,0,1.03333330
-3.63095237984273,40.59226190505,0,0.86666667
-3.62797618936693,40.59226190505,0,1.00000000
-3.62499999889112,40.59226190505,0,1.29999995
-3.62202380841531,40.59226190505,0,1.50000000
-3.61904761793951,40.59226190505,0,1.66666663
-3.6160714274637,40.59226190505,0,1.73333335
-3.61309523698789,40.59226190505,0,1.79999995
-3.61011904651209,40.59226190505,0,1.83333337
-3.60714285603628,40.59226190505,0,1.70000005
-3.60416666556047,40.59226190505,0,1.50000000
-3.87499999885887,40.5892857145682,0,1.29999995
-3.87202380838306,40.5892857145682,0,1.33333337
-3.86904761790726,40.5892857145682,0,1.39999998
-3.86607142743145,40.5892857145682,0,1.29999995
-3.86309523695564,40.5892857145682,0,1.20000005
-3.85119047505242,40.5892857145682,0,1.10000002
-3.84821428457661,40.5892857145682,0,1.03333330
-3.84523809410081,40.5892857145682,0,1.13333333
-3.842261903625,40.5892857145682,0,1.20000005
-3.83928571314919,40.5892857145682,0,1.16666663
-3.83630952267339,40.5892857145682,0,1.20000005
-3.83333333219758,40.5892857145682,0,1.20000005
-3.83035714172177,40.5892857145682,0,1.16666663
-3.82738095124597,40.5892857145682,0,1.20000005
-3.82440476077016,40.5892857145682,0,1.16666663
-3.82142857029435,40.5892857145682,0,1.16666663
-3.81845237981855,40.5892857145682,0,1.20000005
-3.81547618934274,40.5892857145682,0,1.20000005
-3.81249999886693,40.5892857145682,0,1.23333335
-3.80952380839113,40.5892857145682,0,1.29999995
-3.80654761791532,40.5892857145682,0,1.23333335
-3.80357142743951,40.5892857145682,0,1.06666672
-3.80059523696371,40.5892857145682,0,0.93333334
-3.7976190464879,40.5892857145682,0,0.76666665
-3.79464285601209,40.5892857145682,0,0.93333334
-3.79166666553629,40.5892857145682,0,1.10000002
-3.78869047506048,40.5892857145682,0,1.23333335
-3.78571428458467,40.5892857145682,0,1.20000005
-3.78273809410887,40.5892857145682,0,1.10000002
-3.77976190363306,40.5892857145682,0,1.10000002
-3.77678571315725,40.5892857145682,0,1.13333333
-3.77380952268145,40.5892857145682,0,1.20000005
-3.77083333220564,40.5892857145682,0,1.23333335
-3.76785714172983,40.5892857145682,0,1.23333335
-3.76488095125403,40.5892857145682,0,1.23333335
-3.76190476077822,40.5892857145682,0,1.16666663
-3.75892857030242,40.5892857145682,0,1.16666663
-3.75595237982661,40.5892857145682,0,1.13333333
-3.7529761893508,40.5892857145682,0,1.10000002
-3.749999998875,40.5892857145682,0,1.03333330
-3.74702380839919,40.5892857145682,0,1.00000000
-3.74404761792338,40.5892857145682,0,1.10000002
-3.74107142744758,40.5892857145682,0,1.10000002
-3.69642857031048,40.5892857145682,0,1.36666667
-3.69345237983467,40.5892857145682,0,1.13333333
-3.69047618935886,40.5892857145682,0,1.10000002
-3.68749999888306,40.5892857145682,0,1.13333333
-3.68452380840725,40.5892857145682,0,1.16666663
-3.68154761793144,40.5892857145682,0,1.06666672
-3.67857142745564,40.5892857145682,0,1.13333333
-3.67559523697983,40.5892857145682,0,1.26666665
-3.65476190364919,40.5892857145682,0,1.20000005
-3.65178571317338,40.5892857145682,0,1.33333337
-3.64880952269757,40.5892857145682,0,1.33333337
-3.64583333222177,40.5892857145682,0,1.36666667
-3.64285714174596,40.5892857145682,0,1.33333337
-3.63988095127015,40.5892857145682,0,1.29999995
-3.63690476079435,40.5892857145682,0,0.96666664
-3.63392857031854,40.5892857145682,0,0.43333334
-3.63095237984273,40.5892857145682,0,0.56666666
-3.62797618936693,40.5892857145682,0,0.83333331
-3.62499999889112,40.5892857145682,0,1.13333333
-3.62202380841531,40.5892857145682,0,1.33333337
-3.61904761793951,40.5892857145682,0,1.46666670
-3.6160714274637,40.5892857145682,0,1.73333335
-3.61309523698789,40.5892857145682,0,1.76666665
-3.61011904651209,40.5892857145682,0,1.70000005
-3.60714285603628,40.5892857145682,0,1.56666672
-3.60416666556047,40.5892857145682,0,1.43333328
-3.88095237981048,40.5863095240864,0,1.33333337
-3.87797618933468,40.5863095240864,0,1.33333337
-3.87499999885887,40.5863095240864,0,1.33333337
-3.87202380838306,40.5863095240864,0,1.29999995
-3.86904761790726,40.5863095240864,0,1.29999995
-3.86607142743145,40.5863095240864,0,1.29999995
-3.86309523695564,40.5863095240864,0,1.16666663
-3.86011904647984,40.5863095240864,0,1.23333335
-3.85714285600403,40.5863095240864,0,1.26666665
-3.85416666552822,40.5863095240864,0,1.16666663
-3.85119047505242,40.5863095240864,0,1.10000002
-3.84821428457661,40.5863095240864,0,1.06666672
-3.84523809410081,40.5863095240864,0,1.03333330
-3.842261903625,40.5863095240864,0,1.20000005
-3.83928571314919,40.5863095240864,0,1.26666665
-3.83630952267339,40.5863095240864,0,1.26666665
-3.83333333219758,40.5863095240864,0,1.20000005
-3.83035714172177,40.5863095240864,0,1.16666663
-3.82738095124597,40.5863095240864,0,1.26666665
-3.82440476077016,40.5863095240864,0,1.23333335
-3.82142857029435,40.5863095240864,0,1.20000005
-3.81845237981855,40.5863095240864,0,1.23333335
-3.81547618934274,40.5863095240864,0,1.29999995
-3.81249999886693,40.5863095240864,0,1.36666667
-3.80952380839113,40.5863095240864,0,1.39999998
-3.80654761791532,40.5863095240864,0,1.36666667
-3.80357142743951,40.5863095240864,0,1.23333335
-3.80059523696371,40.5863095240864,0,1.00000000
-3.7976190464879,40.5863095240864,0,0.66666669
-3.79464285601209,40.5863095240864,0,0.80000001
-3.79166666553629,40.5863095240864,0,1.00000000
-3.78869047506048,40.5863095240864,0,1.20000005
-3.78571428458467,40.5863095240864,0,1.23333335
-3.78273809410887,40.5863095240864,0,1.13333333
-3.77976190363306,40.5863095240864,0,1.13333333
-3.77678571315725,40.5863095240864,0,1.23333335
-3.77380952268145,40.5863095240864,0,1.23333335
-3.77083333220564,40.5863095240864,0,1.23333335
-3.76785714172983,40.5863095240864,0,1.20000005
-3.76488095125403,40.5863095240864,0,1.16666663
-3.76190476077822,40.5863095240864,0,1.13333333
-3.75892857030242,40.5863095240864,0,1.13333333
-3.75595237982661,40.5863095240864,0,1.10000002
-3.7529761893508,40.5863095240864,0,1.06666672
-3.749999998875,40.5863095240864,0,1.06666672
-3.74702380839919,40.5863095240864,0,1.03333330
-3.74404761792338,40.5863095240864,0,0.96666664
-3.74107142744758,40.5863095240864,0,0.93333334
-3.73809523697177,40.5863095240864,0,0.96666664
-3.70238095126209,40.5863095240864,0,1.29999995
-3.69940476078628,40.5863095240864,0,1.39999998
-3.69642857031048,40.5863095240864,0,1.29999995
-3.69345237983467,40.5863095240864,0,1.20000005
-3.69047618935886,40.5863095240864,0,1.23333335
-3.68749999888306,40.5863095240864,0,1.29999995
-3.68452380840725,40.5863095240864,0,1.16666663
-3.68154761793144,40.5863095240864,0,0.86666667
-3.65178571317338,40.5863095240864,0,1.36666667
-3.64880952269757,40.5863095240864,0,1.43333328
-3.64583333222177,40.5863095240864,0,1.43333328
-3.64285714174596,40.5863095240864,0,1.33333337
-3.63988095127015,40.5863095240864,0,1.20000005
-3.63690476079435,40.5863095240864,0,0.63333333
-3.63392857031854,40.5863095240864,0,0.30000001
-3.63095237984273,40.5863095240864,0,0.53333336
-3.62797618936693,40.5863095240864,0,1.10000002
-3.62499999889112,40.5863095240864,0,1.10000002
-3.62202380841531,40.5863095240864,0,1.00000000
-3.61904761793951,40.5863095240864,0,0.93333334
-3.6160714274637,40.5863095240864,0,1.26666665
-3.61309523698789,40.5863095240864,0,1.43333328
-3.61011904651209,40.5863095240864,0,1.50000000
-3.60714285603628,40.5863095240864,0,1.39999998
-3.88392857028629,40.5833333336046,0,1.23333335
-3.88095237981048,40.5833333336046,0,1.33333337
-3.87797618933468,40.5833333336046,0,1.29999995
-3.87499999885887,40.5833333336046,0,1.29999995
-3.87202380838306,40.5833333336046,0,1.26666665
-3.86904761790726,40.5833333336046,0,1.33333337
-3.86607142743145,40.5833333336046,0,1.33333337
-3.86309523695564,40.5833333336046,0,1.36666667
-3.86011904647984,40.5833333336046,0,1.36666667
-3.85714285600403,40.5833333336046,0,1.33333337
-3.85416666552822,40.5833333336046,0,1.26666665
-3.85119047505242,40.5833333336046,0,1.10000002
-3.84821428457661,40.5833333336046,0,1.06666672
-3.84523809410081,40.5833333336046,0,0.96666664
-3.842261903625,40.5833333336046,0,1.06666672
-3.83928571314919,40.5833333336046,0,1.29999995
-3.83630952267339,40.5833333336046,0,1.46666670
-3.83333333219758,40.5833333336046,0,1.33333337
-3.83035714172177,40.5833333336046,0,1.29999995
-3.82738095124597,40.5833333336046,0,1.29999995
-3.82440476077016,40.5833333336046,0,1.33333337
-3.82142857029435,40.5833333336046,0,1.33333337
-3.81845237981855,40.5833333336046,0,1.29999995
-3.81547618934274,40.5833333336046,0,1.29999995
-3.81249999886693,40.5833333336046,0,1.29999995
-3.80952380839113,40.5833333336046,0,1.33333337
-3.80654761791532,40.5833333336046,0,1.33333337
-3.80357142743951,40.5833333336046,0,1.20000005
-3.80059523696371,40.5833333336046,0,1.10000002
-3.79166666553629,40.5833333336046,0,0.89999998
-3.78869047506048,40.5833333336046,0,1.06666672
-3.78571428458467,40.5833333336046,0,1.23333335
-3.78273809410887,40.5833333336046,0,1.23333335
-3.77976190363306,40.5833333336046,0,1.13333333
-3.77678571315725,40.5833333336046,0,1.16666663
-3.77380952268145,40.5833333336046,0,1.29999995
-3.77083333220564,40.5833333336046,0,1.26666665
-3.76785714172983,40.5833333336046,0,1.23333335
-3.76488095125403,40.5833333336046,0,1.23333335
-3.76190476077822,40.5833333336046,0,1.16666663
-3.75892857030242,40.5833333336046,0,1.16666663
-3.75595237982661,40.5833333336046,0,1.16666663
-3.7529761893508,40.5833333336046,0,1.06666672
-3.749999998875,40.5833333336046,0,1.03333330
-3.74702380839919,40.5833333336046,0,1.03333330
-3.74404761792338,40.5833333336046,0,0.89999998
-3.74107142744758,40.5833333336046,0,0.89999998
-3.73809523697177,40.5833333336046,0,0.96666664
-3.73511904649596,40.5833333336046,0,0.93333334
-3.73214285602016,40.5833333336046,0,0.93333334
-3.72916666554435,40.5833333336046,0,0.96666664
-3.72619047506854,40.5833333336046,0,1.06666672
-3.7083333322137,40.5833333336046,0,1.20000005
-3.7053571417379,40.5833333336046,0,1.29999995
-3.70238095126209,40.5833333336046,0,1.46666670
-3.69940476078628,40.5833333336046,0,1.39999998
-3.69642857031048,40.5833333336046,0,1.33333337
-3.69345237983467,40.5833333336046,0,1.26666665
-3.69047618935886,40.5833333336046,0,1.10000002
-3.68749999888306,40.5833333336046,0,0.93333334
-3.65178571317338,40.5833333336046,0,1.13333333
-3.64880952269757,40.5833333336046,0,1.29999995
-3.64583333222177,40.5833333336046,0,1.39999998
-3.64285714174596,40.5833333336046,0,1.36666667
-3.63988095127015,40.5833333336046,0,1.23333335
-3.63690476079435,40.5833333336046,0,0.50000000
-3.63392857031854,40.5833333336046,0,0.69999999
-3.63095237984273,40.5833333336046,0,0.93333334
-3.62797618936693,40.5833333336046,0,1.13333333
-3.62499999889112,40.5833333336046,0,1.10000002
-3.62202380841531,40.5833333336046,0,1.00000000
-3.61904761793951,40.5833333336046,0,0.89999998
-3.6160714274637,40.5833333336046,0,0.76666665
-3.61309523698789,40.5833333336046,0,0.86666667
-3.88392857028629,40.5803571431227,0,1.06666672
-3.88095237981048,40.5803571431227,0,1.20000005
-3.87797618933468,40.5803571431227,0,1.23333335
-3.87499999885887,40.5803571431227,0,1.26666665
-3.87202380838306,40.5803571431227,0,1.29999995
-3.86904761790726,40.5803571431227,0,1.26666665
-3.86607142743145,40.5803571431227,0,1.23333335
-3.86309523695564,40.5803571431227,0,1.26666665
-3.86011904647984,40.5803571431227,0,1.36666667
-3.85714285600403,40.5803571431227,0,1.33333337
-3.85416666552822,40.5803571431227,0,1.23333335
-3.85119047505242,40.5803571431227,0,1.16666663
-3.84821428457661,40.5803571431227,0,1.10000002
-3.84523809410081,40.5803571431227,0,1.10000002
-3.842261903625,40.5803571431227,0,1.10000002
-3.83928571314919,40.5803571431227,0,1.33333337
-3.83630952267339,40.5803571431227,0,1.46666670
-3.83333333219758,40.5803571431227,0,1.36666667
-3.83035714172177,40.5803571431227,0,1.20000005
-3.82738095124597,40.5803571431227,0,1.16666663
-3.82440476077016,40.5803571431227,0,1.26666665
-3.82142857029435,40.5803571431227,0,1.29999995
-3.81845237981855,40.5803571431227,0,1.26666665
-3.81547618934274,40.5803571431227,0,1.29999995
-3.81249999886693,40.5803571431227,0,1.39999998
-3.80952380839113,40.5803571431227,0,1.36666667
-3.80654761791532,40.5803571431227,0,1.23333335
-3.80357142743951,40.5803571431227,0,1.20000005
-3.80059523696371,40.5803571431227,0,1.10000002
-3.7976190464879,40.5803571431227,0,0.89999998
-3.79166666553629,40.5803571431227,0,0.83333331
-3.78869047506048,40.5803571431227,0,0.93333334
-3.78571428458467,40.5803571431227,0,1.06666672
-3.78273809410887,40.5803571431227,0,1.13333333
-3.77976190363306,40.5803571431227,0,1.03333330
-3.77678571315725,40.5803571431227,0,1.16666663
-3.77380952268145,40.5803571431227,0,1.29999995
-3.77083333220564,40.5803571431227,0,1.33333337
-3.76785714172983,40.5803571431227,0,1.23333335
-3.76488095125403,40.5803571431227,0,1.16666663
-3.76190476077822,40.5803571431227,0,1.13333333
-3.75892857030242,40.5803571431227,0,1.06666672
-3.75595237982661,40.5803571431227,0,1.10000002
-3.7529761893508,40.5803571431227,0,1.13333333
-3.749999998875,40.5803571431227,0,1.06666672
-3.74702380839919,40.5803571431227,0,0.93333334
-3.74404761792338,40.5803571431227,0,0.89999998
-3.74107142744758,40.5803571431227,0,1.00000000
-3.73809523697177,40.5803571431227,0,1.06666672
-3.73511904649596,40.5803571431227,0,1.06666672
-3.73214285602016,40.5803571431227,0,1.03333330
-3.72916666554435,40.5803571431227,0,1.16666663
-3.72619047506854,40.5803571431227,0,1.20000005
-3.72321428459274,40.5803571431227,0,1.06666672
-3.72023809411693,40.5803571431227,0,1.03333330
-3.71726190364112,40.5803571431227,0,0.96666664
-3.71428571316532,40.5803571431227,0,1.00000000
-3.71130952268951,40.5803571431227,0,0.96666664
-3.7083333322137,40.5803571431227,0,1.10000002
-3.7053571417379,40.5803571431227,0,1.26666665
-3.70238095126209,40.5803571431227,0,1.43333328
-3.69940476078628,40.5803571431227,0,1.39999998
-3.69642857031048,40.5803571431227,0,1.26666665
-3.69345237983467,40.5803571431227,0,1.13333333
-3.64880952269757,40.5803571431227,0,1.16666663
-3.64583333222177,40.5803571431227,0,1.36666667
-3.64285714174596,40.5803571431227,0,1.43333328
-3.63988095127015,40.5803571431227,0,1.13333333
-3.63690476079435,40.5803571431227,0,0.60000002
-3.63392857031854,40.5803571431227,0,0.76666665
-3.63095237984273,40.5803571431227,0,1.13333333
-3.62797618936693,40.5803571431227,0,1.23333335
-3.62499999889112,40.5803571431227,0,1.20000005
-3.62202380841531,40.5803571431227,0,1.10000002
-3.61904761793951,40.5803571431227,0,0.93333334
-3.88392857028629,40.5773809526409,0,1.20000005
-3.88095237981048,40.5773809526409,0,1.29999995
-3.87797618933468,40.5773809526409,0,1.33333337
-3.87499999885887,40.5773809526409,0,1.33333337
-3.87202380838306,40.5773809526409,0,1.29999995
-3.86904761790726,40.5773809526409,0,1.26666665
-3.86607142743145,40.5773809526409,0,1.20000005
-3.86309523695564,40.5773809526409,0,1.23333335
-3.86011904647984,40.5773809526409,0,1.20000005
-3.85714285600403,40.5773809526409,0,1.23333335
-3.85416666552822,40.5773809526409,0,1.23333335
-3.85119047505242,40.5773809526409,0,1.20000005
-3.84821428457661,40.5773809526409,0,1.23333335
-3.84523809410081,40.5773809526409,0,1.16666663
-3.842261903625,40.5773809526409,0,1.16666663
-3.83928571314919,40.5773809526409,0,1.29999995
-3.83630952267339,40.5773809526409,0,1.36666667
-3.83333333219758,40.5773809526409,0,1.29999995
-3.83035714172177,40.5773809526409,0,1.20000005
-3.82738095124597,40.5773809526409,0,1.20000005
-3.82440476077016,40.5773809526409,0,1.29999995
-3.82142857029435,40.5773809526409,0,1.33333337
-3.81845237981855,40.5773809526409,0,1.36666667
-3.81547618934274,40.5773809526409,0,1.36666667
-3.81249999886693,40.5773809526409,0,1.33333337
-3.80952380839113,40.5773809526409,0,1.26666665
-3.80654761791532,40.5773809526409,0,1.13333333
-3.80357142743951,40.5773809526409,0,1.13333333
-3.80059523696371,40.5773809526409,0,1.13333333
-3.7976190464879,40.5773809526409,0,1.03333330
-3.79464285601209,40.5773809526409,0,0.86666667
-3.79166666553629,40.5773809526409,0,0.83333331
-3.78869047506048,40.5773809526409,0,0.89999998
-3.78571428458467,40.5773809526409,0,1.00000000
-3.78273809410887,40.5773809526409,0,1.10000002
-3.77976190363306,40.5773809526409,0,1.03333330
-3.77678571315725,40.5773809526409,0,1.10000002
-3.77380952268145,40.5773809526409,0,1.20000005
-3.77083333220564,40.5773809526409,0,1.23333335
-3.76785714172983,40.5773809526409,0,1.23333335
-3.76488095125403,40.5773809526409,0,1.16666663
-3.76190476077822,40.5773809526409,0,1.10000002
-3.75892857030242,40.5773809526409,0,1.06666672
-3.75595237982661,40.5773809526409,0,1.06666672
-3.7529761893508,40.5773809526409,0,1.03333330
-3.749999998875,40.5773809526409,0,0.93333334
-3.74702380839919,40.5773809526409,0,0.86666667
-3.74404761792338,40.5773809526409,0,0.93333334
-3.74107142744758,40.5773809526409,0,1.10000002
-3.73809523697177,40.5773809526409,0,1.16666663
-3.73511904649596,40.5773809526409,0,1.16666663
-3.73214285602016,40.5773809526409,0,1.03333330
-3.72916666554435,40.5773809526409,0,1.10000002
-3.72619047506854,40.5773809526409,0,1.20000005
-3.72321428459274,40.5773809526409,0,1.26666665
-3.72023809411693,40.5773809526409,0,1.23333335
-3.71726190364112,40.5773809526409,0,1.06666672
-3.71428571316532,40.5773809526409,0,1.06666672
-3.71130952268951,40.5773809526409,0,0.96666664
-3.7083333322137,40.5773809526409,0,1.00000000
-3.7053571417379,40.5773809526409,0,1.06666672
-3.70238095126209,40.5773809526409,0,1.10000002
-3.69940476078628,40.5773809526409,0,1.03333330
-3.64880952269757,40.5773809526409,0,1.03333330
-3.64583333222177,40.5773809526409,0,1.26666665
-3.64285714174596,40.5773809526409,0,1.36666667
-3.63988095127015,40.5773809526409,0,1.23333335
-3.63690476079435,40.5773809526409,0,0.96666664
-3.63392857031854,40.5773809526409,0,0.46666667
-3.63095237984273,40.5773809526409,0,1.10000002
-3.62797618936693,40.5773809526409,0,1.36666667
-3.62499999889112,40.5773809526409,0,1.29999995
-3.62202380841531,40.5773809526409,0,1.13333333
-3.88392857028629,40.5744047621591,0,1.29999995
-3.88095237981048,40.5744047621591,0,1.46666670
-3.87797618933468,40.5744047621591,0,1.43333328
-3.87499999885887,40.5744047621591,0,1.33333337
-3.87202380838306,40.5744047621591,0,1.33333337
-3.86904761790726,40.5744047621591,0,1.29999995
-3.86607142743145,40.5744047621591,0,1.26666665
-3.86309523695564,40.5744047621591,0,1.33333337
-3.86011904647984,40.5744047621591,0,1.26666665
-3.85714285600403,40.5744047621591,0,1.26666665
-3.85416666552822,40.5744047621591,0,1.23333335
-3.85119047505242,40.5744047621591,0,1.20000005
-3.84821428457661,40.5744047621591,0,1.20000005
-3.84523809410081,40.5744047621591,0,1.20000005
-3.842261903625,40.5744047621591,0,1.10000002
-3.83928571314919,40.5744047621591,0,1.10000002
-3.83630952267339,40.5744047621591,0,1.26666665
-3.83333333219758,40.5744047621591,0,1.26666665
-3.83035714172177,40.5744047621591,0,1.29999995
-3.82738095124597,40.5744047621591,0,1.29999995
-3.82440476077016,40.5744047621591,0,1.33333337
-3.82142857029435,40.5744047621591,0,1.39999998
-3.81845237981855,40.5744047621591,0,1.43333328
-3.81547618934274,40.5744047621591,0,1.43333328
-3.81249999886693,40.5744047621591,0,1.46666670
-3.80952380839113,40.5744047621591,0,1.39999998
-3.80654761791532,40.5744047621591,0,1.23333335
-3.80357142743951,40.5744047621591,0,1.06666672
-3.80059523696371,40.5744047621591,0,1.10000002
-3.7976190464879,40.5744047621591,0,1.10000002
-3.79464285601209,40.5744047621591,0,0.96666664
-3.79166666553629,40.5744047621591,0,0.86666667
-3.78869047506048,40.5744047621591,0,0.89999998
-3.78571428458467,40.5744047621591,0,1.10000002
-3.78273809410887,40.5744047621591,0,1.13333333
-3.77976190363306,40.5744047621591,0,1.13333333
-3.77678571315725,40.5744047621591,0,1.23333335
-3.77380952268145,40.5744047621591,0,1.23333335
-3.77083333220564,40.5744047621591,0,1.23333335
-3.76785714172983,40.5744047621591,0,1.26666665
-3.76488095125403,40.5744047621591,0,1.23333335
-3.76190476077822,40.5744047621591,0,1.13333333
-3.75892857030242,40.5744047621591,0,1.10000002
-3.75595237982661,40.5744047621591,0,1.06666672
-3.7529761893508,40.5744047621591,0,0.93333334
-3.749999998875,40.5744047621591,0,0.89999998
-3.74702380839919,40.5744047621591,0,0.93333334
-3.74404761792338,40.5744047621591,0,1.03333330
-3.74107142744758,40.5744047621591,0,1.16666663
-3.73809523697177,40.5744047621591,0,1.20000005
-3.73511904649596,40.5744047621591,0,1.20000005
-3.73214285602016,40.5744047621591,0,1.16666663
-3.72916666554435,40.5744047621591,0,1.13333333
-3.72619047506854,40.5744047621591,0,1.23333335
-3.72321428459274,40.5744047621591,0,1.29999995
-3.72023809411693,40.5744047621591,0,1.29999995
-3.71726190364112,40.5744047621591,0,1.16666663
-3.71428571316532,40.5744047621591,0,1.06666672
-3.71130952268951,40.5744047621591,0,0.93333334
-3.7083333322137,40.5744047621591,0,1.06666672
-3.7053571417379,40.5744047621591,0,1.26666665
-3.70238095126209,40.5744047621591,0,1.26666665
-3.69940476078628,40.5744047621591,0,1.20000005
-3.69642857031048,40.5744047621591,0,1.13333333
-3.63095237984273,40.5744047621591,0,0.96666664
-3.62797618936693,40.5744047621591,0,1.20000005
-3.62499999889112,40.5744047621591,0,1.16666663
-3.8869047607621,40.5714285716773,0,1.06666672
-3.88392857028629,40.5714285716773,0,1.16666663
-3.88095237981048,40.5714285716773,0,1.36666667
-3.87797618933468,40.5714285716773,0,1.39999998
-3.87499999885887,40.5714285716773,0,1.33333337
-3.87202380838306,40.5714285716773,0,1.26666665
-3.86904761790726,40.5714285716773,0,1.29999995
-3.86607142743145,40.5714285716773,0,1.33333337
-3.86309523695564,40.5714285716773,0,1.36666667
-3.86011904647984,40.5714285716773,0,1.33333337
-3.85714285600403,40.5714285716773,0,1.33333337
-3.85416666552822,40.5714285716773,0,1.33333337
-3.85119047505242,40.5714285716773,0,1.26666665
-3.84821428457661,40.5714285716773,0,1.16666663
-3.84523809410081,40.5714285716773,0,1.13333333
-3.842261903625,40.5714285716773,0,1.03333330
-3.83928571314919,40.5714285716773,0,1.06666672
-3.83630952267339,40.5714285716773,0,1.23333335
-3.83333333219758,40.5714285716773,0,1.33333337
-3.83035714172177,40.5714285716773,0,1.36666667
-3.82738095124597,40.5714285716773,0,1.29999995
-3.82440476077016,40.5714285716773,0,1.36666667
-3.82142857029435,40.5714285716773,0,1.33333337
-3.81845237981855,40.5714285716773,0,1.39999998
-3.81547618934274,40.5714285716773,0,1.36666667
-3.81249999886693,40.5714285716773,0,1.39999998
-3.80952380839113,40.5714285716773,0,1.33333337
-3.80654761791532,40.5714285716773,0,1.23333335
-3.80357142743951,40.5714285716773,0,1.13333333
-3.80059523696371,40.5714285716773,0,1.06666672
-3.7976190464879,40.5714285716773,0,1.20000005
-3.78571428458467,40.5714285716773,0,1.03333330
-3.78273809410887,40.5714285716773,0,1.13333333
-3.77976190363306,40.5714285716773,0,1.13333333
-3.77678571315725,40.5714285716773,0,1.23333335
-3.77380952268145,40.5714285716773,0,1.26666665
-3.77083333220564,40.5714285716773,0,1.23333335
-3.76785714172983,40.5714285716773,0,1.23333335
-3.76488095125403,40.5714285716773,0,1.23333335
-3.76190476077822,40.5714285716773,0,1.13333333
-3.75892857030242,40.5714285716773,0,1.10000002
-3.75595237982661,40.5714285716773,0,1.03333330
-3.7529761893508,40.5714285716773,0,0.89999998
-3.749999998875,40.5714285716773,0,0.93333334
-3.74702380839919,40.5714285716773,0,0.96666664
-3.74404761792338,40.5714285716773,0,1.03333330
-3.74107142744758,40.5714285716773,0,1.03333330
-3.73809523697177,40.5714285716773,0,1.06666672
-3.73511904649596,40.5714285716773,0,1.10000002
-3.73214285602016,40.5714285716773,0,1.20000005
-3.72916666554435,40.5714285716773,0,1.23333335
-3.72619047506854,40.5714285716773,0,1.29999995
-3.72321428459274,40.5714285716773,0,1.33333337
-3.72023809411693,40.5714285716773,0,1.26666665
-3.71726190364112,40.5714285716773,0,1.23333335
-3.71428571316532,40.5714285716773,0,1.06666672
-3.71130952268951,40.5714285716773,0,0.96666664
-3.7083333322137,40.5714285716773,0,1.13333333
-3.7053571417379,40.5714285716773,0,1.29999995
-3.70238095126209,40.5714285716773,0,1.29999995
-3.69940476078628,40.5714285716773,0,1.33333337
-3.69642857031048,40.5714285716773,0,1.33333337
-3.69345237983467,40.5714285716773,0,1.03333330
-3.8869047607621,40.5684523811955,0,1.13333333
-3.88392857028629,40.5684523811955,0,1.26666665
-3.88095237981048,40.5684523811955,0,1.43333328
-3.87797618933468,40.5684523811955,0,1.46666670
-3.87499999885887,40.5684523811955,0,1.43333328
-3.87202380838306,40.5684523811955,0,1.36666667
-3.86904761790726,40.5684523811955,0,1.29999995
-3.86607142743145,40.5684523811955,0,1.33333337
-3.86309523695564,40.5684523811955,0,1.33333337
-3.86011904647984,40.5684523811955,0,1.33333337
-3.85714285600403,40.5684523811955,0,1.33333337
-3.85416666552822,40.5684523811955,0,1.26666665
-3.85119047505242,40.5684523811955,0,1.20000005
-3.84821428457661,40.5684523811955,0,1.20000005
-3.84523809410081,40.5684523811955,0,1.16666663
-3.842261903625,40.5684523811955,0,1.06666672
-3.83928571314919,40.5684523811955,0,1.03333330
-3.83630952267339,40.5684523811955,0,1.00000000
-3.83333333219758,40.5684523811955,0,1.16666663
-3.83035714172177,40.5684523811955,0,1.26666665
-3.82738095124597,40.5684523811955,0,1.26666665
-3.82440476077016,40.5684523811955,0,1.26666665
-3.82142857029435,40.5684523811955,0,1.26666665
-3.81845237981855,40.5684523811955,0,1.26666665
-3.81547618934274,40.5684523811955,0,1.29999995
-3.81249999886693,40.5684523811955,0,1.29999995
-3.80952380839113,40.5684523811955,0,1.23333335
-3.80654761791532,40.5684523811955,0,1.10000002
-3.80357142743951,40.5684523811955,0,1.03333330
-3.80059523696371,40.5684523811955,0,1.03333330
-3.7976190464879,40.5684523811955,0,1.06666672
-3.78273809410887,40.5684523811955,0,1.20000005
-3.77976190363306,40.5684523811955,0,1.16666663
-3.77678571315725,40.5684523811955,0,1.26666665
-3.77380952268145,40.5684523811955,0,1.26666665
-3.77083333220564,40.5684523811955,0,1.23333335
-3.76785714172983,40.5684523811955,0,1.20000005
-3.76488095125403,40.5684523811955,0,1.20000005
-3.76190476077822,40.5684523811955,0,1.20000005
-3.75892857030242,40.5684523811955,0,1.13333333
-3.75595237982661,40.5684523811955,0,1.03333330
-3.7529761893508,40.5684523811955,0,1.03333330
-3.749999998875,40.5684523811955,0,1.03333330
-3.74702380839919,40.5684523811955,0,0.93333334
-3.74404761792338,40.5684523811955,0,0.93333334
-3.74107142744758,40.5684523811955,0,0.96666664
-3.73809523697177,40.5684523811955,0,1.00000000
-3.73511904649596,40.5684523811955,0,1.00000000
-3.73214285602016,40.5684523811955,0,1.00000000
-3.72916666554435,40.5684523811955,0,1.10000002
-3.72619047506854,40.5684523811955,0,1.20000005
-3.72321428459274,40.5684523811955,0,1.23333335
-3.72023809411693,40.5684523811955,0,1.23333335
-3.71726190364112,40.5684523811955,0,1.16666663
-3.71428571316532,40.5684523811955,0,1.06666672
-3.71130952268951,40.5684523811955,0,1.03333330
-3.7083333322137,40.5684523811955,0,1.03333330
-3.7053571417379,40.5684523811955,0,1.00000000
-3.70238095126209,40.5684523811955,0,0.89999998
-3.69940476078628,40.5684523811955,0,0.83333331
-3.69642857031048,40.5684523811955,0,0.86666667
-3.69345237983467,40.5684523811955,0,0.86666667
-3.69047618935886,40.5684523811955,0,1.03333330
-3.88392857028629,40.5654761907137,0,1.23333335
-3.88095237981048,40.5654761907137,0,1.33333337
-3.87797618933468,40.5654761907137,0,1.33333337
-3.87499999885887,40.5654761907137,0,1.46666670
-3.87202380838306,40.5654761907137,0,1.50000000
-3.86904761790726,40.5654761907137,0,1.36666667
-3.86607142743145,40.5654761907137,0,1.39999998
-3.86309523695564,40.5654761907137,0,1.43333328
-3.86011904647984,40.5654761907137,0,1.43333328
-3.85714285600403,40.5654761907137,0,1.36666667
-3.85416666552822,40.5654761907137,0,1.33333337
-3.85119047505242,40.5654761907137,0,1.36666667
-3.84821428457661,40.5654761907137,0,1.26666665
-3.84523809410081,40.5654761907137,0,1.20000005
-3.842261903625,40.5654761907137,0,1.06666672
-3.83928571314919,40.5654761907137,0,1.00000000
-3.83630952267339,40.5654761907137,0,1.03333330
-3.83333333219758,40.5654761907137,0,1.00000000
-3.83035714172177,40.5654761907137,0,0.96666664
-3.82738095124597,40.5654761907137,0,1.00000000
-3.82440476077016,40.5654761907137,0,1.03333330
-3.82142857029435,40.5654761907137,0,1.03333330
-3.81845237981855,40.5654761907137,0,1.03333330
-3.81547618934274,40.5654761907137,0,1.06666672
-3.81249999886693,40.5654761907137,0,1.16666663
-3.80952380839113,40.5654761907137,0,1.03333330
-3.80654761791532,40.5654761907137,0,0.93333334
-3.80357142743951,40.5654761907137,0,0.86666667
-3.80059523696371,40.5654761907137,0,0.86666667
-3.78571428458467,40.5654761907137,0,1.06666672
-3.78273809410887,40.5654761907137,0,1.16666663
-3.77976190363306,40.5654761907137,0,1.23333335
-3.77678571315725,40.5654761907137,0,1.33333337
-3.77380952268145,40.5654761907137,0,1.29999995
-3.77083333220564,40.5654761907137,0,1.23333335
-3.76785714172983,40.5654761907137,0,1.16666663
-3.76488095125403,40.5654761907137,0,1.13333333
-3.76190476077822,40.5654761907137,0,1.06666672
-3.75892857030242,40.5654761907137,0,0.93333334
-3.75595237982661,40.5654761907137,0,0.93333334
-3.7529761893508,40.5654761907137,0,1.00000000
-3.749999998875,40.5654761907137,0,1.00000000
-3.74702380839919,40.5654761907137,0,0.96666664
-3.74404761792338,40.5654761907137,0,0.96666664
-3.74107142744758,40.5654761907137,0,0.96666664
-3.73809523697177,40.5654761907137,0,0.96666664
-3.73511904649596,40.5654761907137,0,1.00000000
-3.73214285602016,40.5654761907137,0,1.03333330
-3.72916666554435,40.5654761907137,0,1.06666672
-3.72619047506854,40.5654761907137,0,1.13333333
-3.72321428459274,40.5654761907137,0,1.20000005
-3.72023809411693,40.5654761907137,0,1.16666663
-3.71726190364112,40.5654761907137,0,1.06666672
-3.71428571316532,40.5654761907137,0,1.00000000
-3.71130952268951,40.5654761907137,0,1.10000002
-3.7083333322137,40.5654761907137,0,1.13333333
-3.7053571417379,40.5654761907137,0,1.10000002
-3.70238095126209,40.5654761907137,0,1.06666672
-3.69940476078628,40.5654761907137,0,1.06666672
-3.69642857031048,40.5654761907137,0,1.13333333
-3.69345237983467,40.5654761907137,0,1.16666663
-3.69047618935886,40.5654761907137,0,1.26666665
-3.68749999888306,40.5654761907137,0,1.23333335
-3.88392857028629,40.5625000002318,0,1.10000002
-3.88095237981048,40.5625000002318,0,1.26666665
-3.87797618933468,40.5625000002318,0,1.20000005
-3.87499999885887,40.5625000002318,0,1.29999995
-3.87202380838306,40.5625000002318,0,1.36666667
-3.86904761790726,40.5625000002318,0,1.36666667
-3.86607142743145,40.5625000002318,0,1.43333328
-3.86309523695564,40.5625000002318,0,1.50000000
-3.86011904647984,40.5625000002318,0,1.46666670
-3.85714285600403,40.5625000002318,0,1.50000000
-3.85416666552822,40.5625000002318,0,1.46666670
-3.85119047505242,40.5625000002318,0,1.39999998
-3.84821428457661,40.5625000002318,0,1.33333337
-3.84523809410081,40.5625000002318,0,1.29999995
-3.842261903625,40.5625000002318,0,1.29999995
-3.83928571314919,40.5625000002318,0,1.16666663
-3.83630952267339,40.5625000002318,0,1.16666663
-3.83333333219758,40.5625000002318,0,1.20000005
-3.83035714172177,40.5625000002318,0,1.26666665
-3.82738095124597,40.5625000002318,0,1.23333335
-3.82440476077016,40.5625000002318,0,1.23333335
-3.82142857029435,40.5625000002318,0,1.13333333
-3.81845237981855,40.5625000002318,0,1.03333330
-3.81547618934274,40.5625000002318,0,0.93333334
-3.81249999886693,40.5625000002318,0,1.00000000
-3.80952380839113,40.5625000002318,0,1.06666672
-3.80654761791532,40.5625000002318,0,1.03333330
-3.80357142743951,40.5625000002318,0,0.96666664
-3.80059523696371,40.5625000002318,0,0.76666665
-3.78571428458467,40.5625000002318,0,1.13333333
-3.78273809410887,40.5625000002318,0,1.26666665
-3.77976190363306,40.5625000002318,0,1.36666667
-3.77678571315725,40.5625000002318,0,1.36666667
-3.77380952268145,40.5625000002318,0,1.23333335
-3.77083333220564,40.5625000002318,0,1.10000002
-3.76785714172983,40.5625000002318,0,0.93333334
-3.76488095125403,40.5625000002318,0,0.93333334
-3.76190476077822,40.5625000002318,0,0.89999998
-3.75892857030242,40.5625000002318,0,0.89999998
-3.75595237982661,40.5625000002318,0,1.06666672
-3.7529761893508,40.5625000002318,0,1.16666663
-3.749999998875,40.5625000002318,0,1.20000005
-3.74702380839919,40.5625000002318,0,1.16666663
-3.74404761792338,40.5625000002318,0,1.13333333
-3.74107142744758,40.5625000002318,0,1.06666672
-3.73809523697177,40.5625000002318,0,1.06666672
-3.73511904649596,40.5625000002318,0,1.03333330
-3.73214285602016,40.5625000002318,0,1.10000002
-3.72916666554435,40.5625000002318,0,1.13333333
-3.72619047506854,40.5625000002318,0,1.10000002
-3.72321428459274,40.5625000002318,0,1.10000002
-3.72023809411693,40.5625000002318,0,1.03333330
-3.71726190364112,40.5625000002318,0,0.96666664
-3.71428571316532,40.5625000002318,0,0.89999998
-3.71130952268951,40.5625000002318,0,0.93333334
-3.7083333322137,40.5625000002318,0,1.03333330
-3.7053571417379,40.5625000002318,0,1.13333333
-3.70238095126209,40.5625000002318,0,1.16666663
-3.69940476078628,40.5625000002318,0,1.16666663
-3.69642857031048,40.5625000002318,0,1.03333330
-3.69345237983467,40.5625000002318,0,1.16666663
-3.69047618935886,40.5625000002318,0,1.10000002
-3.68749999888306,40.5625000002318,0,1.03333330
-3.87797618933468,40.55952380975,0,1.36666667
-3.87499999885887,40.55952380975,0,1.16666663
-3.87202380838306,40.55952380975,0,1.20000005
-3.86904761790726,40.55952380975,0,1.36666667
-3.86607142743145,40.55952380975,0,1.43333328
-3.86309523695564,40.55952380975,0,1.39999998
-3.86011904647984,40.55952380975,0,1.43333328
-3.85714285600403,40.55952380975,0,1.46666670
-3.85416666552822,40.55952380975,0,1.43333328
-3.85119047505242,40.55952380975,0,1.39999998
-3.84821428457661,40.55952380975,0,1.36666667
-3.84523809410081,40.55952380975,0,1.43333328
-3.842261903625,40.55952380975,0,1.46666670
-3.83928571314919,40.55952380975,0,1.29999995
-3.83630952267339,40.55952380975,0,1.29999995
-3.83333333219758,40.55952380975,0,1.33333337
-3.83035714172177,40.55952380975,0,1.43333328
-3.82738095124597,40.55952380975,0,1.39999998
-3.82440476077016,40.55952380975,0,1.26666665
-3.82142857029435,40.55952380975,0,1.16666663
-3.81845237981855,40.55952380975,0,1.16666663
-3.81547618934274,40.55952380975,0,1.10000002
-3.81249999886693,40.55952380975,0,1.10000002
-3.80952380839113,40.55952380975,0,1.13333333
-3.80654761791532,40.55952380975,0,1.16666663
-3.80357142743951,40.55952380975,0,1.13333333
-3.80059523696371,40.55952380975,0,1.00000000
-3.7976190464879,40.55952380975,0,0.96666664
-3.78273809410887,40.55952380975,0,1.23333335
-3.77976190363306,40.55952380975,0,1.33333337
-3.77678571315725,40.55952380975,0,1.26666665
-3.77380952268145,40.55952380975,0,1.00000000
-3.77083333220564,40.55952380975,0,0.86666667
-3.76785714172983,40.55952380975,0,0.80000001
-3.76488095125403,40.55952380975,0,0.93333334
-3.76190476077822,40.55952380975,0,1.03333330
-3.75892857030242,40.55952380975,0,1.03333330
-3.75595237982661,40.55952380975,0,1.13333333
-3.7529761893508,40.55952380975,0,1.23333335
-3.749999998875,40.55952380975,0,1.26666665
-3.74702380839919,40.55952380975,0,1.23333335
-3.74404761792338,40.55952380975,0,1.20000005
-3.74107142744758,40.55952380975,0,1.16666663
-3.73809523697177,40.55952380975,0,1.16666663
-3.73511904649596,40.55952380975,0,1.13333333
-3.73214285602016,40.55952380975,0,1.06666672
-3.72916666554435,40.55952380975,0,1.10000002
-3.72619047506854,40.55952380975,0,1.13333333
-3.72321428459274,40.55952380975,0,1.03333330
-3.72023809411693,40.55952380975,0,1.06666672
-3.71726190364112,40.55952380975,0,1.03333330
-3.71428571316532,40.55952380975,0,0.83333331
-3.71130952268951,40.55952380975,0,0.76666665
-3.7083333322137,40.55952380975,0,0.73333335
-3.7053571417379,40.55952380975,0,1.06666672
-3.70238095126209,40.55952380975,0,1.00000000
-3.69940476078628,40.55952380975,0,0.86666667
-3.69642857031048,40.55952380975,0,0.66666669
-3.69345237983467,40.55952380975,0,0.80000001
-3.69047618935886,40.55952380975,0,0.69999999
-3.68749999888306,40.55952380975,0,0.56666666
-3.68452380840725,40.55952380975,0,0.63333333
-3.87202380838306,40.5565476192682,0,1.29999995
-3.86904761790726,40.5565476192682,0,1.23333335
-3.86607142743145,40.5565476192682,0,1.33333337
-3.86309523695564,40.5565476192682,0,1.39999998
-3.86011904647984,40.5565476192682,0,1.36666667
-3.85714285600403,40.5565476192682,0,1.43333328
-3.85416666552822,40.5565476192682,0,1.46666670
-3.85119047505242,40.5565476192682,0,1.43333328
-3.84821428457661,40.5565476192682,0,1.39999998
-3.84523809410081,40.5565476192682,0,1.46666670
-3.842261903625,40.5565476192682,0,1.46666670
-3.83928571314919,40.5565476192682,0,1.36666667
-3.83630952267339,40.5565476192682,0,1.29999995
-3.83333333219758,40.5565476192682,0,1.33333337
-3.83035714172177,40.5565476192682,0,1.36666667
-3.82738095124597,40.5565476192682,0,1.29999995
-3.82440476077016,40.5565476192682,0,1.20000005
-3.82142857029435,40.5565476192682,0,1.13333333
-3.81845237981855,40.5565476192682,0,1.16666663
-3.81547618934274,40.5565476192682,0,1.26666665
-3.81249999886693,40.5565476192682,0,1.29999995
-3.80952380839113,40.5565476192682,0,1.23333335
-3.80654761791532,40.5565476192682,0,1.20000005
-3.80357142743951,40.5565476192682,0,1.20000005
-3.80059523696371,40.5565476192682,0,1.20000005
-3.7976190464879,40.5565476192682,0,1.03333330
-3.78273809410887,40.5565476192682,0,0.73333335
-3.77976190363306,40.5565476192682,0,0.89999998
-3.77678571315725,40.5565476192682,0,0.89999998
-3.77380952268145,40.5565476192682,0,0.86666667
-3.77083333220564,40.5565476192682,0,0.93333334
-3.76785714172983,40.5565476192682,0,1.00000000
-3.76488095125403,40.5565476192682,0,1.06666672
-3.76190476077822,40.5565476192682,0,1.13333333
-3.75892857030242,40.5565476192682,0,1.13333333
-3.75595237982661,40.5565476192682,0,1.10000002
-3.7529761893508,40.5565476192682,0,1.13333333
-3.749999998875,40.5565476192682,0,1.20000005
-3.74702380839919,40.5565476192682,0,1.20000005
-3.74404761792338,40.5565476192682,0,1.16666663
-3.74107142744758,40.5565476192682,0,1.20000005
-3.73809523697177,40.5565476192682,0,1.20000005
-3.73511904649596,40.5565476192682,0,1.10000002
-3.73214285602016,40.5565476192682,0,1.03333330
-3.72916666554435,40.5565476192682,0,1.06666672
-3.72619047506854,40.5565476192682,0,1.23333335
-3.72321428459274,40.5565476192682,0,1.20000005
-3.72023809411693,40.5565476192682,0,1.13333333
-3.71726190364112,40.5565476192682,0,1.20000005
-3.71428571316532,40.5565476192682,0,0.96666664
-3.71130952268951,40.5565476192682,0,0.63333333
-3.7083333322137,40.5565476192682,0,0.36666667
-3.7053571417379,40.5565476192682,0,0.50000000
-3.70238095126209,40.5565476192682,0,0.46666667
-3.69940476078628,40.5565476192682,0,0.60000002
-3.69642857031048,40.5565476192682,0,0.69999999
-3.69345237983467,40.5565476192682,0,0.76666665
-3.69047618935886,40.5565476192682,0,0.73333335
-3.68749999888306,40.5565476192682,0,0.53333336
-3.68452380840725,40.5565476192682,0,0.43333334
-3.68154761793144,40.5565476192682,0,0.36666667
-3.87202380838306,40.5535714287864,0,1.33333337
-3.86904761790726,40.5535714287864,0,1.20000005
-3.86607142743145,40.5535714287864,0,1.29999995
-3.86309523695564,40.5535714287864,0,1.39999998
-3.86011904647984,40.5535714287864,0,1.36666667
-3.85714285600403,40.5535714287864,0,1.33333337
-3.85416666552822,40.5535714287864,0,1.26666665
-3.85119047505242,40.5535714287864,0,1.36666667
-3.84821428457661,40.5535714287864,0,1.39999998
-3.84523809410081,40.5535714287864,0,1.29999995
-3.842261903625,40.5535714287864,0,1.29999995
-3.83928571314919,40.5535714287864,0,1.29999995
-3.83630952267339,40.5535714287864,0,1.29999995
-3.83333333219758,40.5535714287864,0,1.20000005
-3.83035714172177,40.5535714287864,0,1.16666663
-3.82738095124597,40.5535714287864,0,1.06666672
-3.82440476077016,40.5535714287864,0,1.10000002
-3.82142857029435,40.5535714287864,0,1.20000005
-3.81845237981855,40.5535714287864,0,1.23333335
-3.81547618934274,40.5535714287864,0,1.29999995
-3.81249999886693,40.5535714287864,0,1.36666667
-3.80952380839113,40.5535714287864,0,1.33333337
-3.80654761791532,40.5535714287864,0,1.26666665
-3.80357142743951,40.5535714287864,0,1.26666665
-3.80059523696371,40.5535714287864,0,1.20000005
-3.7976190464879,40.5535714287864,0,0.86666667
-3.78273809410887,40.5535714287864,0,0.93333334
-3.77976190363306,40.5535714287864,0,1.06666672
-3.77678571315725,40.5535714287864,0,1.10000002
-3.77380952268145,40.5535714287864,0,1.03333330
-3.77083333220564,40.5535714287864,0,0.93333334
-3.76785714172983,40.5535714287864,0,0.93333334
-3.76488095125403,40.5535714287864,0,0.96666664
-3.76190476077822,40.5535714287864,0,1.06666672
-3.75892857030242,40.5535714287864,0,1.16666663
-3.75595237982661,40.5535714287864,0,1.23333335
-3.7529761893508,40.5535714287864,0,1.20000005
-3.749999998875,40.5535714287864,0,1.13333333
-3.74702380839919,40.5535714287864,0,1.16666663
-3.74404761792338,40.5535714287864,0,1.13333333
-3.74107142744758,40.5535714287864,0,1.16666663
-3.73809523697177,40.5535714287864,0,1.20000005
-3.73511904649596,40.5535714287864,0,1.10000002
-3.73214285602016,40.5535714287864,0,1.03333330
-3.72916666554435,40.5535714287864,0,1.03333330
-3.72619047506854,40.5535714287864,0,1.13333333
-3.72321428459274,40.5535714287864,0,1.23333335
-3.72023809411693,40.5535714287864,0,1.26666665
-3.71726190364112,40.5535714287864,0,1.26666665
-3.71428571316532,40.5535714287864,0,1.23333335
-3.71130952268951,40.5535714287864,0,1.06666672
-3.7083333322137,40.5535714287864,0,1.00000000
-3.7053571417379,40.5535714287864,0,0.96666664
-3.70238095126209,40.5535714287864,0,0.53333336
-3.69940476078628,40.5535714287864,0,0.43333334
-3.69642857031048,40.5535714287864,0,0.60000002
-3.69345237983467,40.5535714287864,0,0.83333331
-3.69047618935886,40.5535714287864,0,0.93333334
-3.68749999888306,40.5535714287864,0,0.83333331
-3.68452380840725,40.5535714287864,0,0.73333335
-3.68154761793144,40.5535714287864,0,0.50000000
-3.86904761790726,40.5505952383046,0,1.20000005
-3.86607142743145,40.5505952383046,0,1.16666663
-3.86309523695564,40.5505952383046,0,1.26666665
-3.86011904647984,40.5505952383046,0,1.33333337
-3.85714285600403,40.5505952383046,0,1.36666667
-3.85416666552822,40.5505952383046,0,1.26666665
-3.85119047505242,40.5505952383046,0,1.26666665
-3.84821428457661,40.5505952383046,0,1.50000000
-3.84523809410081,40.5505952383046,0,1.43333328
-3.842261903625,40.5505952383046,0,1.33333337
-3.83928571314919,40.5505952383046,0,1.29999995
-3.83630952267339,40.5505952383046,0,1.26666665
-3.83333333219758,40.5505952383046,0,1.16666663
-3.83035714172177,40.5505952383046,0,1.10000002
-3.82738095124597,40.5505952383046,0,1.10000002
-3.82440476077016,40.5505952383046,0,1.20000005
-3.82142857029435,40.5505952383046,0,1.26666665
-3.81845237981855,40.5505952383046,0,1.29999995
-3.81547618934274,40.5505952383046,0,1.26666665
-3.81249999886693,40.5505952383046,0,1.29999995
-3.80952380839113,40.5505952383046,0,1.26666665
-3.80654761791532,40.5505952383046,0,1.23333335
-3.80357142743951,40.5505952383046,0,1.23333335
-3.80059523696371,40.5505952383046,0,1.20000005
-3.7976190464879,40.5505952383046,0,0.96666664
-3.77976190363306,40.5505952383046,0,1.13333333
-3.77678571315725,40.5505952383046,0,1.16666663
-3.77380952268145,40.5505952383046,0,1.13333333
-3.77083333220564,40.5505952383046,0,1.10000002
-3.76785714172983,40.5505952383046,0,1.06666672
-3.76488095125403,40.5505952383046,0,1.03333330
-3.76190476077822,40.5505952383046,0,1.00000000
-3.75892857030242,40.5505952383046,0,1.06666672
-3.75595237982661,40.5505952383046,0,1.16666663
-3.7529761893508,40.5505952383046,0,1.26666665
-3.749999998875,40.5505952383046,0,1.23333335
-3.74702380839919,40.5505952383046,0,1.16666663
-3.74404761792338,40.5505952383046,0,1.06666672
-3.74107142744758,40.5505952383046,0,1.03333330
-3.73809523697177,40.5505952383046,0,1.03333330
-3.73511904649596,40.5505952383046,0,1.06666672
-3.73214285602016,40.5505952383046,0,1.06666672
-3.72916666554435,40.5505952383046,0,1.10000002
-3.72619047506854,40.5505952383046,0,1.06666672
-3.72321428459274,40.5505952383046,0,1.00000000
-3.72023809411693,40.5505952383046,0,1.10000002
-3.71726190364112,40.5505952383046,0,1.26666665
-3.71428571316532,40.5505952383046,0,1.36666667
-3.71130952268951,40.5505952383046,0,1.20000005
-3.7083333322137,40.5505952383046,0,1.23333335
-3.7053571417379,40.5505952383046,0,1.23333335
-3.70238095126209,40.5505952383046,0,0.80000001
-3.69940476078628,40.5505952383046,0,0.53333336
-3.69642857031048,40.5505952383046,0,0.80000001
-3.69345237983467,40.5505952383046,0,0.83333331
-3.69047618935886,40.5505952383046,0,0.73333335
-3.68749999888306,40.5505952383046,0,1.00000000
-3.68452380840725,40.5505952383046,0,1.06666672
-3.68154761793144,40.5505952383046,0,0.93333334
-3.86904761790726,40.5476190478228,0,1.33333337
-3.86607142743145,40.5476190478228,0,1.20000005
-3.86309523695564,40.5476190478228,0,1.20000005
-3.86011904647984,40.5476190478228,0,1.36666667
-3.85714285600403,40.5476190478228,0,1.43333328
-3.85416666552822,40.5476190478228,0,1.46666670
-3.85119047505242,40.5476190478228,0,1.43333328
-3.84821428457661,40.5476190478228,0,1.36666667
-3.84523809410081,40.5476190478228,0,1.50000000
-3.842261903625,40.5476190478228,0,1.50000000
-3.83928571314919,40.5476190478228,0,1.43333328
-3.83630952267339,40.5476190478228,0,1.36666667
-3.83333333219758,40.5476190478228,0,1.33333337
-3.83035714172177,40.5476190478228,0,1.26666665
-3.82738095124597,40.5476190478228,0,1.33333337
-3.82440476077016,40.5476190478228,0,1.36666667
-3.82142857029435,40.5476190478228,0,1.33333337
-3.81845237981855,40.5476190478228,0,1.29999995
-3.81547618934274,40.5476190478228,0,1.29999995
-3.81249999886693,40.5476190478228,0,1.33333337
-3.80952380839113,40.5476190478228,0,1.33333337
-3.80654761791532,40.5476190478228,0,1.23333335
-3.80357142743951,40.5476190478228,0,1.20000005
-3.80059523696371,40.5476190478228,0,1.13333333
-3.7976190464879,40.5476190478228,0,0.93333334
-3.79464285601209,40.5476190478228,0,0.63333333
-3.77976190363306,40.5476190478228,0,0.96666664
-3.77678571315725,40.5476190478228,0,1.06666672
-3.77380952268145,40.5476190478228,0,1.10000002
-3.77083333220564,40.5476190478228,0,1.20000005
-3.76785714172983,40.5476190478228,0,1.16666663
-3.76488095125403,40.5476190478228,0,1.16666663
-3.76190476077822,40.5476190478228,0,1.13333333
-3.75892857030242,40.5476190478228,0,1.13333333
-3.75595237982661,40.5476190478228,0,1.10000002
-3.7529761893508,40.5476190478228,0,1.13333333
-3.749999998875,40.5476190478228,0,1.16666663
-3.74702380839919,40.5476190478228,0,1.13333333
-3.74404761792338,40.5476190478228,0,1.03333330
-3.74107142744758,40.5476190478228,0,1.03333330
-3.73809523697177,40.5476190478228,0,1.10000002
-3.73511904649596,40.5476190478228,0,1.10000002
-3.73214285602016,40.5476190478228,0,1.10000002
-3.72916666554435,40.5476190478228,0,1.10000002
-3.72619047506854,40.5476190478228,0,1.06666672
-3.72321428459274,40.5476190478228,0,1.03333330
-3.72023809411693,40.5476190478228,0,1.13333333
-3.71726190364112,40.5476190478228,0,1.29999995
-3.71428571316532,40.5476190478228,0,1.29999995
-3.71130952268951,40.5476190478228,0,1.16666663
-3.7083333322137,40.5476190478228,0,1.16666663
-3.7053571417379,40.5476190478228,0,1.10000002
-3.70238095126209,40.5476190478228,0,0.80000001
-3.69940476078628,40.5476190478228,0,0.53333336
-3.69642857031048,40.5476190478228,0,0.63333333
-3.69345237983467,40.5476190478228,0,0.69999999
-3.69047618935886,40.5476190478228,0,0.76666665
-3.68749999888306,40.5476190478228,0,1.00000000
-3.68452380840725,40.5476190478228,0,1.06666672
-3.68154761793144,40.5476190478228,0,1.16666663
-3.86607142743145,40.5446428573409,0,1.20000005
-3.86309523695564,40.5446428573409,0,1.16666663
-3.86011904647984,40.5446428573409,0,1.29999995
-3.85714285600403,40.5446428573409,0,1.46666670
-3.85416666552822,40.5446428573409,0,1.56666672
-3.85119047505242,40.5446428573409,0,1.50000000
-3.84821428457661,40.5446428573409,0,1.39999998
-3.84523809410081,40.5446428573409,0,1.39999998
-3.842261903625,40.5446428573409,0,1.43333328
-3.83928571314919,40.5446428573409,0,1.43333328
-3.83630952267339,40.5446428573409,0,1.39999998
-3.83333333219758,40.5446428573409,0,1.36666667
-3.83035714172177,40.5446428573409,0,1.29999995
-3.82738095124597,40.5446428573409,0,1.33333337
-3.82440476077016,40.5446428573409,0,1.36666667
-3.82142857029435,40.5446428573409,0,1.26666665
-3.81845237981855,40.5446428573409,0,1.26666665
-3.81547618934274,40.5446428573409,0,1.26666665
-3.81249999886693,40.5446428573409,0,1.29999995
-3.80952380839113,40.5446428573409,0,1.33333337
-3.80654761791532,40.5446428573409,0,1.36666667
-3.80357142743951,40.5446428573409,0,1.43333328
-3.80059523696371,40.5446428573409,0,1.39999998
-3.7976190464879,40.5446428573409,0,1.06666672
-3.79464285601209,40.5446428573409,0,0.93333334
-3.77976190363306,40.5446428573409,0,1.10000002
-3.77678571315725,40.5446428573409,0,1.10000002
-3.77380952268145,40.5446428573409,0,1.10000002
-3.77083333220564,40.5446428573409,0,1.13333333
-3.76785714172983,40.5446428573409,0,1.10000002
-3.76488095125403,40.5446428573409,0,1.10000002
-3.76190476077822,40.5446428573409,0,1.10000002
-3.75892857030242,40.5446428573409,0,1.16666663
-3.75595237982661,40.5446428573409,0,1.23333335
-3.7529761893508,40.5446428573409,0,1.23333335
-3.749999998875,40.5446428573409,0,1.16666663
-3.74702380839919,40.5446428573409,0,1.13333333
-3.74404761792338,40.5446428573409,0,1.10000002
-3.74107142744758,40.5446428573409,0,1.06666672
-3.73809523697177,40.5446428573409,0,1.06666672
-3.73511904649596,40.5446428573409,0,1.06666672
-3.73214285602016,40.5446428573409,0,1.03333330
-3.72916666554435,40.5446428573409,0,1.03333330
-3.72619047506854,40.5446428573409,0,1.13333333
-3.72321428459274,40.5446428573409,0,1.16666663
-3.72023809411693,40.5446428573409,0,1.26666665
-3.71726190364112,40.5446428573409,0,1.29999995
-3.71428571316532,40.5446428573409,0,1.23333335
-3.71130952268951,40.5446428573409,0,1.16666663
-3.7083333322137,40.5446428573409,0,1.13333333
-3.7053571417379,40.5446428573409,0,1.20000005
-3.70238095126209,40.5446428573409,0,1.00000000
-3.69940476078628,40.5446428573409,0,0.69999999
-3.69642857031048,40.5446428573409,0,0.66666669
-3.69345237983467,40.5446428573409,0,0.60000002
-3.69047618935886,40.5446428573409,0,0.73333335
-3.68749999888306,40.5446428573409,0,1.06666672
-3.68452380840725,40.5446428573409,0,1.06666672
-3.68154761793144,40.5446428573409,0,1.23333335
-3.67857142745564,40.5446428573409,0,1.46666670
-3.86607142743145,40.5416666668591,0,1.26666665
-3.86309523695564,40.5416666668591,0,1.23333335
-3.86011904647984,40.5416666668591,0,1.33333337
-3.85714285600403,40.5416666668591,0,1.39999998
-3.85416666552822,40.5416666668591,0,1.43333328
-3.85119047505242,40.5416666668591,0,1.39999998
-3.84821428457661,40.5416666668591,0,1.39999998
-3.84523809410081,40.5416666668591,0,1.39999998
-3.842261903625,40.5416666668591,0,1.39999998
-3.83928571314919,40.5416666668591,0,1.43333328
-3.83630952267339,40.5416666668591,0,1.39999998
-3.83333333219758,40.5416666668591,0,1.36666667
-3.83035714172177,40.5416666668591,0,1.36666667
-3.82738095124597,40.5416666668591,0,1.33333337
-3.82440476077016,40.5416666668591,0,1.26666665
-3.82142857029435,40.5416666668591,0,1.26666665
-3.81845237981855,40.5416666668591,0,1.29999995
-3.81547618934274,40.5416666668591,0,1.29999995
-3.81249999886693,40.5416666668591,0,1.39999998
-3.80952380839113,40.5416666668591,0,1.39999998
-3.80654761791532,40.5416666668591,0,1.50000000
-3.80357142743951,40.5416666668591,0,1.53333330
-3.80059523696371,40.5416666668591,0,1.50000000
-3.7976190464879,40.5416666668591,0,1.33333337
-3.79464285601209,40.5416666668591,0,1.10000002
-3.78273809410887,40.5416666668591,0,1.13333333
-3.77976190363306,40.5416666668591,0,1.20000005
-3.77678571315725,40.5416666668591,0,1.16666663
-3.77380952268145,40.5416666668591,0,1.10000002
-3.77083333220564,40.5416666668591,0,1.16666663
-3.76785714172983,40.5416666668591,0,1.13333333
-3.76488095125403,40.5416666668591,0,1.13333333
-3.76190476077822,40.5416666668591,0,1.06666672
-3.75892857030242,40.5416666668591,0,1.10000002
-3.75595237982661,40.5416666668591,0,1.20000005
-3.7529761893508,40.5416666668591,0,1.16666663
-3.749999998875,40.5416666668591,0,1.00000000
-3.74702380839919,40.5416666668591,0,1.03333330
-3.74404761792338,40.5416666668591,0,1.06666672
-3.74107142744758,40.5416666668591,0,1.03333330
-3.73809523697177,40.5416666668591,0,1.06666672
-3.73511904649596,40.5416666668591,0,1.13333333
-3.73214285602016,40.5416666668591,0,1.16666663
-3.72916666554435,40.5416666668591,0,1.20000005
-3.72619047506854,40.5416666668591,0,1.23333335
-3.72321428459274,40.5416666668591,0,1.26666665
-3.72023809411693,40.5416666668591,0,1.23333335
-3.71726190364112,40.5416666668591,0,1.16666663
-3.71428571316532,40.5416666668591,0,1.10000002
-3.71130952268951,40.5416666668591,0,1.10000002
-3.7083333322137,40.5416666668591,0,1.03333330
-3.7053571417379,40.5416666668591,0,1.03333330
-3.70238095126209,40.5416666668591,0,1.06666672
-3.69940476078628,40.5416666668591,0,0.93333334
-3.69642857031048,40.5416666668591,0,0.76666665
-3.69345237983467,40.5416666668591,0,0.69999999
-3.69047618935886,40.5416666668591,0,0.86666667
-3.68749999888306,40.5416666668591,0,1.36666667
-3.68452380840725,40.5416666668591,0,1.46666670
-3.68154761793144,40.5416666668591,0,1.50000000
-3.67857142745564,40.5416666668591,0,1.53333330
-3.86309523695564,40.5386904763773,0,1.23333335
-3.86011904647984,40.5386904763773,0,1.20000005
-3.85714285600403,40.5386904763773,0,1.33333337
-3.85416666552822,40.5386904763773,0,1.39999998
-3.85119047505242,40.5386904763773,0,1.39999998
-3.84821428457661,40.5386904763773,0,1.46666670
-3.84523809410081,40.5386904763773,0,1.43333328
-3.842261903625,40.5386904763773,0,1.39999998
-3.83928571314919,40.5386904763773,0,1.39999998
-3.83630952267339,40.5386904763773,0,1.43333328
-3.83333333219758,40.5386904763773,0,1.39999998
-3.83035714172177,40.5386904763773,0,1.36666667
-3.82738095124597,40.5386904763773,0,1.36666667
-3.82440476077016,40.5386904763773,0,1.36666667
-3.82142857029435,40.5386904763773,0,1.29999995
-3.81845237981855,40.5386904763773,0,1.23333335
-3.81547618934274,40.5386904763773,0,1.26666665
-3.81249999886693,40.5386904763773,0,1.39999998
-3.80952380839113,40.5386904763773,0,1.43333328
-3.80654761791532,40.5386904763773,0,1.46666670
-3.80357142743951,40.5386904763773,0,1.50000000
-3.80059523696371,40.5386904763773,0,1.46666670
-3.7976190464879,40.5386904763773,0,1.36666667
-3.79464285601209,40.5386904763773,0,1.13333333
-3.78869047506048,40.5386904763773,0,0.69999999
-3.78571428458467,40.5386904763773,0,0.89999998
-3.78273809410887,40.5386904763773,0,1.20000005
-3.77976190363306,40.5386904763773,0,1.33333337
-3.77678571315725,40.5386904763773,0,1.33333337
-3.77380952268145,40.5386904763773,0,1.23333335
-3.77083333220564,40.5386904763773,0,1.20000005
-3.76785714172983,40.5386904763773,0,1.16666663
-3.76488095125403,40.5386904763773,0,1.13333333
-3.76190476077822,40.5386904763773,0,1.10000002
-3.75892857030242,40.5386904763773,0,1.13333333
-3.75595237982661,40.5386904763773,0,1.13333333
-3.7529761893508,40.5386904763773,0,1.13333333
-3.749999998875,40.5386904763773,0,1.16666663
-3.74702380839919,40.5386904763773,0,1.13333333
-3.74404761792338,40.5386904763773,0,1.06666672
-3.74107142744758,40.5386904763773,0,1.00000000
-3.73809523697177,40.5386904763773,0,1.03333330
-3.73511904649596,40.5386904763773,0,1.16666663
-3.73214285602016,40.5386904763773,0,1.16666663
-3.72916666554435,40.5386904763773,0,1.16666663
-3.72619047506854,40.5386904763773,0,1.06666672
-3.72321428459274,40.5386904763773,0,1.10000002
-3.72023809411693,40.5386904763773,0,1.13333333
-3.71726190364112,40.5386904763773,0,1.16666663
-3.71428571316532,40.5386904763773,0,1.23333335
-3.71130952268951,40.5386904763773,0,1.10000002
-3.7083333322137,40.5386904763773,0,1.06666672
-3.7053571417379,40.5386904763773,0,0.89999998
-3.70238095126209,40.5386904763773,0,1.00000000
-3.69940476078628,40.5386904763773,0,1.16666663
-3.69642857031048,40.5386904763773,0,1.00000000
-3.69345237983467,40.5386904763773,0,1.29999995
-3.69047618935886,40.5386904763773,0,1.76666665
-3.68749999888306,40.5386904763773,0,1.86666667
-3.68452380840725,40.5386904763773,0,1.76666665
-3.68154761793144,40.5386904763773,0,1.60000002
-3.67857142745564,40.5386904763773,0,1.70000005
-3.67559523697983,40.5386904763773,0,1.53333330
-3.86309523695564,40.5357142858955,0,1.23333335
-3.86011904647984,40.5357142858955,0,1.16666663
-3.85714285600403,40.5357142858955,0,1.23333335
-3.85416666552822,40.5357142858955,0,1.29999995
-3.85119047505242,40.5357142858955,0,1.36666667
-3.84821428457661,40.5357142858955,0,1.36666667
-3.84523809410081,40.5357142858955,0,1.36666667
-3.842261903625,40.5357142858955,0,1.39999998
-3.83928571314919,40.5357142858955,0,1.36666667
-3.83630952267339,40.5357142858955,0,1.33333337
-3.83333333219758,40.5357142858955,0,1.39999998
-3.83035714172177,40.5357142858955,0,1.39999998
-3.82738095124597,40.5357142858955,0,1.39999998
-3.82440476077016,40.5357142858955,0,1.36666667
-3.82142857029435,40.5357142858955,0,1.33333337
-3.81845237981855,40.5357142858955,0,1.26666665
-3.81547618934274,40.5357142858955,0,1.33333337
-3.81249999886693,40.5357142858955,0,1.36666667
-3.80952380839113,40.5357142858955,0,1.39999998
-3.80654761791532,40.5357142858955,0,1.50000000
-3.80357142743951,40.5357142858955,0,1.53333330
-3.80059523696371,40.5357142858955,0,1.50000000
-3.7976190464879,40.5357142858955,0,1.46666670
-3.79464285601209,40.5357142858955,0,1.39999998
-3.79166666553629,40.5357142858955,0,1.23333335
-3.78869047506048,40.5357142858955,0,1.23333335
-3.78571428458467,40.5357142858955,0,1.10000002
-3.78273809410887,40.5357142858955,0,1.26666665
-3.77976190363306,40.5357142858955,0,1.66666663
-3.77678571315725,40.5357142858955,0,1.86666667
-3.77380952268145,40.5357142858955,0,1.56666672
-3.77083333220564,40.5357142858955,0,1.20000005
-3.76785714172983,40.5357142858955,0,1.20000005
-3.76488095125403,40.5357142858955,0,1.20000005
-3.76190476077822,40.5357142858955,0,1.26666665
-3.75892857030242,40.5357142858955,0,1.26666665
-3.75595237982661,40.5357142858955,0,1.16666663
-3.7529761893508,40.5357142858955,0,1.13333333
-3.749999998875,40.5357142858955,0,1.13333333
-3.74702380839919,40.5357142858955,0,1.23333335
-3.74404761792338,40.5357142858955,0,1.20000005
-3.74107142744758,40.5357142858955,0,1.03333330
-3.73809523697177,40.5357142858955,0,1.00000000
-3.73511904649596,40.5357142858955,0,1.00000000
-3.73214285602016,40.5357142858955,0,1.10000002
-3.72916666554435,40.5357142858955,0,1.16666663
-3.72619047506854,40.5357142858955,0,1.13333333
-3.72321428459274,40.5357142858955,0,1.16666663
-3.72023809411693,40.5357142858955,0,1.29999995
-3.71726190364112,40.5357142858955,0,1.29999995
-3.71428571316532,40.5357142858955,0,1.29999995
-3.71130952268951,40.5357142858955,0,1.23333335
-3.7083333322137,40.5357142858955,0,1.16666663
-3.7053571417379,40.5357142858955,0,1.20000005
-3.70238095126209,40.5357142858955,0,1.16666663
-3.69940476078628,40.5357142858955,0,1.10000002
-3.69642857031048,40.5357142858955,0,1.16666663
-3.69345237983467,40.5357142858955,0,1.50000000
-3.69047618935886,40.5357142858955,0,1.83333337
-3.68749999888306,40.5357142858955,0,1.93333328
-3.68452380840725,40.5357142858955,0,1.89999998
-3.68154761793144,40.5357142858955,0,1.60000002
-3.67857142745564,40.5357142858955,0,1.70000005
-3.67559523697983,40.5357142858955,0,1.73333335
-3.67261904650403,40.5357142858955,0,1.53333330
-3.86011904647984,40.5327380954137,0,1.20000005
-3.85714285600403,40.5327380954137,0,1.20000005
-3.85416666552822,40.5327380954137,0,1.26666665
-3.85119047505242,40.5327380954137,0,1.29999995
-3.84821428457661,40.5327380954137,0,1.33333337
-3.84523809410081,40.5327380954137,0,1.39999998
-3.842261903625,40.5327380954137,0,1.39999998
-3.83928571314919,40.5327380954137,0,1.36666667
-3.83630952267339,40.5327380954137,0,1.39999998
-3.83333333219758,40.5327380954137,0,1.46666670
-3.83035714172177,40.5327380954137,0,1.46666670
-3.82738095124597,40.5327380954137,0,1.43333328
-3.82440476077016,40.5327380954137,0,1.39999998
-3.82142857029435,40.5327380954137,0,1.36666667
-3.81845237981855,40.5327380954137,0,1.33333337
-3.81547618934274,40.5327380954137,0,1.33333337
-3.81249999886693,40.5327380954137,0,1.33333337
-3.80952380839113,40.5327380954137,0,1.33333337
-3.80654761791532,40.5327380954137,0,1.39999998
-3.80357142743951,40.5327380954137,0,1.46666670
-3.80059523696371,40.5327380954137,0,1.53333330
-3.7976190464879,40.5327380954137,0,1.50000000
-3.79464285601209,40.5327380954137,0,1.39999998
-3.79166666553629,40.5327380954137,0,1.36666667
-3.78869047506048,40.5327380954137,0,1.56666672
-3.78571428458467,40.5327380954137,0,1.50000000
-3.78273809410887,40.5327380954137,0,1.23333335
-3.77976190363306,40.5327380954137,0,1.36666667
-3.77678571315725,40.5327380954137,0,1.89999998
-3.77380952268145,40.5327380954137,0,1.73333335
-3.77083333220564,40.5327380954137,0,1.16666663
-3.76785714172983,40.5327380954137,0,1.06666672
-3.76488095125403,40.5327380954137,0,1.10000002
-3.76190476077822,40.5327380954137,0,1.16666663
-3.75892857030242,40.5327380954137,0,1.26666665
-3.75595237982661,40.5327380954137,0,1.29999995
-3.7529761893508,40.5327380954137,0,1.16666663
-3.749999998875,40.5327380954137,0,1.13333333
-3.74702380839919,40.5327380954137,0,1.10000002
-3.74404761792338,40.5327380954137,0,1.06666672
-3.74107142744758,40.5327380954137,0,1.00000000
-3.73809523697177,40.5327380954137,0,1.03333330
-3.73511904649596,40.5327380954137,0,1.13333333
-3.73214285602016,40.5327380954137,0,1.13333333
-3.72916666554435,40.5327380954137,0,1.29999995
-3.72619047506854,40.5327380954137,0,1.36666667
-3.72321428459274,40.5327380954137,0,1.26666665
-3.72023809411693,40.5327380954137,0,1.23333335
-3.71726190364112,40.5327380954137,0,1.20000005
-3.71428571316532,40.5327380954137,0,1.06666672
-3.71130952268951,40.5327380954137,0,0.69999999
-3.7083333322137,40.5327380954137,0,0.76666665
-3.7053571417379,40.5327380954137,0,0.73333335
-3.70238095126209,40.5327380954137,0,0.83333331
-3.69940476078628,40.5327380954137,0,0.83333331
-3.69642857031048,40.5327380954137,0,0.83333331
-3.69345237983467,40.5327380954137,0,1.03333330
-3.69047618935886,40.5327380954137,0,1.16666663
-3.68749999888306,40.5327380954137,0,1.50000000
-3.68452380840725,40.5327380954137,0,1.66666663
-3.68154761793144,40.5327380954137,0,1.60000002
-3.67857142745564,40.5327380954137,0,1.63333333
-3.67559523697983,40.5327380954137,0,1.86666667
-3.67261904650403,40.5327380954137,0,1.70000005
-3.85714285600403,40.5297619049319,0,1.20000005
-3.85416666552822,40.5297619049319,0,1.26666665
-3.85119047505242,40.5297619049319,0,1.23333335
-3.84821428457661,40.5297619049319,0,1.33333337
-3.84523809410081,40.5297619049319,0,1.39999998
-3.842261903625,40.5297619049319,0,1.39999998
-3.83928571314919,40.5297619049319,0,1.39999998
-3.83630952267339,40.5297619049319,0,1.39999998
-3.83333333219758,40.5297619049319,0,1.53333330
-3.83035714172177,40.5297619049319,0,1.56666672
-3.82738095124597,40.5297619049319,0,1.43333328
-3.82440476077016,40.5297619049319,0,1.39999998
-3.82142857029435,40.5297619049319,0,1.43333328
-3.81845237981855,40.5297619049319,0,1.46666670
-3.81547618934274,40.5297619049319,0,1.39999998
-3.81249999886693,40.5297619049319,0,1.39999998
-3.80952380839113,40.5297619049319,0,1.43333328
-3.80654761791532,40.5297619049319,0,1.43333328
-3.80357142743951,40.5297619049319,0,1.46666670
-3.80059523696371,40.5297619049319,0,1.50000000
-3.7976190464879,40.5297619049319,0,1.50000000
-3.79464285601209,40.5297619049319,0,1.43333328
-3.79166666553629,40.5297619049319,0,1.33333337
-3.78869047506048,40.5297619049319,0,1.39999998
-3.78571428458467,40.5297619049319,0,1.33333337
-3.78273809410887,40.5297619049319,0,1.13333333
-3.77976190363306,40.5297619049319,0,1.20000005
-3.77678571315725,40.5297619049319,0,1.79999995
-3.77380952268145,40.5297619049319,0,1.60000002
-3.77083333220564,40.5297619049319,0,1.23333335
-3.76785714172983,40.5297619049319,0,1.10000002
-3.76488095125403,40.5297619049319,0,1.06666672
-3.76190476077822,40.5297619049319,0,1.06666672
-3.75892857030242,40.5297619049319,0,1.13333333
-3.75595237982661,40.5297619049319,0,1.16666663
-3.7529761893508,40.5297619049319,0,1.10000002
-3.749999998875,40.5297619049319,0,1.10000002
-3.74702380839919,40.5297619049319,0,1.00000000
-3.74404761792338,40.5297619049319,0,0.96666664
-3.74107142744758,40.5297619049319,0,1.03333330
-3.73809523697177,40.5297619049319,0,1.16666663
-3.73511904649596,40.5297619049319,0,1.29999995
-3.73214285602016,40.5297619049319,0,1.33333337
-3.72916666554435,40.5297619049319,0,1.36666667
-3.72619047506854,40.5297619049319,0,1.36666667
-3.72321428459274,40.5297619049319,0,1.13333333
-3.72023809411693,40.5297619049319,0,0.93333334
-3.71726190364112,40.5297619049319,0,0.89999998
-3.71428571316532,40.5297619049319,0,0.69999999
-3.71130952268951,40.5297619049319,0,0.50000000
-3.7083333322137,40.5297619049319,0,0.56666666
-3.7053571417379,40.5297619049319,0,0.63333333
-3.70238095126209,40.5297619049319,0,0.63333333
-3.69940476078628,40.5297619049319,0,0.56666666
-3.69642857031048,40.5297619049319,0,0.50000000
-3.69345237983467,40.5297619049319,0,0.56666666
-3.69047618935886,40.5297619049319,0,0.60000002
-3.68749999888306,40.5297619049319,0,0.80000001
-3.68452380840725,40.5297619049319,0,1.29999995
-3.68154761793144,40.5297619049319,0,1.46666670
-3.67857142745564,40.5297619049319,0,1.56666672
-3.67559523697983,40.5297619049319,0,1.83333337
-3.85416666552822,40.52678571445,0,1.23333335
-3.85119047505242,40.52678571445,0,1.13333333
-3.84821428457661,40.52678571445,0,1.20000005
-3.84523809410081,40.52678571445,0,1.33333337
-3.842261903625,40.52678571445,0,1.39999998
-3.83928571314919,40.52678571445,0,1.36666667
-3.83630952267339,40.52678571445,0,1.36666667
-3.83333333219758,40.52678571445,0,1.46666670
-3.83035714172177,40.52678571445,0,1.50000000
-3.82738095124597,40.52678571445,0,1.46666670
-3.82440476077016,40.52678571445,0,1.43333328
-3.82142857029435,40.52678571445,0,1.43333328
-3.81845237981855,40.52678571445,0,1.50000000
-3.81547618934274,40.52678571445,0,1.46666670
-3.81249999886693,40.52678571445,0,1.43333328
-3.80952380839113,40.52678571445,0,1.46666670
-3.80654761791532,40.52678571445,0,1.43333328
-3.80357142743951,40.52678571445,0,1.43333328
-3.80059523696371,40.52678571445,0,1.36666667
-3.7976190464879,40.52678571445,0,1.36666667
-3.79464285601209,40.52678571445,0,1.39999998
-3.79166666553629,40.52678571445,0,1.43333328
-3.78869047506048,40.52678571445,0,1.33333337
-3.78571428458467,40.52678571445,0,1.20000005
-3.78273809410887,40.52678571445,0,0.96666664
-3.77976190363306,40.52678571445,0,0.80000001
-3.77678571315725,40.52678571445,0,1.43333328
-3.77380952268145,40.52678571445,0,1.76666665
-3.77083333220564,40.52678571445,0,1.39999998
-3.76785714172983,40.52678571445,0,1.16666663
-3.76488095125403,40.52678571445,0,1.03333330
-3.76190476077822,40.52678571445,0,1.00000000
-3.75892857030242,40.52678571445,0,1.00000000
-3.75595237982661,40.52678571445,0,1.03333330
-3.7529761893508,40.52678571445,0,1.00000000
-3.749999998875,40.52678571445,0,1.03333330
-3.74702380839919,40.52678571445,0,1.10000002
-3.74404761792338,40.52678571445,0,1.20000005
-3.74107142744758,40.52678571445,0,1.29999995
-3.73809523697177,40.52678571445,0,1.29999995
-3.73511904649596,40.52678571445,0,1.29999995
-3.73214285602016,40.52678571445,0,1.33333337
-3.72916666554435,40.52678571445,0,1.36666667
-3.72619047506854,40.52678571445,0,1.23333335
-3.72321428459274,40.52678571445,0,0.96666664
-3.72023809411693,40.52678571445,0,0.60000002
-3.71726190364112,40.52678571445,0,0.66666669
-3.71428571316532,40.52678571445,0,0.80000001
-3.71130952268951,40.52678571445,0,0.73333335
-3.7083333322137,40.52678571445,0,0.50000000
-3.7053571417379,40.52678571445,0,0.36666667
-3.70238095126209,40.52678571445,0,0.33333334
-3.69940476078628,40.52678571445,0,0.40000001
-3.69642857031048,40.52678571445,0,0.56666666
-3.69345237983467,40.52678571445,0,0.63333333
-3.69047618935886,40.52678571445,0,0.63333333
-3.68749999888306,40.52678571445,0,0.69999999
-3.68452380840725,40.52678571445,0,1.16666663
-3.68154761793144,40.52678571445,0,1.46666670
-3.67857142745564,40.52678571445,0,1.60000002
-3.85119047505242,40.5238095239682,0,1.10000002
-3.84821428457661,40.5238095239682,0,1.23333335
-3.84523809410081,40.5238095239682,0,1.29999995
-3.842261903625,40.5238095239682,0,1.33333337
-3.83928571314919,40.5238095239682,0,1.36666667
-3.83630952267339,40.5238095239682,0,1.36666667
-3.83333333219758,40.5238095239682,0,1.36666667
-3.83035714172177,40.5238095239682,0,1.46666670
-3.82738095124597,40.5238095239682,0,1.46666670
-3.82440476077016,40.5238095239682,0,1.39999998
-3.82142857029435,40.5238095239682,0,1.39999998
-3.81845237981855,40.5238095239682,0,1.43333328
-3.81547618934274,40.5238095239682,0,1.46666670
-3.81249999886693,40.5238095239682,0,1.39999998
-3.80952380839113,40.5238095239682,0,1.33333337
-3.80654761791532,40.5238095239682,0,1.39999998
-3.80357142743951,40.5238095239682,0,1.39999998
-3.80059523696371,40.5238095239682,0,1.50000000
-3.7976190464879,40.5238095239682,0,1.53333330
-3.79464285601209,40.5238095239682,0,1.70000005
-3.79166666553629,40.5238095239682,0,1.93333328
-3.78869047506048,40.5238095239682,0,1.73333335
-3.78571428458467,40.5238095239682,0,1.50000000
-3.78273809410887,40.5238095239682,0,1.16666663
-3.77976190363306,40.5238095239682,0,0.83333331
-3.77678571315725,40.5238095239682,0,0.80000001
-3.77380952268145,40.5238095239682,0,1.46666670
-3.77083333220564,40.5238095239682,0,1.60000002
-3.76785714172983,40.5238095239682,0,1.29999995
-3.76488095125403,40.5238095239682,0,1.10000002
-3.76190476077822,40.5238095239682,0,1.03333330
-3.75892857030242,40.5238095239682,0,0.93333334
-3.75595237982661,40.5238095239682,0,0.96666664
-3.7529761893508,40.5238095239682,0,0.96666664
-3.749999998875,40.5238095239682,0,1.06666672
-3.74702380839919,40.5238095239682,0,1.13333333
-3.74404761792338,40.5238095239682,0,1.20000005
-3.74107142744758,40.5238095239682,0,1.26666665
-3.73809523697177,40.5238095239682,0,1.33333337
-3.73511904649596,40.5238095239682,0,1.36666667
-3.73214285602016,40.5238095239682,0,1.33333337
-3.72916666554435,40.5238095239682,0,1.26666665
-3.72619047506854,40.5238095239682,0,1.29999995
-3.72321428459274,40.5238095239682,0,1.10000002
-3.72023809411693,40.5238095239682,0,0.80000001
-3.71726190364112,40.5238095239682,0,0.63333333
-3.71428571316532,40.5238095239682,0,0.89999998
-3.71130952268951,40.5238095239682,0,0.89999998
-3.7083333322137,40.5238095239682,0,0.66666669
-3.7053571417379,40.5238095239682,0,0.66666669
-3.70238095126209,40.5238095239682,0,0.76666665
-3.69940476078628,40.5238095239682,0,0.73333335
-3.69642857031048,40.5238095239682,0,0.80000001
-3.69345237983467,40.5238095239682,0,0.69999999
-3.69047618935886,40.5238095239682,0,0.66666669
-3.68749999888306,40.5238095239682,0,0.63333333
-3.68452380840725,40.5238095239682,0,0.80000001
-3.68154761793144,40.5238095239682,0,1.00000000
-3.67857142745564,40.5238095239682,0,1.23333335
-3.67559523697983,40.5238095239682,0,1.36666667
-3.67261904650403,40.5238095239682,0,1.23333335
-3.66964285602822,40.5238095239682,0,1.20000005
-3.66666666555241,40.5238095239682,0,1.13333333
-3.85119047505242,40.5208333334864,0,1.10000002
-3.84821428457661,40.5208333334864,0,1.13333333
-3.84523809410081,40.5208333334864,0,1.16666663
-3.842261903625,40.5208333334864,0,1.33333337
-3.83928571314919,40.5208333334864,0,1.43333328
-3.83630952267339,40.5208333334864,0,1.36666667
-3.83333333219758,40.5208333334864,0,1.29999995
-3.83035714172177,40.5208333334864,0,1.39999998
-3.82738095124597,40.5208333334864,0,1.39999998
-3.82440476077016,40.5208333334864,0,1.39999998
-3.82142857029435,40.5208333334864,0,1.33333337
-3.81845237981855,40.5208333334864,0,1.36666667
-3.81547618934274,40.5208333334864,0,1.43333328
-3.81249999886693,40.5208333334864,0,1.46666670
-3.80952380839113,40.5208333334864,0,1.46666670
-3.80654761791532,40.5208333334864,0,1.46666670
-3.80357142743951,40.5208333334864,0,1.50000000
-3.80059523696371,40.5208333334864,0,1.50000000
-3.7976190464879,40.5208333334864,0,1.39999998
-3.79464285601209,40.5208333334864,0,1.39999998
-3.79166666553629,40.5208333334864,0,1.63333333
-3.78869047506048,40.5208333334864,0,1.83333337
-3.78571428458467,40.5208333334864,0,1.83333337
-3.78273809410887,40.5208333334864,0,1.50000000
-3.77976190363306,40.5208333334864,0,1.06666672
-3.77678571315725,40.5208333334864,0,0.73333335
-3.77380952268145,40.5208333334864,0,1.13333333
-3.77083333220564,40.5208333334864,0,1.66666663
-3.76785714172983,40.5208333334864,0,1.66666663
-3.76488095125403,40.5208333334864,0,1.39999998
-3.76190476077822,40.5208333334864,0,1.29999995
-3.75892857030242,40.5208333334864,0,1.06666672
-3.75595237982661,40.5208333334864,0,0.96666664
-3.7529761893508,40.5208333334864,0,1.03333330
-3.749999998875,40.5208333334864,0,1.20000005
-3.74702380839919,40.5208333334864,0,1.29999995
-3.74404761792338,40.5208333334864,0,1.36666667
-3.74107142744758,40.5208333334864,0,1.29999995
-3.73809523697177,40.5208333334864,0,1.23333335
-3.73511904649596,40.5208333334864,0,1.23333335
-3.73214285602016,40.5208333334864,0,1.29999995
-3.72916666554435,40.5208333334864,0,1.29999995
-3.72619047506854,40.5208333334864,0,1.33333337
-3.72321428459274,40.5208333334864,0,1.33333337
-3.72023809411693,40.5208333334864,0,1.20000005
-3.71726190364112,40.5208333334864,0,1.06666672
-3.71428571316532,40.5208333334864,0,1.00000000
-3.71130952268951,40.5208333334864,0,0.89999998
-3.7083333322137,40.5208333334864,0,0.86666667
-3.7053571417379,40.5208333334864,0,1.03333330
-3.70238095126209,40.5208333334864,0,1.13333333
-3.69940476078628,40.5208333334864,0,1.29999995
-3.69642857031048,40.5208333334864,0,1.23333335
-3.69345237983467,40.5208333334864,0,0.93333334
-3.69047618935886,40.5208333334864,0,0.73333335
-3.68749999888306,40.5208333334864,0,0.63333333
-3.68452380840725,40.5208333334864,0,0.63333333
-3.68154761793144,40.5208333334864,0,0.86666667
-3.67857142745564,40.5208333334864,0,0.93333334
-3.67559523697983,40.5208333334864,0,0.96666664
-3.67261904650403,40.5208333334864,0,0.86666667
-3.66964285602822,40.5208333334864,0,0.80000001
-3.66666666555241,40.5208333334864,0,0.66666669
-3.85119047505242,40.5178571430046,0,1.26666665
-3.84821428457661,40.5178571430046,0,1.20000005
-3.84523809410081,40.5178571430046,0,1.20000005
-3.842261903625,40.5178571430046,0,1.26666665
-3.83928571314919,40.5178571430046,0,1.33333337
-3.83630952267339,40.5178571430046,0,1.36666667
-3.83333333219758,40.5178571430046,0,1.33333337
-3.83035714172177,40.5178571430046,0,1.36666667
-3.82738095124597,40.5178571430046,0,1.36666667
-3.82440476077016,40.5178571430046,0,1.33333337
-3.82142857029435,40.5178571430046,0,1.29999995
-3.81845237981855,40.5178571430046,0,1.39999998
-3.81547618934274,40.5178571430046,0,1.46666670
-3.81249999886693,40.5178571430046,0,1.53333330
-3.80952380839113,40.5178571430046,0,1.53333330
-3.80654761791532,40.5178571430046,0,1.56666672
-3.80357142743951,40.5178571430046,0,1.53333330
-3.80059523696371,40.5178571430046,0,1.53333330
-3.7976190464879,40.5178571430046,0,1.50000000
-3.79464285601209,40.5178571430046,0,1.39999998
-3.79166666553629,40.5178571430046,0,1.43333328
-3.78869047506048,40.5178571430046,0,1.60000002
-3.78571428458467,40.5178571430046,0,1.76666665
-3.78273809410887,40.5178571430046,0,1.73333335
-3.77976190363306,40.5178571430046,0,1.20000005
-3.77678571315725,40.5178571430046,0,0.80000001
-3.77380952268145,40.5178571430046,0,0.69999999
-3.77083333220564,40.5178571430046,0,1.13333333
-3.76785714172983,40.5178571430046,0,1.43333328
-3.76488095125403,40.5178571430046,0,1.39999998
-3.76190476077822,40.5178571430046,0,1.20000005
-3.75892857030242,40.5178571430046,0,1.16666663
-3.75595237982661,40.5178571430046,0,1.16666663
-3.7529761893508,40.5178571430046,0,1.16666663
-3.749999998875,40.5178571430046,0,1.16666663
-3.74702380839919,40.5178571430046,0,1.29999995
-3.74404761792338,40.5178571430046,0,1.43333328
-3.74107142744758,40.5178571430046,0,1.43333328
-3.73809523697177,40.5178571430046,0,1.33333337
-3.73511904649596,40.5178571430046,0,1.23333335
-3.73214285602016,40.5178571430046,0,1.26666665
-3.72916666554435,40.5178571430046,0,1.43333328
-3.72619047506854,40.5178571430046,0,1.46666670
-3.72321428459274,40.5178571430046,0,1.36666667
-3.72023809411693,40.5178571430046,0,1.23333335
-3.71726190364112,40.5178571430046,0,1.10000002
-3.71428571316532,40.5178571430046,0,1.00000000
-3.71130952268951,40.5178571430046,0,0.89999998
-3.7083333322137,40.5178571430046,0,0.96666664
-3.7053571417379,40.5178571430046,0,1.16666663
-3.70238095126209,40.5178571430046,0,1.13333333
-3.69940476078628,40.5178571430046,0,1.29999995
-3.69642857031048,40.5178571430046,0,1.26666665
-3.69345237983467,40.5178571430046,0,1.06666672
-3.69047618935886,40.5178571430046,0,1.03333330
-3.68749999888306,40.5178571430046,0,0.89999998
-3.68452380840725,40.5178571430046,0,0.69999999
-3.68154761793144,40.5178571430046,0,0.83333331
-3.67857142745564,40.5178571430046,0,0.76666665
-3.67559523697983,40.5178571430046,0,0.63333333
-3.67261904650403,40.5178571430046,0,0.50000000
-3.66964285602822,40.5178571430046,0,0.40000001
-3.66666666555241,40.5178571430046,0,0.50000000
-3.66369047507661,40.5178571430046,0,0.40000001
-3.85119047505242,40.5148809525228,0,1.33333337
-3.84821428457661,40.5148809525228,0,1.26666665
-3.84523809410081,40.5148809525228,0,1.20000005
-3.842261903625,40.5148809525228,0,1.23333335
-3.83928571314919,40.5148809525228,0,1.26666665
-3.83630952267339,40.5148809525228,0,1.29999995
-3.83333333219758,40.5148809525228,0,1.29999995
-3.83035714172177,40.5148809525228,0,1.29999995
-3.82738095124597,40.5148809525228,0,1.26666665
-3.82440476077016,40.5148809525228,0,1.26666665
-3.82142857029435,40.5148809525228,0,1.29999995
-3.81845237981855,40.5148809525228,0,1.43333328
-3.81547618934274,40.5148809525228,0,1.50000000
-3.81249999886693,40.5148809525228,0,1.53333330
-3.80952380839113,40.5148809525228,0,1.60000002
-3.80654761791532,40.5148809525228,0,1.56666672
-3.80357142743951,40.5148809525228,0,1.53333330
-3.80059523696371,40.5148809525228,0,1.46666670
-3.7976190464879,40.5148809525228,0,1.46666670
-3.79464285601209,40.5148809525228,0,1.39999998
-3.79166666553629,40.5148809525228,0,1.46666670
-3.78869047506048,40.5148809525228,0,1.60000002
-3.78571428458467,40.5148809525228,0,1.79999995
-3.78273809410887,40.5148809525228,0,1.96666670
-3.77976190363306,40.5148809525228,0,1.60000002
-3.77678571315725,40.5148809525228,0,1.26666665
-3.77380952268145,40.5148809525228,0,0.76666665
-3.77083333220564,40.5148809525228,0,0.43333334
-3.76785714172983,40.5148809525228,0,0.86666667
-3.76488095125403,40.5148809525228,0,1.10000002
-3.76190476077822,40.5148809525228,0,1.10000002
-3.75892857030242,40.5148809525228,0,1.20000005
-3.75595237982661,40.5148809525228,0,1.26666665
-3.7529761893508,40.5148809525228,0,1.33333337
-3.749999998875,40.5148809525228,0,1.33333337
-3.74702380839919,40.5148809525228,0,1.29999995
-3.74404761792338,40.5148809525228,0,1.26666665
-3.74107142744758,40.5148809525228,0,1.23333335
-3.73809523697177,40.5148809525228,0,1.13333333
-3.73511904649596,40.5148809525228,0,1.06666672
-3.73214285602016,40.5148809525228,0,1.16666663
-3.72916666554435,40.5148809525228,0,1.26666665
-3.72619047506854,40.5148809525228,0,1.06666672
-3.72321428459274,40.5148809525228,0,0.96666664
-3.72023809411693,40.5148809525228,0,0.93333334
-3.71726190364112,40.5148809525228,0,1.13333333
-3.71428571316532,40.5148809525228,0,1.06666672
-3.71130952268951,40.5148809525228,0,1.13333333
-3.7083333322137,40.5148809525228,0,1.16666663
-3.7053571417379,40.5148809525228,0,1.20000005
-3.70238095126209,40.5148809525228,0,1.13333333
-3.69940476078628,40.5148809525228,0,0.86666667
-3.69642857031048,40.5148809525228,0,0.86666667
-3.69345237983467,40.5148809525228,0,0.93333334
-3.69047618935886,40.5148809525228,0,1.13333333
-3.68749999888306,40.5148809525228,0,0.89999998
-3.68452380840725,40.5148809525228,0,0.53333336
-3.68154761793144,40.5148809525228,0,0.36666667
-3.67857142745564,40.5148809525228,0,0.60000002
-3.67559523697983,40.5148809525228,0,0.53333336
-3.67261904650403,40.5148809525228,0,0.36666667
-3.66964285602822,40.5148809525228,0,0.40000001
-3.66666666555241,40.5148809525228,0,0.46666667
-3.66369047507661,40.5148809525228,0,0.26666668
-3.6607142846008,40.5148809525228,0,0.50000000
-3.85119047505242,40.5119047620409,0,1.23333335
-3.84821428457661,40.5119047620409,0,1.26666665
-3.84523809410081,40.5119047620409,0,1.20000005
-3.842261903625,40.5119047620409,0,1.16666663
-3.83928571314919,40.5119047620409,0,1.23333335
-3.83630952267339,40.5119047620409,0,1.20000005
-3.83333333219758,40.5119047620409,0,1.16666663
-3.83035714172177,40.5119047620409,0,1.20000005
-3.82738095124597,40.5119047620409,0,1.20000005
-3.82440476077016,40.5119047620409,0,1.23333335
-3.82142857029435,40.5119047620409,0,1.29999995
-3.81845237981855,40.5119047620409,0,1.39999998
-3.81547618934274,40.5119047620409,0,1.50000000
-3.81249999886693,40.5119047620409,0,1.46666670
-3.80952380839113,40.5119047620409,0,1.50000000
-3.80654761791532,40.5119047620409,0,1.46666670
-3.80357142743951,40.5119047620409,0,1.46666670
-3.80059523696371,40.5119047620409,0,1.43333328
-3.7976190464879,40.5119047620409,0,1.43333328
-3.79464285601209,40.5119047620409,0,1.43333328
-3.79166666553629,40.5119047620409,0,1.43333328
-3.78869047506048,40.5119047620409,0,1.50000000
-3.78571428458467,40.5119047620409,0,1.53333330
-3.78273809410887,40.5119047620409,0,1.66666663
-3.77976190363306,40.5119047620409,0,1.60000002
-3.77678571315725,40.5119047620409,0,1.36666667
-3.77380952268145,40.5119047620409,0,1.13333333
-3.77083333220564,40.5119047620409,0,1.00000000
-3.76785714172983,40.5119047620409,0,1.20000005
-3.76488095125403,40.5119047620409,0,1.23333335
-3.76190476077822,40.5119047620409,0,1.20000005
-3.75892857030242,40.5119047620409,0,1.16666663
-3.75595237982661,40.5119047620409,0,1.10000002
-3.7529761893508,40.5119047620409,0,1.10000002
-3.749999998875,40.5119047620409,0,1.23333335
-3.74702380839919,40.5119047620409,0,1.26666665
-3.74404761792338,40.5119047620409,0,1.20000005
-3.74107142744758,40.5119047620409,0,1.13333333
-3.73809523697177,40.5119047620409,0,1.03333330
-3.73511904649596,40.5119047620409,0,0.93333334
-3.73214285602016,40.5119047620409,0,0.93333334
-3.72916666554435,40.5119047620409,0,1.13333333
-3.72619047506854,40.5119047620409,0,1.00000000
-3.72321428459274,40.5119047620409,0,0.93333334
-3.72023809411693,40.5119047620409,0,1.06666672
-3.71726190364112,40.5119047620409,0,1.29999995
-3.71428571316532,40.5119047620409,0,1.39999998
-3.71130952268951,40.5119047620409,0,1.39999998
-3.7083333322137,40.5119047620409,0,1.20000005
-3.7053571417379,40.5119047620409,0,0.83333331
-3.70238095126209,40.5119047620409,0,0.86666667
-3.69940476078628,40.5119047620409,0,0.80000001
-3.69642857031048,40.5119047620409,0,0.43333334
-3.69345237983467,40.5119047620409,0,0.43333334
-3.69047618935886,40.5119047620409,0,0.56666666
-3.68749999888306,40.5119047620409,0,0.60000002
-3.68452380840725,40.5119047620409,0,0.50000000
-3.68154761793144,40.5119047620409,0,0.16666667
-3.67857142745564,40.5119047620409,0,0.16666667
-3.67559523697983,40.5119047620409,0,0.26666668
-3.67261904650403,40.5119047620409,0,0.26666668
-3.66964285602822,40.5119047620409,0,0.26666668
-3.66666666555241,40.5119047620409,0,0.26666668
-3.66369047507661,40.5119047620409,0,0.30000001
-3.6607142846008,40.5119047620409,0,0.36666667
-3.65773809412499,40.5119047620409,0,0.40000001
-3.65476190364919,40.5119047620409,0,0.60000002
-3.5714285703266,40.5119047620409,0,1.13333333
-3.5684523798508,40.5119047620409,0,1.16666663
-3.56547618937499,40.5119047620409,0,0.96666664
-3.56249999889918,40.5119047620409,0,1.26666665
-3.55952380842338,40.5119047620409,0,1.20000005
-3.84523809410081,40.5089285715591,0,1.20000005
-3.842261903625,40.5089285715591,0,1.10000002
-3.83928571314919,40.5089285715591,0,1.03333330
-3.83630952267339,40.5089285715591,0,1.00000000
-3.83333333219758,40.5089285715591,0,1.00000000
-3.83035714172177,40.5089285715591,0,1.03333330
-3.82738095124597,40.5089285715591,0,1.10000002
-3.82440476077016,40.5089285715591,0,1.13333333
-3.82142857029435,40.5089285715591,0,1.26666665
-3.81845237981855,40.5089285715591,0,1.39999998
-3.81547618934274,40.5089285715591,0,1.39999998
-3.81249999886693,40.5089285715591,0,1.39999998
-3.80952380839113,40.5089285715591,0,1.46666670
-3.80654761791532,40.5089285715591,0,1.50000000
-3.80357142743951,40.5089285715591,0,1.50000000
-3.80059523696371,40.5089285715591,0,1.43333328
-3.7976190464879,40.5089285715591,0,1.29999995
-3.79464285601209,40.5089285715591,0,1.26666665
-3.79166666553629,40.5089285715591,0,1.26666665
-3.78869047506048,40.5089285715591,0,1.33333337
-3.78571428458467,40.5089285715591,0,1.46666670
-3.78273809410887,40.5089285715591,0,1.50000000
-3.77976190363306,40.5089285715591,0,1.50000000
-3.77678571315725,40.5089285715591,0,1.43333328
-3.77380952268145,40.5089285715591,0,1.36666667
-3.77083333220564,40.5089285715591,0,1.43333328
-3.76785714172983,40.5089285715591,0,1.39999998
-3.76488095125403,40.5089285715591,0,1.26666665
-3.76190476077822,40.5089285715591,0,1.23333335
-3.75892857030242,40.5089285715591,0,1.20000005
-3.75595237982661,40.5089285715591,0,1.16666663
-3.7529761893508,40.5089285715591,0,1.16666663
-3.749999998875,40.5089285715591,0,1.10000002
-3.74702380839919,40.5089285715591,0,1.13333333
-3.74404761792338,40.5089285715591,0,1.16666663
-3.74107142744758,40.5089285715591,0,1.20000005
-3.73809523697177,40.5089285715591,0,1.23333335
-3.73511904649596,40.5089285715591,0,1.33333337
-3.73214285602016,40.5089285715591,0,1.33333337
-3.72916666554435,40.5089285715591,0,1.06666672
-3.72619047506854,40.5089285715591,0,0.96666664
-3.72321428459274,40.5089285715591,0,1.00000000
-3.72023809411693,40.5089285715591,0,1.39999998
-3.71726190364112,40.5089285715591,0,1.36666667
-3.71428571316532,40.5089285715591,0,1.13333333
-3.71130952268951,40.5089285715591,0,0.93333334
-3.7083333322137,40.5089285715591,0,0.80000001
-3.7053571417379,40.5089285715591,0,0.53333336
-3.70238095126209,40.5089285715591,0,0.50000000
-3.69940476078628,40.5089285715591,0,0.56666666
-3.69642857031048,40.5089285715591,0,0.30000001
-3.69345237983467,40.5089285715591,0,0.26666668
-3.69047618935886,40.5089285715591,0,0.53333336
-3.68749999888306,40.5089285715591,0,0.63333333
-3.68452380840725,40.5089285715591,0,0.46666667
-3.68154761793144,40.5089285715591,0,0.23333333
-3.67857142745564,40.5089285715591,0,0.33333334
-3.67559523697983,40.5089285715591,0,0.40000001
-3.67261904650403,40.5089285715591,0,0.46666667
-3.66964285602822,40.5089285715591,0,0.26666668
-3.66666666555241,40.5089285715591,0,0.26666668
-3.66369047507661,40.5089285715591,0,0.40000001
-3.6607142846008,40.5089285715591,0,0.53333336
-3.65773809412499,40.5089285715591,0,0.53333336
-3.65476190364919,40.5089285715591,0,0.60000002
-3.65178571317338,40.5089285715591,0,0.73333335
-3.64880952269757,40.5089285715591,0,0.93333334
-3.62797618936693,40.5089285715591,0,1.23333335
-3.62499999889112,40.5089285715591,0,1.06666672
-3.62202380841531,40.5089285715591,0,0.46666667
-3.61904761793951,40.5089285715591,0,0.20000000
-3.6160714274637,40.5089285715591,0,0.20000000
-3.61309523698789,40.5089285715591,0,0.26666668
-3.57738095127822,40.5089285715591,0,0.73333335
-3.57440476080241,40.5089285715591,0,0.76666665
-3.5714285703266,40.5089285715591,0,1.03333330
-3.5684523798508,40.5089285715591,0,0.96666664
-3.56547618937499,40.5089285715591,0,0.69999999
-3.56249999889918,40.5089285715591,0,0.93333334
-3.55952380842338,40.5089285715591,0,1.03333330
-3.55654761794757,40.5089285715591,0,1.29999995
-3.83630952267339,40.5059523810773,0,1.16666663
-3.83333333219758,40.5059523810773,0,1.20000005
-3.83035714172177,40.5059523810773,0,1.06666672
-3.82738095124597,40.5059523810773,0,1.10000002
-3.82440476077016,40.5059523810773,0,1.13333333
-3.82142857029435,40.5059523810773,0,1.16666663
-3.81845237981855,40.5059523810773,0,1.23333335
-3.81547618934274,40.5059523810773,0,1.26666665
-3.81249999886693,40.5059523810773,0,1.26666665
-3.80952380839113,40.5059523810773,0,1.39999998
-3.80654761791532,40.5059523810773,0,1.46666670
-3.80357142743951,40.5059523810773,0,1.50000000
-3.80059523696371,40.5059523810773,0,1.50000000
-3.7976190464879,40.5059523810773,0,1.43333328
-3.79464285601209,40.5059523810773,0,1.33333337
-3.79166666553629,40.5059523810773,0,1.29999995
-3.78869047506048,40.5059523810773,0,1.29999995
-3.78571428458467,40.5059523810773,0,1.39999998
-3.78273809410887,40.5059523810773,0,1.43333328
-3.77976190363306,40.5059523810773,0,1.39999998
-3.77678571315725,40.5059523810773,0,1.39999998
-3.77380952268145,40.5059523810773,0,1.36666667
-3.77083333220564,40.5059523810773,0,1.39999998
-3.76785714172983,40.5059523810773,0,1.36666667
-3.76488095125403,40.5059523810773,0,1.20000005
-3.76190476077822,40.5059523810773,0,1.26666665
-3.75892857030242,40.5059523810773,0,1.20000005
-3.75595237982661,40.5059523810773,0,1.20000005
-3.7529761893508,40.5059523810773,0,1.16666663
-3.749999998875,40.5059523810773,0,1.20000005
-3.74702380839919,40.5059523810773,0,1.20000005
-3.74404761792338,40.5059523810773,0,1.16666663
-3.74107142744758,40.5059523810773,0,1.33333337
-3.73809523697177,40.5059523810773,0,1.33333337
-3.73511904649596,40.5059523810773,0,1.46666670
-3.73214285602016,40.5059523810773,0,1.36666667
-3.72916666554435,40.5059523810773,0,1.26666665
-3.72619047506854,40.5059523810773,0,1.06666672
-3.72321428459274,40.5059523810773,0,0.86666667
-3.72023809411693,40.5059523810773,0,1.06666672
-3.71726190364112,40.5059523810773,0,1.00000000
-3.71428571316532,40.5059523810773,0,0.69999999
-3.71130952268951,40.5059523810773,0,0.63333333
-3.7083333322137,40.5059523810773,0,0.53333336
-3.7053571417379,40.5059523810773,0,0.30000001
-3.70238095126209,40.5059523810773,0,0.30000001
-3.69940476078628,40.5059523810773,0,0.30000001
-3.69642857031048,40.5059523810773,0,0.30000001
-3.69345237983467,40.5059523810773,0,0.36666667
-3.69047618935886,40.5059523810773,0,0.60000002
-3.68749999888306,40.5059523810773,0,0.60000002
-3.68452380840725,40.5059523810773,0,0.63333333
-3.68154761793144,40.5059523810773,0,0.30000001
-3.67857142745564,40.5059523810773,0,0.40000001
-3.67559523697983,40.5059523810773,0,0.50000000
-3.67261904650403,40.5059523810773,0,0.30000001
-3.66964285602822,40.5059523810773,0,0.23333333
-3.66666666555241,40.5059523810773,0,0.26666668
-3.66369047507661,40.5059523810773,0,0.30000001
-3.6607142846008,40.5059523810773,0,0.33333334
-3.65773809412499,40.5059523810773,0,0.46666667
-3.65476190364919,40.5059523810773,0,0.60000002
-3.65178571317338,40.5059523810773,0,0.66666669
-3.64880952269757,40.5059523810773,0,0.76666665
-3.64583333222177,40.5059523810773,0,0.83333331
-3.64285714174596,40.5059523810773,0,0.96666664
-3.63988095127015,40.5059523810773,0,0.73333335
-3.63690476079435,40.5059523810773,0,0.63333333
-3.63392857031854,40.5059523810773,0,0.80000001
-3.63095237984273,40.5059523810773,0,1.33333337
-3.62797618936693,40.5059523810773,0,1.60000002
-3.62499999889112,40.5059523810773,0,1.06666672
-3.62202380841531,40.5059523810773,0,0.60000002
-3.61904761793951,40.5059523810773,0,0.43333334
-3.6160714274637,40.5059523810773,0,0.26666668
-3.61309523698789,40.5059523810773,0,0.10000000
-3.61011904651209,40.5059523810773,0,0.13333334
-3.60714285603628,40.5059523810773,0,0.16666667
-3.58333333222983,40.5059523810773,0,1.06666672
-3.58035714175402,40.5059523810773,0,0.93333334
-3.57738095127822,40.5059523810773,0,0.86666667
-3.57440476080241,40.5059523810773,0,0.83333331
-3.5714285703266,40.5059523810773,0,1.10000002
-3.5684523798508,40.5059523810773,0,1.13333333
-3.56547618937499,40.5059523810773,0,1.13333333
-3.56249999889918,40.5059523810773,0,1.03333330
-3.55952380842338,40.5059523810773,0,1.06666672
-3.55654761794757,40.5059523810773,0,1.29999995
-3.83630952267339,40.5029761905955,0,1.43333328
-3.83333333219758,40.5029761905955,0,1.39999998
-3.83035714172177,40.5029761905955,0,1.39999998
-3.82738095124597,40.5029761905955,0,1.33333337
-3.82440476077016,40.5029761905955,0,1.33333337
-3.82142857029435,40.5029761905955,0,1.33333337
-3.81845237981855,40.5029761905955,0,1.29999995
-3.81547618934274,40.5029761905955,0,1.29999995
-3.81249999886693,40.5029761905955,0,1.33333337
-3.80952380839113,40.5029761905955,0,1.36666667
-3.80654761791532,40.5029761905955,0,1.33333337
-3.80357142743951,40.5029761905955,0,1.33333337
-3.80059523696371,40.5029761905955,0,1.36666667
-3.7976190464879,40.5029761905955,0,1.46666670
-3.79464285601209,40.5029761905955,0,1.39999998
-3.79166666553629,40.5029761905955,0,1.39999998
-3.78869047506048,40.5029761905955,0,1.33333337
-3.78571428458467,40.5029761905955,0,1.33333337
-3.78273809410887,40.5029761905955,0,1.33333337
-3.77976190363306,40.5029761905955,0,1.33333337
-3.77678571315725,40.5029761905955,0,1.36666667
-3.77380952268145,40.5029761905955,0,1.29999995
-3.77083333220564,40.5029761905955,0,1.20000005
-3.76785714172983,40.5029761905955,0,1.20000005
-3.76488095125403,40.5029761905955,0,1.06666672
-3.76190476077822,40.5029761905955,0,1.13333333
-3.75892857030242,40.5029761905955,0,1.13333333
-3.75595237982661,40.5029761905955,0,1.13333333
-3.7529761893508,40.5029761905955,0,1.13333333
-3.749999998875,40.5029761905955,0,1.13333333
-3.74702380839919,40.5029761905955,0,1.20000005
-3.74404761792338,40.5029761905955,0,1.29999995
-3.74107142744758,40.5029761905955,0,1.29999995
-3.73809523697177,40.5029761905955,0,1.26666665
-3.73511904649596,40.5029761905955,0,1.20000005
-3.73214285602016,40.5029761905955,0,1.20000005
-3.72916666554435,40.5029761905955,0,1.29999995
-3.72619047506854,40.5029761905955,0,1.20000005
-3.72321428459274,40.5029761905955,0,1.03333330
-3.72023809411693,40.5029761905955,0,0.93333334
-3.71726190364112,40.5029761905955,0,0.80000001
-3.71428571316532,40.5029761905955,0,0.63333333
-3.71130952268951,40.5029761905955,0,0.46666667
-3.7083333322137,40.5029761905955,0,0.36666667
-3.7053571417379,40.5029761905955,0,0.30000001
-3.70238095126209,40.5029761905955,0,0.30000001
-3.69940476078628,40.5029761905955,0,0.36666667
-3.69642857031048,40.5029761905955,0,0.60000002
-3.69345237983467,40.5029761905955,0,0.56666666
-3.69047618935886,40.5029761905955,0,0.43333334
-3.68749999888306,40.5029761905955,0,0.63333333
-3.68452380840725,40.5029761905955,0,0.89999998
-3.68154761793144,40.5029761905955,0,0.40000001
-3.67857142745564,40.5029761905955,0,0.33333334
-3.67559523697983,40.5029761905955,0,0.33333334
-3.67261904650403,40.5029761905955,0,0.30000001
-3.66964285602822,40.5029761905955,0,0.30000001
-3.66666666555241,40.5029761905955,0,0.33333334
-3.66369047507661,40.5029761905955,0,0.33333334
-3.6607142846008,40.5029761905955,0,0.36666667
-3.65773809412499,40.5029761905955,0,0.46666667
-3.65476190364919,40.5029761905955,0,0.66666669
-3.65178571317338,40.5029761905955,0,0.73333335
-3.64880952269757,40.5029761905955,0,0.66666669
-3.64583333222177,40.5029761905955,0,0.89999998
-3.64285714174596,40.5029761905955,0,1.10000002
-3.63988095127015,40.5029761905955,0,0.83333331
-3.63690476079435,40.5029761905955,0,0.63333333
-3.63392857031854,40.5029761905955,0,0.73333335
-3.63095237984273,40.5029761905955,0,1.46666670
-3.62797618936693,40.5029761905955,0,1.60000002
-3.62499999889112,40.5029761905955,0,1.50000000
-3.62202380841531,40.5029761905955,0,1.46666670
-3.61904761793951,40.5029761905955,0,1.56666672
-3.6160714274637,40.5029761905955,0,1.10000002
-3.61309523698789,40.5029761905955,0,0.36666667
-3.61011904651209,40.5029761905955,0,0.20000000
-3.60714285603628,40.5029761905955,0,0.30000001
-3.60416666556047,40.5029761905955,0,0.50000000
-3.58928571318144,40.5029761905955,0,0.73333335
-3.58630952270564,40.5029761905955,0,0.63333333
-3.58333333222983,40.5029761905955,0,0.73333335
-3.58035714175402,40.5029761905955,0,0.80000001
-3.57738095127822,40.5029761905955,0,0.83333331
-3.57440476080241,40.5029761905955,0,0.73333335
-3.5714285703266,40.5029761905955,0,0.83333331
-3.5684523798508,40.5029761905955,0,0.86666667
-3.56547618937499,40.5029761905955,0,0.96666664
-3.56249999889918,40.5029761905955,0,0.86666667
-3.55952380842338,40.5029761905955,0,0.83333331
-3.55654761794757,40.5029761905955,0,1.26666665
-3.83630952267339,40.5000000001137,0,1.50000000
-3.83333333219758,40.5000000001137,0,1.46666670
-3.83035714172177,40.5000000001137,0,1.43333328
-3.82738095124597,40.5000000001137,0,1.43333328
-3.82440476077016,40.5000000001137,0,1.53333330
-3.82142857029435,40.5000000001137,0,1.50000000
-3.81845237981855,40.5000000001137,0,1.50000000
-3.81547618934274,40.5000000001137,0,1.39999998
-3.81249999886693,40.5000000001137,0,1.36666667
-3.80952380839113,40.5000000001137,0,1.43333328
-3.80654761791532,40.5000000001137,0,1.53333330
-3.80357142743951,40.5000000001137,0,1.50000000
-3.80059523696371,40.5000000001137,0,1.50000000
-3.7976190464879,40.5000000001137,0,1.43333328
-3.79464285601209,40.5000000001137,0,1.39999998
-3.79166666553629,40.5000000001137,0,1.36666667
-3.78869047506048,40.5000000001137,0,1.39999998
-3.78571428458467,40.5000000001137,0,1.43333328
-3.78273809410887,40.5000000001137,0,1.39999998
-3.77976190363306,40.5000000001137,0,1.39999998
-3.77678571315725,40.5000000001137,0,1.39999998
-3.77380952268145,40.5000000001137,0,1.36666667
-3.77083333220564,40.5000000001137,0,1.23333335
-3.76785714172983,40.5000000001137,0,1.16666663
-3.76488095125403,40.5000000001137,0,1.03333330
-3.76190476077822,40.5000000001137,0,1.03333330
-3.75892857030242,40.5000000001137,0,0.89999998
-3.75595237982661,40.5000000001137,0,0.86666667
-3.7529761893508,40.5000000001137,0,0.93333334
-3.749999998875,40.5000000001137,0,1.03333330
-3.74702380839919,40.5000000001137,0,1.10000002
-3.74404761792338,40.5000000001137,0,1.20000005
-3.74107142744758,40.5000000001137,0,1.23333335
-3.73809523697177,40.5000000001137,0,1.23333335
-3.73511904649596,40.5000000001137,0,1.26666665
-3.73214285602016,40.5000000001137,0,1.23333335
-3.72916666554435,40.5000000001137,0,1.23333335
-3.72619047506854,40.5000000001137,0,1.16666663
-3.72321428459274,40.5000000001137,0,0.93333334
-3.72023809411693,40.5000000001137,0,0.73333335
-3.71726190364112,40.5000000001137,0,0.60000002
-3.71428571316532,40.5000000001137,0,0.36666667
-3.71130952268951,40.5000000001137,0,0.33333334
-3.7083333322137,40.5000000001137,0,0.46666667
-3.7053571417379,40.5000000001137,0,0.63333333
-3.70238095126209,40.5000000001137,0,0.73333335
-3.69940476078628,40.5000000001137,0,0.93333334
-3.69642857031048,40.5000000001137,0,1.03333330
-3.69345237983467,40.5000000001137,0,0.66666669
-3.69047618935886,40.5000000001137,0,0.40000001
-3.68749999888306,40.5000000001137,0,0.80000001
-3.68452380840725,40.5000000001137,0,0.96666664
-3.68154761793144,40.5000000001137,0,0.33333334
-3.67857142745564,40.5000000001137,0,0.23333333
-3.67559523697983,40.5000000001137,0,0.30000001
-3.67261904650403,40.5000000001137,0,0.26666668
-3.66964285602822,40.5000000001137,0,0.36666667
-3.66666666555241,40.5000000001137,0,0.33333334
-3.66369047507661,40.5000000001137,0,0.30000001
-3.6607142846008,40.5000000001137,0,0.33333334
-3.65773809412499,40.5000000001137,0,0.33333334
-3.65476190364919,40.5000000001137,0,0.30000001
-3.65178571317338,40.5000000001137,0,0.43333334
-3.64880952269757,40.5000000001137,0,0.53333336
-3.64583333222177,40.5000000001137,0,0.63333333
-3.64285714174596,40.5000000001137,0,0.69999999
-3.63988095127015,40.5000000001137,0,0.76666665
-3.63690476079435,40.5000000001137,0,0.73333335
-3.63392857031854,40.5000000001137,0,0.80000001
-3.63095237984273,40.5000000001137,0,1.03333330
-3.62797618936693,40.5000000001137,0,0.83333331
-3.62499999889112,40.5000000001137,0,1.26666665
-3.62202380841531,40.5000000001137,0,1.26666665
-3.61904761793951,40.5000000001137,0,1.13333333
-3.6160714274637,40.5000000001137,0,0.60000002
-3.61309523698789,40.5000000001137,0,0.53333336
-3.61011904651209,40.5000000001137,0,0.30000001
-3.60714285603628,40.5000000001137,0,0.26666668
-3.60416666556047,40.5000000001137,0,0.46666667
-3.60119047508467,40.5000000001137,0,0.63333333
-3.59821428460886,40.5000000001137,0,0.43333334
-3.59523809413305,40.5000000001137,0,0.30000001
-3.59226190365725,40.5000000001137,0,0.20000000
-3.58928571318144,40.5000000001137,0,0.16666667
-3.58630952270564,40.5000000001137,0,0.26666668
-3.58333333222983,40.5000000001137,0,0.40000001
-3.58035714175402,40.5000000001137,0,0.63333333
-3.57738095127822,40.5000000001137,0,0.83333331
-3.57440476080241,40.5000000001137,0,0.53333336
-3.5714285703266,40.5000000001137,0,0.30000001
-3.5684523798508,40.5000000001137,0,0.13333334
-3.56547618937499,40.5000000001137,0,0.20000000
-3.56249999889918,40.5000000001137,0,0.16666667
-3.55952380842338,40.5000000001137,0,0.53333336
-3.55654761794757,40.5000000001137,0,1.29999995
-3.55357142747176,40.5000000001137,0,1.26666665
-3.83630952267339,40.4970238096319,0,1.46666670
-3.83333333219758,40.4970238096319,0,1.50000000
-3.83035714172177,40.4970238096319,0,1.46666670
-3.82738095124597,40.4970238096319,0,1.43333328
-3.82440476077016,40.4970238096319,0,1.50000000
-3.82142857029435,40.4970238096319,0,1.56666672
-3.81845237981855,40.4970238096319,0,1.63333333
-3.81547618934274,40.4970238096319,0,1.70000005
-3.81249999886693,40.4970238096319,0,1.63333333
-3.80952380839113,40.4970238096319,0,1.60000002
-3.80654761791532,40.4970238096319,0,1.50000000
-3.80357142743951,40.4970238096319,0,1.56666672
-3.80059523696371,40.4970238096319,0,1.56666672
-3.7976190464879,40.4970238096319,0,1.46666670
-3.79464285601209,40.4970238096319,0,1.39999998
-3.79166666553629,40.4970238096319,0,1.43333328
-3.78869047506048,40.4970238096319,0,1.36666667
-3.78571428458467,40.4970238096319,0,1.36666667
-3.78273809410887,40.4970238096319,0,1.43333328
-3.77976190363306,40.4970238096319,0,1.39999998
-3.77678571315725,40.4970238096319,0,1.39999998
-3.77380952268145,40.4970238096319,0,1.29999995
-3.77083333220564,40.4970238096319,0,1.20000005
-3.76785714172983,40.4970238096319,0,1.16666663
-3.76488095125403,40.4970238096319,0,1.06666672
-3.76190476077822,40.4970238096319,0,0.89999998
-3.75892857030242,40.4970238096319,0,0.86666667
-3.75595237982661,40.4970238096319,0,0.86666667
-3.7529761893508,40.4970238096319,0,0.86666667
-3.749999998875,40.4970238096319,0,0.96666664
-3.74702380839919,40.4970238096319,0,1.06666672
-3.74404761792338,40.4970238096319,0,1.16666663
-3.74107142744758,40.4970238096319,0,1.20000005
-3.73809523697177,40.4970238096319,0,1.16666663
-3.73511904649596,40.4970238096319,0,1.16666663
-3.73214285602016,40.4970238096319,0,1.20000005
-3.72916666554435,40.4970238096319,0,1.29999995
-3.72619047506854,40.4970238096319,0,1.00000000
-3.72321428459274,40.4970238096319,0,0.63333333
-3.72023809411693,40.4970238096319,0,0.50000000
-3.71726190364112,40.4970238096319,0,0.50000000
-3.71428571316532,40.4970238096319,0,0.40000001
-3.71130952268951,40.4970238096319,0,0.60000002
-3.7083333322137,40.4970238096319,0,0.69999999
-3.7053571417379,40.4970238096319,0,0.69999999
-3.70238095126209,40.4970238096319,0,0.76666665
-3.69940476078628,40.4970238096319,0,0.80000001
-3.69642857031048,40.4970238096319,0,0.69999999
-3.69345237983467,40.4970238096319,0,0.63333333
-3.69047618935886,40.4970238096319,0,0.30000001
-3.68749999888306,40.4970238096319,0,0.36666667
-3.68452380840725,40.4970238096319,0,0.80000001
-3.68154761793144,40.4970238096319,0,0.56666666
-3.67857142745564,40.4970238096319,0,0.26666668
-3.67559523697983,40.4970238096319,0,0.30000001
-3.67261904650403,40.4970238096319,0,0.30000001
-3.66964285602822,40.4970238096319,0,0.30000001
-3.66666666555241,40.4970238096319,0,0.33333334
-3.66369047507661,40.4970238096319,0,0.40000001
-3.6607142846008,40.4970238096319,0,0.36666667
-3.65773809412499,40.4970238096319,0,0.46666667
-3.65476190364919,40.4970238096319,0,0.26666668
-3.65178571317338,40.4970238096319,0,0.40000001
-3.64880952269757,40.4970238096319,0,0.60000002
-3.64583333222177,40.4970238096319,0,0.56666666
-3.64285714174596,40.4970238096319,0,0.86666667
-3.63988095127015,40.4970238096319,0,1.10000002
-3.63690476079435,40.4970238096319,0,1.06666672
-3.63392857031854,40.4970238096319,0,0.96666664
-3.63095237984273,40.4970238096319,0,0.96666664
-3.62797618936693,40.4970238096319,0,0.93333334
-3.62499999889112,40.4970238096319,0,0.73333335
-3.62202380841531,40.4970238096319,0,0.40000001
-3.61904761793951,40.4970238096319,0,0.36666667
-3.6160714274637,40.4970238096319,0,0.40000001
-3.61309523698789,40.4970238096319,0,0.26666668
-3.61011904651209,40.4970238096319,0,0.20000000
-3.60714285603628,40.4970238096319,0,0.20000000
-3.60416666556047,40.4970238096319,0,0.40000001
-3.60119047508467,40.4970238096319,0,0.60000002
-3.59821428460886,40.4970238096319,0,0.40000001
-3.59523809413305,40.4970238096319,0,0.20000000
-3.59226190365725,40.4970238096319,0,0.10000000
-3.58928571318144,40.4970238096319,0,0.03333334
-3.58630952270564,40.4970238096319,0,0.16666667
-3.58333333222983,40.4970238096319,0,0.40000001
-3.58035714175402,40.4970238096319,0,0.40000001
-3.57738095127822,40.4970238096319,0,0.66666669
-3.57440476080241,40.4970238096319,0,0.60000002
-3.5714285703266,40.4970238096319,0,0.33333334
-3.5684523798508,40.4970238096319,0,0.00000000
-3.56547618937499,40.4970238096319,0,0.00000000
-3.56249999889918,40.4970238096319,0,0.23333333
-3.55952380842338,40.4970238096319,0,0.66666669
-3.55654761794757,40.4970238096319,0,1.00000000
-3.55357142747176,40.4970238096319,0,0.93333334
-3.55059523699596,40.4970238096319,0,1.03333330
-3.54761904652015,40.4970238096319,0,0.83333331
-3.83333333219758,40.49404761915,0,1.43333328
-3.83035714172177,40.49404761915,0,1.43333328
-3.82738095124597,40.49404761915,0,1.46666670
-3.82440476077016,40.49404761915,0,1.53333330
-3.82142857029435,40.49404761915,0,1.60000002
-3.81845237981855,40.49404761915,0,1.66666663
-3.81547618934274,40.49404761915,0,1.73333335
-3.81249999886693,40.49404761915,0,1.73333335
-3.80952380839113,40.49404761915,0,1.73333335
-3.80654761791532,40.49404761915,0,1.76666665
-3.80357142743951,40.49404761915,0,1.73333335
-3.80059523696371,40.49404761915,0,1.70000005
-3.7976190464879,40.49404761915,0,1.56666672
-3.79464285601209,40.49404761915,0,1.46666670
-3.79166666553629,40.49404761915,0,1.43333328
-3.78869047506048,40.49404761915,0,1.39999998
-3.78571428458467,40.49404761915,0,1.43333328
-3.78273809410887,40.49404761915,0,1.33333337
-3.77976190363306,40.49404761915,0,1.20000005
-3.77678571315725,40.49404761915,0,1.16666663
-3.77380952268145,40.49404761915,0,1.13333333
-3.77083333220564,40.49404761915,0,1.16666663
-3.76785714172983,40.49404761915,0,1.29999995
-3.76488095125403,40.49404761915,0,1.23333335
-3.76190476077822,40.49404761915,0,1.16666663
-3.75892857030242,40.49404761915,0,1.00000000
-3.75595237982661,40.49404761915,0,0.96666664
-3.7529761893508,40.49404761915,0,1.00000000
-3.749999998875,40.49404761915,0,0.93333334
-3.74702380839919,40.49404761915,0,1.00000000
-3.74404761792338,40.49404761915,0,1.00000000
-3.74107142744758,40.49404761915,0,1.06666672
-3.73809523697177,40.49404761915,0,1.03333330
-3.73511904649596,40.49404761915,0,1.06666672
-3.73214285602016,40.49404761915,0,1.10000002
-3.72916666554435,40.49404761915,0,0.96666664
-3.72619047506854,40.49404761915,0,0.53333336
-3.72321428459274,40.49404761915,0,0.53333336
-3.72023809411693,40.49404761915,0,0.56666666
-3.71726190364112,40.49404761915,0,0.63333333
-3.71428571316532,40.49404761915,0,0.60000002
-3.71130952268951,40.49404761915,0,0.69999999
-3.7083333322137,40.49404761915,0,0.66666669
-3.7053571417379,40.49404761915,0,0.63333333
-3.70238095126209,40.49404761915,0,0.69999999
-3.69940476078628,40.49404761915,0,0.63333333
-3.69642857031048,40.49404761915,0,0.53333336
-3.69345237983467,40.49404761915,0,0.40000001
-3.69047618935886,40.49404761915,0,0.30000001
-3.68749999888306,40.49404761915,0,0.30000001
-3.68452380840725,40.49404761915,0,0.93333334
-3.68154761793144,40.49404761915,0,1.03333330
-3.67857142745564,40.49404761915,0,0.40000001
-3.67559523697983,40.49404761915,0,0.36666667
-3.67261904650403,40.49404761915,0,0.30000001
-3.66964285602822,40.49404761915,0,0.46666667
-3.66666666555241,40.49404761915,0,0.53333336
-3.66369047507661,40.49404761915,0,0.63333333
-3.6607142846008,40.49404761915,0,0.46666667
-3.65773809412499,40.49404761915,0,0.30000001
-3.65476190364919,40.49404761915,0,0.23333333
-3.65178571317338,40.49404761915,0,0.50000000
-3.64880952269757,40.49404761915,0,0.63333333
-3.64583333222177,40.49404761915,0,0.66666669
-3.64285714174596,40.49404761915,0,0.93333334
-3.63988095127015,40.49404761915,0,1.26666665
-3.63690476079435,40.49404761915,0,1.50000000
-3.63392857031854,40.49404761915,0,1.53333330
-3.63095237984273,40.49404761915,0,1.53333330
-3.62797618936693,40.49404761915,0,1.43333328
-3.62499999889112,40.49404761915,0,0.93333334
-3.62202380841531,40.49404761915,0,0.36666667
-3.61904761793951,40.49404761915,0,0.26666668
-3.6160714274637,40.49404761915,0,0.26666668
-3.61309523698789,40.49404761915,0,0.30000001
-3.61011904651209,40.49404761915,0,0.30000001
-3.60714285603628,40.49404761915,0,0.23333333
-3.60416666556047,40.49404761915,0,0.33333334
-3.60119047508467,40.49404761915,0,0.50000000
-3.59821428460886,40.49404761915,0,0.43333334
-3.59523809413305,40.49404761915,0,0.26666668
-3.59226190365725,40.49404761915,0,0.03333334
-3.58928571318144,40.49404761915,0,0.00000000
-3.58630952270564,40.49404761915,0,0.26666668
-3.58333333222983,40.49404761915,0,0.66666669
-3.58035714175402,40.49404761915,0,0.50000000
-3.57738095127822,40.49404761915,0,0.43333334
-3.57440476080241,40.49404761915,0,0.43333334
-3.5714285703266,40.49404761915,0,0.33333334
-3.5684523798508,40.49404761915,0,0.03333334
-3.56547618937499,40.49404761915,0,0.00000000
-3.56249999889918,40.49404761915,0,0.06666667
-3.55952380842338,40.49404761915,0,0.20000000
-3.55654761794757,40.49404761915,0,0.56666666
-3.55357142747176,40.49404761915,0,0.73333335
-3.55059523699596,40.49404761915,0,0.60000002
-3.54761904652015,40.49404761915,0,0.53333336
-3.54464285604434,40.49404761915,0,0.73333335
-3.54166666556854,40.49404761915,0,1.00000000
-3.83333333219758,40.4910714286682,0,1.46666670
-3.83035714172177,40.4910714286682,0,1.43333328
-3.82738095124597,40.4910714286682,0,1.46666670
-3.82440476077016,40.4910714286682,0,1.53333330
-3.82142857029435,40.4910714286682,0,1.56666672
-3.81845237981855,40.4910714286682,0,1.60000002
-3.81547618934274,40.4910714286682,0,1.63333333
-3.81249999886693,40.4910714286682,0,1.63333333
-3.80952380839113,40.4910714286682,0,1.60000002
-3.80654761791532,40.4910714286682,0,1.56666672
-3.80357142743951,40.4910714286682,0,1.60000002
-3.80059523696371,40.4910714286682,0,1.63333333
-3.7976190464879,40.4910714286682,0,1.66666663
-3.79464285601209,40.4910714286682,0,1.70000005
-3.79166666553629,40.4910714286682,0,1.60000002
-3.78869047506048,40.4910714286682,0,1.50000000
-3.78571428458467,40.4910714286682,0,1.39999998
-3.78273809410887,40.4910714286682,0,1.20000005
-3.77976190363306,40.4910714286682,0,1.13333333
-3.77678571315725,40.4910714286682,0,1.23333335
-3.77380952268145,40.4910714286682,0,1.29999995
-3.77083333220564,40.4910714286682,0,1.39999998
-3.76785714172983,40.4910714286682,0,1.36666667
-3.76488095125403,40.4910714286682,0,1.23333335
-3.76190476077822,40.4910714286682,0,1.16666663
-3.75892857030242,40.4910714286682,0,1.03333330
-3.75595237982661,40.4910714286682,0,0.96666664
-3.7529761893508,40.4910714286682,0,1.16666663
-3.749999998875,40.4910714286682,0,1.13333333
-3.74702380839919,40.4910714286682,0,1.13333333
-3.74404761792338,40.4910714286682,0,1.00000000
-3.74107142744758,40.4910714286682,0,0.96666664
-3.73809523697177,40.4910714286682,0,1.10000002
-3.73511904649596,40.4910714286682,0,1.23333335
-3.73214285602016,40.4910714286682,0,0.83333331
-3.72916666554435,40.4910714286682,0,0.43333334
-3.72619047506854,40.4910714286682,0,0.30000001
-3.72321428459274,40.4910714286682,0,0.40000001
-3.72023809411693,40.4910714286682,0,0.33333334
-3.71726190364112,40.4910714286682,0,0.43333334
-3.71428571316532,40.4910714286682,0,0.56666666
-3.71130952268951,40.4910714286682,0,0.69999999
-3.7083333322137,40.4910714286682,0,0.69999999
-3.7053571417379,40.4910714286682,0,0.66666669
-3.70238095126209,40.4910714286682,0,0.69999999
-3.69940476078628,40.4910714286682,0,0.60000002
-3.69642857031048,40.4910714286682,0,0.40000001
-3.69345237983467,40.4910714286682,0,0.26666668
-3.69047618935886,40.4910714286682,0,0.20000000
-3.68749999888306,40.4910714286682,0,0.26666668
-3.68452380840725,40.4910714286682,0,0.60000002
-3.68154761793144,40.4910714286682,0,0.63333333
-3.67857142745564,40.4910714286682,0,0.36666667
-3.67559523697983,40.4910714286682,0,0.26666668
-3.67261904650403,40.4910714286682,0,0.36666667
-3.66964285602822,40.4910714286682,0,0.80000001
-3.66666666555241,40.4910714286682,0,0.63333333
-3.66369047507661,40.4910714286682,0,0.50000000
-3.6607142846008,40.4910714286682,0,0.33333334
-3.65773809412499,40.4910714286682,0,0.30000001
-3.65476190364919,40.4910714286682,0,0.30000001
-3.65178571317338,40.4910714286682,0,0.46666667
-3.64880952269757,40.4910714286682,0,0.80000001
-3.64583333222177,40.4910714286682,0,0.76666665
-3.64285714174596,40.4910714286682,0,1.00000000
-3.63988095127015,40.4910714286682,0,1.43333328
-3.63690476079435,40.4910714286682,0,1.66666663
-3.63392857031854,40.4910714286682,0,1.50000000
-3.63095237984273,40.4910714286682,0,1.29999995
-3.62797618936693,40.4910714286682,0,1.26666665
-3.62499999889112,40.4910714286682,0,1.13333333
-3.62202380841531,40.4910714286682,0,0.69999999
-3.61904761793951,40.4910714286682,0,0.63333333
-3.6160714274637,40.4910714286682,0,0.69999999
-3.61309523698789,40.4910714286682,0,0.53333336
-3.61011904651209,40.4910714286682,0,0.30000001
-3.60714285603628,40.4910714286682,0,0.20000000
-3.60416666556047,40.4910714286682,0,0.30000001
-3.60119047508467,40.4910714286682,0,0.43333334
-3.59821428460886,40.4910714286682,0,0.43333334
-3.59523809413305,40.4910714286682,0,0.33333334
-3.59226190365725,40.4910714286682,0,0.03333334
-3.58928571318144,40.4910714286682,0,0.00000000
-3.58630952270564,40.4910714286682,0,0.30000001
-3.58333333222983,40.4910714286682,0,0.89999998
-3.58035714175402,40.4910714286682,0,0.50000000
-3.57738095127822,40.4910714286682,0,0.16666667
-3.57440476080241,40.4910714286682,0,0.23333333
-3.5714285703266,40.4910714286682,0,0.16666667
-3.5684523798508,40.4910714286682,0,0.03333334
-3.56547618937499,40.4910714286682,0,0.00000000
-3.56249999889918,40.4910714286682,0,0.10000000
-3.55952380842338,40.4910714286682,0,0.53333336
-3.55654761794757,40.4910714286682,0,0.73333335
-3.55357142747176,40.4910714286682,0,0.93333334
-3.55059523699596,40.4910714286682,0,0.89999998
-3.54761904652015,40.4910714286682,0,0.76666665
-3.54464285604434,40.4910714286682,0,0.93333334
-3.83333333219758,40.4880952381864,0,1.50000000
-3.83035714172177,40.4880952381864,0,1.50000000
-3.82738095124597,40.4880952381864,0,1.46666670
-3.82440476077016,40.4880952381864,0,1.43333328
-3.82142857029435,40.4880952381864,0,1.39999998
-3.81845237981855,40.4880952381864,0,1.50000000
-3.81547618934274,40.4880952381864,0,1.53333330
-3.81249999886693,40.4880952381864,0,1.53333330
-3.80952380839113,40.4880952381864,0,1.50000000
-3.80654761791532,40.4880952381864,0,1.46666670
-3.80357142743951,40.4880952381864,0,1.50000000
-3.80059523696371,40.4880952381864,0,1.50000000
-3.7976190464879,40.4880952381864,0,1.53333330
-3.79464285601209,40.4880952381864,0,1.63333333
-3.79166666553629,40.4880952381864,0,1.63333333
-3.78869047506048,40.4880952381864,0,1.63333333
-3.78571428458467,40.4880952381864,0,1.60000002
-3.78273809410887,40.4880952381864,0,1.46666670
-3.77976190363306,40.4880952381864,0,1.43333328
-3.77678571315725,40.4880952381864,0,1.50000000
-3.77380952268145,40.4880952381864,0,1.56666672
-3.77083333220564,40.4880952381864,0,1.53333330
-3.76785714172983,40.4880952381864,0,1.46666670
-3.76488095125403,40.4880952381864,0,1.36666667
-3.76190476077822,40.4880952381864,0,1.29999995
-3.75892857030242,40.4880952381864,0,1.20000005
-3.75595237982661,40.4880952381864,0,1.00000000
-3.7529761893508,40.4880952381864,0,1.00000000
-3.749999998875,40.4880952381864,0,1.20000005
-3.74702380839919,40.4880952381864,0,1.23333335
-3.74404761792338,40.4880952381864,0,1.13333333
-3.74107142744758,40.4880952381864,0,1.23333335
-3.73809523697177,40.4880952381864,0,1.43333328
-3.73511904649596,40.4880952381864,0,1.26666665
-3.73214285602016,40.4880952381864,0,0.56666666
-3.72916666554435,40.4880952381864,0,0.46666667
-3.72619047506854,40.4880952381864,0,0.36666667
-3.72321428459274,40.4880952381864,0,0.40000001
-3.72023809411693,40.4880952381864,0,0.36666667
-3.71726190364112,40.4880952381864,0,0.33333334
-3.71428571316532,40.4880952381864,0,0.40000001
-3.71130952268951,40.4880952381864,0,0.53333336
-3.7083333322137,40.4880952381864,0,0.66666669
-3.7053571417379,40.4880952381864,0,0.63333333
-3.70238095126209,40.4880952381864,0,0.60000002
-3.69940476078628,40.4880952381864,0,0.43333334
-3.69642857031048,40.4880952381864,0,0.30000001
-3.69345237983467,40.4880952381864,0,0.20000000
-3.69047618935886,40.4880952381864,0,0.20000000
-3.68749999888306,40.4880952381864,0,0.16666667
-3.68452380840725,40.4880952381864,0,0.36666667
-3.68154761793144,40.4880952381864,0,0.36666667
-3.67857142745564,40.4880952381864,0,0.20000000
-3.67559523697983,40.4880952381864,0,0.40000001
-3.67261904650403,40.4880952381864,0,0.43333334
-3.66964285602822,40.4880952381864,0,0.40000001
-3.66666666555241,40.4880952381864,0,0.33333334
-3.66369047507661,40.4880952381864,0,0.36666667
-3.6607142846008,40.4880952381864,0,0.43333334
-3.65773809412499,40.4880952381864,0,0.46666667
-3.65476190364919,40.4880952381864,0,0.36666667
-3.65178571317338,40.4880952381864,0,0.30000001
-3.64880952269757,40.4880952381864,0,0.36666667
-3.64583333222177,40.4880952381864,0,0.60000002
-3.64285714174596,40.4880952381864,0,0.76666665
-3.63988095127015,40.4880952381864,0,1.20000005
-3.63690476079435,40.4880952381864,0,1.10000002
-3.63392857031854,40.4880952381864,0,1.33333337
-3.63095237984273,40.4880952381864,0,1.33333337
-3.62797618936693,40.4880952381864,0,1.33333337
-3.62499999889112,40.4880952381864,0,1.20000005
-3.62202380841531,40.4880952381864,0,1.03333330
-3.61904761793951,40.4880952381864,0,1.03333330
-3.6160714274637,40.4880952381864,0,0.86666667
-3.61309523698789,40.4880952381864,0,0.40000001
-3.61011904651209,40.4880952381864,0,0.23333333
-3.60714285603628,40.4880952381864,0,0.20000000
-3.60416666556047,40.4880952381864,0,0.46666667
-3.60119047508467,40.4880952381864,0,0.76666665
-3.59821428460886,40.4880952381864,0,0.63333333
-3.59523809413305,40.4880952381864,0,0.46666667
-3.59226190365725,40.4880952381864,0,0.10000000
-3.58928571318144,40.4880952381864,0,0.00000000
-3.58630952270564,40.4880952381864,0,0.26666668
-3.58333333222983,40.4880952381864,0,0.80000001
-3.58035714175402,40.4880952381864,0,0.69999999
-3.57738095127822,40.4880952381864,0,0.33333334
-3.57440476080241,40.4880952381864,0,0.23333333
-3.5714285703266,40.4880952381864,0,0.20000000
-3.5684523798508,40.4880952381864,0,0.13333334
-3.56547618937499,40.4880952381864,0,0.10000000
-3.56249999889918,40.4880952381864,0,0.36666667
-3.55952380842338,40.4880952381864,0,0.66666669
-3.55654761794757,40.4880952381864,0,0.73333335
-3.55357142747176,40.4880952381864,0,0.73333335
-3.55059523699596,40.4880952381864,0,0.83333331
-3.54761904652015,40.4880952381864,0,0.93333334
-3.54464285604434,40.4880952381864,0,0.89999998
-3.54166666556854,40.4880952381864,0,1.26666665
-3.83333333219758,40.4851190477046,0,1.43333328
-3.83035714172177,40.4851190477046,0,1.50000000
-3.82738095124597,40.4851190477046,0,1.53333330
-3.82440476077016,40.4851190477046,0,1.46666670
-3.82142857029435,40.4851190477046,0,1.36666667
-3.81845237981855,40.4851190477046,0,1.46666670
-3.81547618934274,40.4851190477046,0,1.56666672
-3.81249999886693,40.4851190477046,0,1.56666672
-3.80952380839113,40.4851190477046,0,1.56666672
-3.80654761791532,40.4851190477046,0,1.53333330
-3.80357142743951,40.4851190477046,0,1.50000000
-3.80059523696371,40.4851190477046,0,1.46666670
-3.7976190464879,40.4851190477046,0,1.43333328
-3.79464285601209,40.4851190477046,0,1.60000002
-3.79166666553629,40.4851190477046,0,1.66666663
-3.78869047506048,40.4851190477046,0,1.70000005
-3.78571428458467,40.4851190477046,0,1.70000005
-3.78273809410887,40.4851190477046,0,1.63333333
-3.77976190363306,40.4851190477046,0,1.60000002
-3.77678571315725,40.4851190477046,0,1.63333333
-3.77380952268145,40.4851190477046,0,1.63333333
-3.77083333220564,40.4851190477046,0,1.56666672
-3.76785714172983,40.4851190477046,0,1.50000000
-3.76488095125403,40.4851190477046,0,1.39999998
-3.76190476077822,40.4851190477046,0,1.36666667
-3.75892857030242,40.4851190477046,0,1.46666670
-3.75595237982661,40.4851190477046,0,1.26666665
-3.7529761893508,40.4851190477046,0,1.06666672
-3.749999998875,40.4851190477046,0,1.23333335
-3.74702380839919,40.4851190477046,0,1.29999995
-3.74404761792338,40.4851190477046,0,1.43333328
-3.74107142744758,40.4851190477046,0,1.56666672
-3.73809523697177,40.4851190477046,0,1.39999998
-3.73511904649596,40.4851190477046,0,1.03333330
-3.73214285602016,40.4851190477046,0,0.76666665
-3.72916666554435,40.4851190477046,0,0.69999999
-3.72619047506854,40.4851190477046,0,0.50000000
-3.72321428459274,40.4851190477046,0,0.40000001
-3.72023809411693,40.4851190477046,0,0.33333334
-3.71726190364112,40.4851190477046,0,0.50000000
-3.71428571316532,40.4851190477046,0,0.43333334
-3.71130952268951,40.4851190477046,0,0.43333334
-3.7083333322137,40.4851190477046,0,0.50000000
-3.7053571417379,40.4851190477046,0,0.43333334
-3.70238095126209,40.4851190477046,0,0.43333334
-3.69940476078628,40.4851190477046,0,0.40000001
-3.69642857031048,40.4851190477046,0,0.53333336
-3.69345237983467,40.4851190477046,0,0.60000002
-3.69047618935886,40.4851190477046,0,0.56666666
-3.68749999888306,40.4851190477046,0,0.33333334
-3.68452380840725,40.4851190477046,0,0.50000000
-3.68154761793144,40.4851190477046,0,0.46666667
-3.67857142745564,40.4851190477046,0,0.23333333
-3.67559523697983,40.4851190477046,0,0.33333334
-3.67261904650403,40.4851190477046,0,0.46666667
-3.66964285602822,40.4851190477046,0,0.46666667
-3.66666666555241,40.4851190477046,0,0.36666667
-3.66369047507661,40.4851190477046,0,0.23333333
-3.6607142846008,40.4851190477046,0,0.26666668
-3.65773809412499,40.4851190477046,0,0.36666667
-3.65476190364919,40.4851190477046,0,0.36666667
-3.65178571317338,40.4851190477046,0,0.30000001
-3.64880952269757,40.4851190477046,0,0.23333333
-3.64583333222177,40.4851190477046,0,0.36666667
-3.64285714174596,40.4851190477046,0,0.46666667
-3.63988095127015,40.4851190477046,0,0.56666666
-3.63690476079435,40.4851190477046,0,0.50000000
-3.63392857031854,40.4851190477046,0,0.53333336
-3.63095237984273,40.4851190477046,0,0.76666665
-3.62797618936693,40.4851190477046,0,1.10000002
-3.62499999889112,40.4851190477046,0,1.03333330
-3.62202380841531,40.4851190477046,0,0.83333331
-3.61904761793951,40.4851190477046,0,0.60000002
-3.6160714274637,40.4851190477046,0,0.26666668
-3.61309523698789,40.4851190477046,0,0.16666667
-3.61011904651209,40.4851190477046,0,0.16666667
-3.60714285603628,40.4851190477046,0,0.13333334
-3.60416666556047,40.4851190477046,0,0.33333334
-3.60119047508467,40.4851190477046,0,0.60000002
-3.59821428460886,40.4851190477046,0,0.60000002
-3.59523809413305,40.4851190477046,0,0.46666667
-3.59226190365725,40.4851190477046,0,0.30000001
-3.58928571318144,40.4851190477046,0,0.20000000
-3.58630952270564,40.4851190477046,0,0.36666667
-3.58333333222983,40.4851190477046,0,0.50000000
-3.58035714175402,40.4851190477046,0,0.36666667
-3.57738095127822,40.4851190477046,0,0.33333334
-3.57440476080241,40.4851190477046,0,0.46666667
-3.5714285703266,40.4851190477046,0,0.50000000
-3.5684523798508,40.4851190477046,0,0.40000001
-3.56547618937499,40.4851190477046,0,0.20000000
-3.56249999889918,40.4851190477046,0,0.16666667
-3.55952380842338,40.4851190477046,0,0.40000001
-3.55654761794757,40.4851190477046,0,0.53333336
-3.55357142747176,40.4851190477046,0,0.93333334
-3.55059523699596,40.4851190477046,0,0.93333334
-3.54761904652015,40.4851190477046,0,0.96666664
-3.54464285604434,40.4851190477046,0,1.13333333
-3.54166666556854,40.4851190477046,0,1.26666665
-3.53869047509273,40.4851190477046,0,1.29999995
-3.83333333219758,40.4821428572228,0,1.29999995
-3.83035714172177,40.4821428572228,0,1.33333337
-3.82738095124597,40.4821428572228,0,1.39999998
-3.82440476077016,40.4821428572228,0,1.36666667
-3.82142857029435,40.4821428572228,0,1.33333337
-3.81845237981855,40.4821428572228,0,1.43333328
-3.81547618934274,40.4821428572228,0,1.56666672
-3.81249999886693,40.4821428572228,0,1.50000000
-3.80952380839113,40.4821428572228,0,1.43333328
-3.80654761791532,40.4821428572228,0,1.43333328
-3.80357142743951,40.4821428572228,0,1.53333330
-3.80059523696371,40.4821428572228,0,1.60000002
-3.7976190464879,40.4821428572228,0,1.46666670
-3.79464285601209,40.4821428572228,0,1.53333330
-3.79166666553629,40.4821428572228,0,1.66666663
-3.78869047506048,40.4821428572228,0,1.56666672
-3.78571428458467,40.4821428572228,0,1.50000000
-3.78273809410887,40.4821428572228,0,1.46666670
-3.77976190363306,40.4821428572228,0,1.46666670
-3.77678571315725,40.4821428572228,0,1.46666670
-3.77380952268145,40.4821428572228,0,1.50000000
-3.77083333220564,40.4821428572228,0,1.36666667
-3.76785714172983,40.4821428572228,0,1.36666667
-3.76488095125403,40.4821428572228,0,1.29999995
-3.76190476077822,40.4821428572228,0,1.26666665
-3.75892857030242,40.4821428572228,0,1.43333328
-3.75595237982661,40.4821428572228,0,1.39999998
-3.7529761893508,40.4821428572228,0,1.13333333
-3.749999998875,40.4821428572228,0,1.20000005
-3.74702380839919,40.4821428572228,0,1.26666665
-3.74404761792338,40.4821428572228,0,1.36666667
-3.74107142744758,40.4821428572228,0,1.43333328
-3.73809523697177,40.4821428572228,0,1.23333335
-3.73511904649596,40.4821428572228,0,0.80000001
-3.73214285602016,40.4821428572228,0,0.69999999
-3.72916666554435,40.4821428572228,0,0.53333336
-3.72619047506854,40.4821428572228,0,0.40000001
-3.72321428459274,40.4821428572228,0,0.36666667
-3.72023809411693,40.4821428572228,0,0.23333333
-3.71726190364112,40.4821428572228,0,0.30000001
-3.71428571316532,40.4821428572228,0,0.36666667
-3.71130952268951,40.4821428572228,0,0.36666667
-3.7083333322137,40.4821428572228,0,0.33333334
-3.7053571417379,40.4821428572228,0,0.33333334
-3.70238095126209,40.4821428572228,0,0.46666667
-3.69940476078628,40.4821428572228,0,0.73333335
-3.69642857031048,40.4821428572228,0,0.76666665
-3.69345237983467,40.4821428572228,0,0.76666665
-3.69047618935886,40.4821428572228,0,0.66666669
-3.68749999888306,40.4821428572228,0,0.40000001
-3.68452380840725,40.4821428572228,0,0.50000000
-3.68154761793144,40.4821428572228,0,0.36666667
-3.67857142745564,40.4821428572228,0,0.36666667
-3.67559523697983,40.4821428572228,0,0.36666667
-3.67261904650403,40.4821428572228,0,0.50000000
-3.66964285602822,40.4821428572228,0,0.56666666
-3.66666666555241,40.4821428572228,0,0.56666666
-3.66369047507661,40.4821428572228,0,0.33333334
-3.6607142846008,40.4821428572228,0,0.40000001
-3.65773809412499,40.4821428572228,0,0.50000000
-3.65476190364919,40.4821428572228,0,0.60000002
-3.65178571317338,40.4821428572228,0,0.50000000
-3.64880952269757,40.4821428572228,0,0.40000001
-3.64583333222177,40.4821428572228,0,0.40000001
-3.64285714174596,40.4821428572228,0,0.60000002
-3.63988095127015,40.4821428572228,0,0.93333334
-3.63690476079435,40.4821428572228,0,0.86666667
-3.63392857031854,40.4821428572228,0,0.33333334
-3.63095237984273,40.4821428572228,0,0.36666667
-3.62797618936693,40.4821428572228,0,0.36666667
-3.62499999889112,40.4821428572228,0,0.36666667
-3.62202380841531,40.4821428572228,0,0.30000001
-3.61904761793951,40.4821428572228,0,0.26666668
-3.6160714274637,40.4821428572228,0,0.33333334
-3.61309523698789,40.4821428572228,0,0.40000001
-3.61011904651209,40.4821428572228,0,0.23333333
-3.60714285603628,40.4821428572228,0,0.13333334
-3.60416666556047,40.4821428572228,0,0.26666668
-3.60119047508467,40.4821428572228,0,0.46666667
-3.59821428460886,40.4821428572228,0,0.56666666
-3.59523809413305,40.4821428572228,0,0.33333334
-3.59226190365725,40.4821428572228,0,0.16666667
-3.58928571318144,40.4821428572228,0,0.30000001
-3.58630952270564,40.4821428572228,0,0.40000001
-3.58333333222983,40.4821428572228,0,0.36666667
-3.58035714175402,40.4821428572228,0,0.30000001
-3.57738095127822,40.4821428572228,0,0.16666667
-3.57440476080241,40.4821428572228,0,0.43333334
-3.5714285703266,40.4821428572228,0,0.63333333
-3.5684523798508,40.4821428572228,0,0.83333331
-3.56547618937499,40.4821428572228,0,0.46666667
-3.56249999889918,40.4821428572228,0,0.30000001
-3.55952380842338,40.4821428572228,0,0.86666667
-3.55654761794757,40.4821428572228,0,1.10000002
-3.55357142747176,40.4821428572228,0,1.10000002
-3.55059523699596,40.4821428572228,0,1.06666672
-3.54761904652015,40.4821428572228,0,1.00000000
-3.54464285604434,40.4821428572228,0,1.13333333
-3.54166666556854,40.4821428572228,0,1.20000005
-3.53869047509273,40.4821428572228,0,1.16666663
-3.83630952267339,40.479166666741,0,1.33333337
-3.83333333219758,40.479166666741,0,1.29999995
-3.83035714172177,40.479166666741,0,1.33333337
-3.82738095124597,40.479166666741,0,1.39999998
-3.82440476077016,40.479166666741,0,1.50000000
-3.82142857029435,40.479166666741,0,1.53333330
-3.81845237981855,40.479166666741,0,1.66666663
-3.81547618934274,40.479166666741,0,1.73333335
-3.81249999886693,40.479166666741,0,1.73333335
-3.80952380839113,40.479166666741,0,1.73333335
-3.80654761791532,40.479166666741,0,1.70000005
-3.80357142743951,40.479166666741,0,1.70000005
-3.80059523696371,40.479166666741,0,1.63333333
-3.7976190464879,40.479166666741,0,1.56666672
-3.79464285601209,40.479166666741,0,1.66666663
-3.79166666553629,40.479166666741,0,1.56666672
-3.78869047506048,40.479166666741,0,1.43333328
-3.78571428458467,40.479166666741,0,1.39999998
-3.78273809410887,40.479166666741,0,1.36666667
-3.77976190363306,40.479166666741,0,1.39999998
-3.77678571315725,40.479166666741,0,1.36666667
-3.77380952268145,40.479166666741,0,1.39999998
-3.77083333220564,40.479166666741,0,1.46666670
-3.76785714172983,40.479166666741,0,1.50000000
-3.76488095125403,40.479166666741,0,1.66666663
-3.76190476077822,40.479166666741,0,1.63333333
-3.75892857030242,40.479166666741,0,1.46666670
-3.75595237982661,40.479166666741,0,1.36666667
-3.7529761893508,40.479166666741,0,1.16666663
-3.749999998875,40.479166666741,0,0.93333334
-3.74702380839919,40.479166666741,0,1.03333330
-3.74404761792338,40.479166666741,0,1.03333330
-3.74107142744758,40.479166666741,0,0.96666664
-3.73809523697177,40.479166666741,0,0.73333335
-3.73511904649596,40.479166666741,0,0.60000002
-3.73214285602016,40.479166666741,0,0.60000002
-3.72916666554435,40.479166666741,0,0.46666667
-3.72619047506854,40.479166666741,0,0.33333334
-3.72321428459274,40.479166666741,0,0.26666668
-3.72023809411693,40.479166666741,0,0.26666668
-3.71726190364112,40.479166666741,0,0.26666668
-3.71428571316532,40.479166666741,0,0.30000001
-3.71130952268951,40.479166666741,0,0.43333334
-3.7083333322137,40.479166666741,0,0.36666667
-3.7053571417379,40.479166666741,0,0.26666668
-3.70238095126209,40.479166666741,0,0.36666667
-3.69940476078628,40.479166666741,0,0.60000002
-3.69642857031048,40.479166666741,0,0.69999999
-3.69345237983467,40.479166666741,0,0.86666667
-3.69047618935886,40.479166666741,0,0.76666665
-3.68749999888306,40.479166666741,0,0.36666667
-3.68452380840725,40.479166666741,0,0.20000000
-3.68154761793144,40.479166666741,0,0.13333334
-3.67857142745564,40.479166666741,0,0.13333334
-3.67559523697983,40.479166666741,0,0.30000001
-3.67261904650403,40.479166666741,0,0.50000000
-3.66964285602822,40.479166666741,0,0.50000000
-3.66666666555241,40.479166666741,0,0.43333334
-3.66369047507661,40.479166666741,0,0.33333334
-3.6607142846008,40.479166666741,0,0.30000001
-3.65773809412499,40.479166666741,0,0.60000002
-3.65476190364919,40.479166666741,0,0.83333331
-3.65178571317338,40.479166666741,0,0.69999999
-3.64880952269757,40.479166666741,0,0.53333336
-3.64583333222177,40.479166666741,0,0.46666667
-3.64285714174596,40.479166666741,0,0.46666667
-3.63988095127015,40.479166666741,0,0.56666666
-3.63690476079435,40.479166666741,0,0.60000002
-3.63392857031854,40.479166666741,0,0.43333334
-3.63095237984273,40.479166666741,0,0.40000001
-3.62797618936693,40.479166666741,0,0.26666668
-3.62499999889112,40.479166666741,0,0.06666667
-3.62202380841531,40.479166666741,0,0.03333334
-3.61904761793951,40.479166666741,0,0.20000000
-3.6160714274637,40.479166666741,0,0.96666664
-3.61309523698789,40.479166666741,0,0.89999998
-3.61011904651209,40.479166666741,0,0.56666666
-3.60714285603628,40.479166666741,0,0.40000001
-3.60416666556047,40.479166666741,0,0.36666667
-3.60119047508467,40.479166666741,0,0.56666666
-3.59821428460886,40.479166666741,0,0.83333331
-3.59523809413305,40.479166666741,0,0.80000001
-3.59226190365725,40.479166666741,0,0.69999999
-3.58928571318144,40.479166666741,0,0.89999998
-3.58630952270564,40.479166666741,0,1.06666672
-3.58333333222983,40.479166666741,0,0.66666669
-3.58035714175402,40.479166666741,0,0.46666667
-3.57738095127822,40.479166666741,0,0.10000000
-3.57440476080241,40.479166666741,0,0.20000000
-3.5714285703266,40.479166666741,0,0.33333334
-3.5684523798508,40.479166666741,0,1.06666672
-3.56547618937499,40.479166666741,0,1.10000002
-3.56249999889918,40.479166666741,0,0.66666669
-3.55952380842338,40.479166666741,0,1.26666665
-3.55654761794757,40.479166666741,0,1.46666670
-3.55357142747176,40.479166666741,0,1.03333330
-3.55059523699596,40.479166666741,0,0.76666665
-3.54761904652015,40.479166666741,0,0.76666665
-3.54464285604434,40.479166666741,0,0.83333331
-3.54166666556854,40.479166666741,0,1.06666672
-3.53869047509273,40.479166666741,0,1.20000005
-3.53571428461692,40.479166666741,0,0.83333331
-3.83630952267339,40.4761904762591,0,1.06666672
-3.83333333219758,40.4761904762591,0,1.13333333
-3.83035714172177,40.4761904762591,0,1.20000005
-3.82738095124597,40.4761904762591,0,1.16666663
-3.82440476077016,40.4761904762591,0,1.26666665
-3.82142857029435,40.4761904762591,0,1.39999998
-3.81845237981855,40.4761904762591,0,1.50000000
-3.81547618934274,40.4761904762591,0,1.56666672
-3.81249999886693,40.4761904762591,0,1.66666663
-3.80952380839113,40.4761904762591,0,1.70000005
-3.80654761791532,40.4761904762591,0,1.70000005
-3.80357142743951,40.4761904762591,0,1.70000005
-3.80059523696371,40.4761904762591,0,1.63333333
-3.7976190464879,40.4761904762591,0,1.63333333
-3.79464285601209,40.4761904762591,0,1.76666665
-3.79166666553629,40.4761904762591,0,1.73333335
-3.78869047506048,40.4761904762591,0,1.56666672
-3.78571428458467,40.4761904762591,0,1.50000000
-3.78273809410887,40.4761904762591,0,1.39999998
-3.77976190363306,40.4761904762591,0,1.33333337
-3.77678571315725,40.4761904762591,0,1.36666667
-3.77380952268145,40.4761904762591,0,1.33333337
-3.77083333220564,40.4761904762591,0,1.26666665
-3.76785714172983,40.4761904762591,0,1.33333337
-3.76488095125403,40.4761904762591,0,1.60000002
-3.76190476077822,40.4761904762591,0,1.56666672
-3.75892857030242,40.4761904762591,0,1.56666672
-3.75595237982661,40.4761904762591,0,1.33333337
-3.7529761893508,40.4761904762591,0,0.80000001
-3.749999998875,40.4761904762591,0,0.73333335
-3.74702380839919,40.4761904762591,0,0.83333331
-3.74404761792338,40.4761904762591,0,0.76666665
-3.74107142744758,40.4761904762591,0,0.80000001
-3.73809523697177,40.4761904762591,0,0.69999999
-3.73511904649596,40.4761904762591,0,0.50000000
-3.73214285602016,40.4761904762591,0,0.43333334
-3.72916666554435,40.4761904762591,0,0.36666667
-3.72619047506854,40.4761904762591,0,0.30000001
-3.72321428459274,40.4761904762591,0,0.26666668
-3.72023809411693,40.4761904762591,0,0.26666668
-3.71726190364112,40.4761904762591,0,0.26666668
-3.71428571316532,40.4761904762591,0,0.20000000
-3.71130952268951,40.4761904762591,0,0.33333334
-3.7083333322137,40.4761904762591,0,0.50000000
-3.7053571417379,40.4761904762591,0,0.36666667
-3.70238095126209,40.4761904762591,0,0.46666667
-3.69940476078628,40.4761904762591,0,0.53333336
-3.69642857031048,40.4761904762591,0,0.60000002
-3.69345237983467,40.4761904762591,0,0.60000002
-3.69047618935886,40.4761904762591,0,0.46666667
-3.68749999888306,40.4761904762591,0,0.23333333
-3.68452380840725,40.4761904762591,0,0.13333334
-3.68154761793144,40.4761904762591,0,0.06666667
-3.67857142745564,40.4761904762591,0,0.20000000
-3.67559523697983,40.4761904762591,0,0.46666667
-3.67261904650403,40.4761904762591,0,0.53333336
-3.66964285602822,40.4761904762591,0,0.46666667
-3.66666666555241,40.4761904762591,0,0.46666667
-3.66369047507661,40.4761904762591,0,0.43333334
-3.6607142846008,40.4761904762591,0,0.36666667
-3.65773809412499,40.4761904762591,0,0.40000001
-3.65476190364919,40.4761904762591,0,0.53333336
-3.65178571317338,40.4761904762591,0,0.33333334
-3.64880952269757,40.4761904762591,0,0.36666667
-3.64583333222177,40.4761904762591,0,0.36666667
-3.64285714174596,40.4761904762591,0,0.33333334
-3.63988095127015,40.4761904762591,0,0.46666667
-3.63690476079435,40.4761904762591,0,0.33333334
-3.63392857031854,40.4761904762591,0,0.26666668
-3.63095237984273,40.4761904762591,0,0.36666667
-3.62797618936693,40.4761904762591,0,0.30000001
-3.62499999889112,40.4761904762591,0,0.13333334
-3.62202380841531,40.4761904762591,0,0.03333334
-3.61904761793951,40.4761904762591,0,0.16666667
-3.6160714274637,40.4761904762591,0,0.43333334
-3.61309523698789,40.4761904762591,0,0.69999999
-3.61011904651209,40.4761904762591,0,0.73333335
-3.60714285603628,40.4761904762591,0,1.10000002
-3.60416666556047,40.4761904762591,0,0.89999998
-3.60119047508467,40.4761904762591,0,0.76666665
-3.59821428460886,40.4761904762591,0,0.96666664
-3.59523809413305,40.4761904762591,0,0.89999998
-3.59226190365725,40.4761904762591,0,1.03333330
-3.58928571318144,40.4761904762591,0,1.06666672
-3.58630952270564,40.4761904762591,0,0.76666665
-3.58333333222983,40.4761904762591,0,0.69999999
-3.58035714175402,40.4761904762591,0,0.30000001
-3.57738095127822,40.4761904762591,0,0.16666667
-3.57440476080241,40.4761904762591,0,0.10000000
-3.5714285703266,40.4761904762591,0,0.13333334
-3.5684523798508,40.4761904762591,0,0.56666666
-3.56547618937499,40.4761904762591,0,1.23333335
-3.56249999889918,40.4761904762591,0,0.86666667
-3.55952380842338,40.4761904762591,0,1.16666663
-3.55654761794757,40.4761904762591,0,0.93333334
-3.55357142747176,40.4761904762591,0,0.76666665
-3.55059523699596,40.4761904762591,0,0.66666669
-3.54761904652015,40.4761904762591,0,0.40000001
-3.54464285604434,40.4761904762591,0,0.36666667
-3.54166666556854,40.4761904762591,0,0.63333333
-3.53869047509273,40.4761904762591,0,0.96666664
-3.53571428461692,40.4761904762591,0,1.00000000
-3.83630952267339,40.4732142857773,0,0.80000001
-3.83333333219758,40.4732142857773,0,0.73333335
-3.83035714172177,40.4732142857773,0,0.63333333
-3.82738095124597,40.4732142857773,0,0.60000002
-3.82440476077016,40.4732142857773,0,0.69999999
-3.82142857029435,40.4732142857773,0,0.86666667
-3.81845237981855,40.4732142857773,0,1.06666672
-3.81547618934274,40.4732142857773,0,1.29999995
-3.81249999886693,40.4732142857773,0,1.36666667
-3.80952380839113,40.4732142857773,0,1.50000000
-3.80654761791532,40.4732142857773,0,1.56666672
-3.80357142743951,40.4732142857773,0,1.73333335
-3.80059523696371,40.4732142857773,0,1.73333335
-3.7976190464879,40.4732142857773,0,1.63333333
-3.79464285601209,40.4732142857773,0,1.56666672
-3.79166666553629,40.4732142857773,0,1.53333330
-3.78869047506048,40.4732142857773,0,1.29999995
-3.78571428458467,40.4732142857773,0,1.03333330
-3.78273809410887,40.4732142857773,0,0.89999998
-3.77976190363306,40.4732142857773,0,0.86666667
-3.77678571315725,40.4732142857773,0,0.80000001
-3.77380952268145,40.4732142857773,0,0.89999998
-3.77083333220564,40.4732142857773,0,0.86666667
-3.76785714172983,40.4732142857773,0,0.83333331
-3.76488095125403,40.4732142857773,0,1.06666672
-3.76190476077822,40.4732142857773,0,1.10000002
-3.75892857030242,40.4732142857773,0,1.23333335
-3.75595237982661,40.4732142857773,0,1.33333337
-3.7529761893508,40.4732142857773,0,0.83333331
-3.749999998875,40.4732142857773,0,0.69999999
-3.74702380839919,40.4732142857773,0,1.03333330
-3.74404761792338,40.4732142857773,0,1.36666667
-3.74107142744758,40.4732142857773,0,1.73333335
-3.73809523697177,40.4732142857773,0,1.29999995
-3.73511904649596,40.4732142857773,0,0.56666666
-3.73214285602016,40.4732142857773,0,0.50000000
-3.72916666554435,40.4732142857773,0,0.40000001
-3.72619047506854,40.4732142857773,0,0.43333334
-3.72321428459274,40.4732142857773,0,0.33333334
-3.72023809411693,40.4732142857773,0,0.33333334
-3.71726190364112,40.4732142857773,0,0.43333334
-3.71428571316532,40.4732142857773,0,0.33333334
-3.71130952268951,40.4732142857773,0,0.40000001
-3.7083333322137,40.4732142857773,0,0.66666669
-3.7053571417379,40.4732142857773,0,0.66666669
-3.70238095126209,40.4732142857773,0,0.60000002
-3.69940476078628,40.4732142857773,0,0.56666666
-3.69642857031048,40.4732142857773,0,0.53333336
-3.69345237983467,40.4732142857773,0,0.50000000
-3.69047618935886,40.4732142857773,0,0.40000001
-3.68749999888306,40.4732142857773,0,0.26666668
-3.68452380840725,40.4732142857773,0,0.23333333
-3.68154761793144,40.4732142857773,0,0.10000000
-3.67857142745564,40.4732142857773,0,0.20000000
-3.67559523697983,40.4732142857773,0,0.40000001
-3.67261904650403,40.4732142857773,0,0.50000000
-3.66964285602822,40.4732142857773,0,0.43333334
-3.66666666555241,40.4732142857773,0,0.36666667
-3.66369047507661,40.4732142857773,0,0.33333334
-3.6607142846008,40.4732142857773,0,0.36666667
-3.65773809412499,40.4732142857773,0,0.36666667
-3.65476190364919,40.4732142857773,0,0.36666667
-3.65178571317338,40.4732142857773,0,0.30000001
-3.64880952269757,40.4732142857773,0,0.40000001
-3.64583333222177,40.4732142857773,0,0.43333334
-3.64285714174596,40.4732142857773,0,0.26666668
-3.63988095127015,40.4732142857773,0,0.33333334
-3.63690476079435,40.4732142857773,0,0.30000001
-3.63392857031854,40.4732142857773,0,0.26666668
-3.63095237984273,40.4732142857773,0,0.23333333
-3.62797618936693,40.4732142857773,0,0.36666667
-3.62499999889112,40.4732142857773,0,0.23333333
-3.62202380841531,40.4732142857773,0,0.13333334
-3.61904761793951,40.4732142857773,0,0.16666667
-3.6160714274637,40.4732142857773,0,0.40000001
-3.61309523698789,40.4732142857773,0,0.63333333
-3.61011904651209,40.4732142857773,0,0.80000001
-3.60714285603628,40.4732142857773,0,1.03333330
-3.60416666556047,40.4732142857773,0,1.00000000
-3.60119047508467,40.4732142857773,0,0.83333331
-3.59821428460886,40.4732142857773,0,0.89999998
-3.59523809413305,40.4732142857773,0,0.43333334
-3.59226190365725,40.4732142857773,0,0.26666668
-3.58928571318144,40.4732142857773,0,0.23333333
-3.58630952270564,40.4732142857773,0,0.23333333
-3.58333333222983,40.4732142857773,0,0.23333333
-3.58035714175402,40.4732142857773,0,0.16666667
-3.57738095127822,40.4732142857773,0,0.23333333
-3.57440476080241,40.4732142857773,0,0.20000000
-3.5714285703266,40.4732142857773,0,0.03333334
-3.5684523798508,40.4732142857773,0,0.20000000
-3.56547618937499,40.4732142857773,0,0.69999999
-3.56249999889918,40.4732142857773,0,1.16666663
-3.55952380842338,40.4732142857773,0,1.43333328
-3.55654761794757,40.4732142857773,0,1.03333330
-3.55357142747176,40.4732142857773,0,1.03333330
-3.55059523699596,40.4732142857773,0,0.89999998
-3.54761904652015,40.4732142857773,0,0.60000002
-3.54464285604434,40.4732142857773,0,0.66666669
-3.54166666556854,40.4732142857773,0,0.60000002
-3.53869047509273,40.4732142857773,0,0.73333335
-3.53571428461692,40.4732142857773,0,0.89999998
-3.83630952267339,40.4702380952955,0,1.53333330
-3.83333333219758,40.4702380952955,0,1.50000000
-3.83035714172177,40.4702380952955,0,1.33333337
-3.82738095124597,40.4702380952955,0,1.13333333
-3.82440476077016,40.4702380952955,0,0.80000001
-3.82142857029435,40.4702380952955,0,0.63333333
-3.81845237981855,40.4702380952955,0,0.60000002
-3.81547618934274,40.4702380952955,0,0.83333331
-3.81249999886693,40.4702380952955,0,0.96666664
-3.80952380839113,40.4702380952955,0,1.06666672
-3.80654761791532,40.4702380952955,0,1.13333333
-3.80357142743951,40.4702380952955,0,1.26666665
-3.80059523696371,40.4702380952955,0,1.26666665
-3.7976190464879,40.4702380952955,0,1.33333337
-3.79464285601209,40.4702380952955,0,1.16666663
-3.79166666553629,40.4702380952955,0,1.00000000
-3.78869047506048,40.4702380952955,0,0.86666667
-3.78571428458467,40.4702380952955,0,0.63333333
-3.78273809410887,40.4702380952955,0,0.69999999
-3.77976190363306,40.4702380952955,0,0.73333335
-3.77678571315725,40.4702380952955,0,0.73333335
-3.77380952268145,40.4702380952955,0,0.80000001
-3.77083333220564,40.4702380952955,0,0.93333334
-3.76785714172983,40.4702380952955,0,0.69999999
-3.76488095125403,40.4702380952955,0,0.76666665
-3.76190476077822,40.4702380952955,0,0.76666665
-3.75892857030242,40.4702380952955,0,0.86666667
-3.75595237982661,40.4702380952955,0,0.96666664
-3.7529761893508,40.4702380952955,0,0.89999998
-3.749999998875,40.4702380952955,0,1.13333333
-3.74702380839919,40.4702380952955,0,1.79999995
-3.74404761792338,40.4702380952955,0,2.09999990
-3.74107142744758,40.4702380952955,0,2.16666675
-3.73809523697177,40.4702380952955,0,1.93333328
-3.73511904649596,40.4702380952955,0,1.13333333
-3.73214285602016,40.4702380952955,0,0.83333331
-3.72916666554435,40.4702380952955,0,0.73333335
-3.72619047506854,40.4702380952955,0,0.46666667
-3.72321428459274,40.4702380952955,0,0.36666667
-3.72023809411693,40.4702380952955,0,0.30000001
-3.71726190364112,40.4702380952955,0,0.36666667
-3.71428571316532,40.4702380952955,0,0.46666667
-3.71130952268951,40.4702380952955,0,0.53333336
-3.7083333322137,40.4702380952955,0,0.53333336
-3.7053571417379,40.4702380952955,0,0.53333336
-3.70238095126209,40.4702380952955,0,0.50000000
-3.69940476078628,40.4702380952955,0,0.16666667
-3.69642857031048,40.4702380952955,0,0.16666667
-3.69345237983467,40.4702380952955,0,0.13333334
-3.69047618935886,40.4702380952955,0,0.13333334
-3.68749999888306,40.4702380952955,0,0.23333333
-3.68452380840725,40.4702380952955,0,0.16666667
-3.68154761793144,40.4702380952955,0,0.16666667
-3.67857142745564,40.4702380952955,0,0.26666668
-3.67559523697983,40.4702380952955,0,0.36666667
-3.67261904650403,40.4702380952955,0,0.43333334
-3.66964285602822,40.4702380952955,0,0.50000000
-3.66666666555241,40.4702380952955,0,0.46666667
-3.66369047507661,40.4702380952955,0,0.33333334
-3.6607142846008,40.4702380952955,0,0.40000001
-3.65773809412499,40.4702380952955,0,0.40000001
-3.65476190364919,40.4702380952955,0,0.40000001
-3.65178571317338,40.4702380952955,0,0.26666668
-3.64880952269757,40.4702380952955,0,0.26666668
-3.64583333222177,40.4702380952955,0,0.33333334
-3.64285714174596,40.4702380952955,0,0.33333334
-3.63988095127015,40.4702380952955,0,0.46666667
-3.63690476079435,40.4702380952955,0,0.40000001
-3.63392857031854,40.4702380952955,0,0.36666667
-3.63095237984273,40.4702380952955,0,0.53333336
-3.62797618936693,40.4702380952955,0,0.56666666
-3.62499999889112,40.4702380952955,0,0.56666666
-3.62202380841531,40.4702380952955,0,0.30000001
-3.61904761793951,40.4702380952955,0,0.16666667
-3.6160714274637,40.4702380952955,0,0.20000000
-3.61309523698789,40.4702380952955,0,0.89999998
-3.61011904651209,40.4702380952955,0,1.29999995
-3.60714285603628,40.4702380952955,0,1.60000002
-3.60416666556047,40.4702380952955,0,1.46666670
-3.60119047508467,40.4702380952955,0,1.06666672
-3.59821428460886,40.4702380952955,0,0.89999998
-3.59523809413305,40.4702380952955,0,0.63333333
-3.59226190365725,40.4702380952955,0,0.36666667
-3.58928571318144,40.4702380952955,0,0.23333333
-3.58630952270564,40.4702380952955,0,0.26666668
-3.58333333222983,40.4702380952955,0,0.30000001
-3.58035714175402,40.4702380952955,0,0.23333333
-3.57738095127822,40.4702380952955,0,0.43333334
-3.57440476080241,40.4702380952955,0,0.43333334
-3.5714285703266,40.4702380952955,0,0.16666667
-3.5684523798508,40.4702380952955,0,0.06666667
-3.56547618937499,40.4702380952955,0,0.43333334
-3.56249999889918,40.4702380952955,0,0.80000001
-3.55952380842338,40.4702380952955,0,1.23333335
-3.55654761794757,40.4702380952955,0,1.26666665
-3.55357142747176,40.4702380952955,0,0.89999998
-3.55059523699596,40.4702380952955,0,1.00000000
-3.54761904652015,40.4702380952955,0,1.10000002
-3.54464285604434,40.4702380952955,0,0.93333334
-3.54166666556854,40.4702380952955,0,0.93333334
-3.53869047509273,40.4702380952955,0,0.76666665
-3.53571428461692,40.4702380952955,0,0.69999999
-3.53273809414112,40.4702380952955,0,0.76666665
-3.52976190366531,40.4702380952955,0,1.00000000
-3.5267857131895,40.4702380952955,0,0.89999998
-3.83630952267339,40.4672619048137,0,1.70000005
-3.83333333219758,40.4672619048137,0,1.66666663
-3.83035714172177,40.4672619048137,0,1.63333333
-3.82738095124597,40.4672619048137,0,1.56666672
-3.82440476077016,40.4672619048137,0,1.60000002
-3.82142857029435,40.4672619048137,0,1.43333328
-3.81845237981855,40.4672619048137,0,1.13333333
-3.81547618934274,40.4672619048137,0,0.69999999
-3.81249999886693,40.4672619048137,0,0.56666666
-3.80952380839113,40.4672619048137,0,0.56666666
-3.80654761791532,40.4672619048137,0,0.60000002
-3.80357142743951,40.4672619048137,0,0.50000000
-3.80059523696371,40.4672619048137,0,0.50000000
-3.7976190464879,40.4672619048137,0,0.69999999
-3.79464285601209,40.4672619048137,0,0.63333333
-3.79166666553629,40.4672619048137,0,0.60000002
-3.78869047506048,40.4672619048137,0,0.63333333
-3.78571428458467,40.4672619048137,0,0.60000002
-3.78273809410887,40.4672619048137,0,0.60000002
-3.77976190363306,40.4672619048137,0,0.73333335
-3.77678571315725,40.4672619048137,0,0.76666665
-3.77380952268145,40.4672619048137,0,0.63333333
-3.77083333220564,40.4672619048137,0,0.63333333
-3.76785714172983,40.4672619048137,0,0.63333333
-3.76488095125403,40.4672619048137,0,0.63333333
-3.76190476077822,40.4672619048137,0,0.80000001
-3.75892857030242,40.4672619048137,0,0.73333335
-3.75595237982661,40.4672619048137,0,0.93333334
-3.7529761893508,40.4672619048137,0,1.39999998
-3.749999998875,40.4672619048137,0,1.53333330
-3.74702380839919,40.4672619048137,0,2.33333325
-3.74404761792338,40.4672619048137,0,2.23333335
-3.74107142744758,40.4672619048137,0,2.20000005
-3.73809523697177,40.4672619048137,0,2.16666675
-3.73511904649596,40.4672619048137,0,1.70000005
-3.73214285602016,40.4672619048137,0,1.23333335
-3.72916666554435,40.4672619048137,0,0.80000001
-3.72619047506854,40.4672619048137,0,0.46666667
-3.72321428459274,40.4672619048137,0,0.33333334
-3.72023809411693,40.4672619048137,0,0.30000001
-3.71726190364112,40.4672619048137,0,0.33333334
-3.71428571316532,40.4672619048137,0,0.40000001
-3.71130952268951,40.4672619048137,0,0.50000000
-3.7083333322137,40.4672619048137,0,0.53333336
-3.7053571417379,40.4672619048137,0,0.20000000
-3.70238095126209,40.4672619048137,0,0.10000000
-3.69940476078628,40.4672619048137,0,0.10000000
-3.69642857031048,40.4672619048137,0,0.10000000
-3.69345237983467,40.4672619048137,0,0.13333334
-3.69047618935886,40.4672619048137,0,0.13333334
-3.68749999888306,40.4672619048137,0,0.26666668
-3.68452380840725,40.4672619048137,0,0.30000001
-3.68154761793144,40.4672619048137,0,0.30000001
-3.67857142745564,40.4672619048137,0,0.26666668
-3.67559523697983,40.4672619048137,0,0.40000001
-3.67261904650403,40.4672619048137,0,0.46666667
-3.66964285602822,40.4672619048137,0,0.46666667
-3.66666666555241,40.4672619048137,0,0.50000000
-3.66369047507661,40.4672619048137,0,0.43333334
-3.6607142846008,40.4672619048137,0,0.40000001
-3.65773809412499,40.4672619048137,0,0.46666667
-3.65476190364919,40.4672619048137,0,0.43333334
-3.65178571317338,40.4672619048137,0,0.30000001
-3.64880952269757,40.4672619048137,0,0.30000001
-3.64583333222177,40.4672619048137,0,0.36666667
-3.64285714174596,40.4672619048137,0,0.40000001
-3.63988095127015,40.4672619048137,0,0.36666667
-3.63690476079435,40.4672619048137,0,0.43333334
-3.63392857031854,40.4672619048137,0,0.40000001
-3.63095237984273,40.4672619048137,0,0.43333334
-3.62797618936693,40.4672619048137,0,0.50000000
-3.62499999889112,40.4672619048137,0,0.33333334
-3.62202380841531,40.4672619048137,0,0.23333333
-3.61904761793951,40.4672619048137,0,0.03333334
-3.6160714274637,40.4672619048137,0,0.03333334
-3.61309523698789,40.4672619048137,0,0.30000001
-3.61011904651209,40.4672619048137,0,1.43333328
-3.60714285603628,40.4672619048137,0,1.73333335
-3.60416666556047,40.4672619048137,0,1.96666670
-3.60119047508467,40.4672619048137,0,1.93333328
-3.59821428460886,40.4672619048137,0,1.60000002
-3.59523809413305,40.4672619048137,0,0.69999999
-3.59226190365725,40.4672619048137,0,0.43333334
-3.58928571318144,40.4672619048137,0,0.33333334
-3.58630952270564,40.4672619048137,0,0.30000001
-3.58333333222983,40.4672619048137,0,0.36666667
-3.58035714175402,40.4672619048137,0,0.50000000
-3.57738095127822,40.4672619048137,0,0.50000000
-3.57440476080241,40.4672619048137,0,0.53333336
-3.5714285703266,40.4672619048137,0,0.20000000
-3.5684523798508,40.4672619048137,0,0.06666667
-3.56547618937499,40.4672619048137,0,0.30000001
-3.56249999889918,40.4672619048137,0,0.86666667
-3.55952380842338,40.4672619048137,0,1.16666663
-3.55654761794757,40.4672619048137,0,1.33333337
-3.55357142747176,40.4672619048137,0,1.50000000
-3.55059523699596,40.4672619048137,0,1.43333328
-3.54761904652015,40.4672619048137,0,1.26666665
-3.54464285604434,40.4672619048137,0,1.16666663
-3.54166666556854,40.4672619048137,0,1.03333330
-3.53869047509273,40.4672619048137,0,1.00000000
-3.53571428461692,40.4672619048137,0,0.89999998
-3.53273809414112,40.4672619048137,0,1.00000000
-3.52976190366531,40.4672619048137,0,1.29999995
-3.5267857131895,40.4672619048137,0,1.39999998
-3.81845237981855,40.4642857143319,0,1.73333335
-3.81547618934274,40.4642857143319,0,1.63333333
-3.81249999886693,40.4642857143319,0,1.13333333
-3.80952380839113,40.4642857143319,0,0.56666666
-3.80654761791532,40.4642857143319,0,0.40000001
-3.80357142743951,40.4642857143319,0,0.46666667
-3.80059523696371,40.4642857143319,0,0.60000002
-3.7976190464879,40.4642857143319,0,0.69999999
-3.79464285601209,40.4642857143319,0,0.76666665
-3.79166666553629,40.4642857143319,0,0.69999999
-3.78869047506048,40.4642857143319,0,0.56666666
-3.78571428458467,40.4642857143319,0,0.46666667
-3.78273809410887,40.4642857143319,0,0.53333336
-3.77976190363306,40.4642857143319,0,0.73333335
-3.77678571315725,40.4642857143319,0,0.60000002
-3.77380952268145,40.4642857143319,0,0.53333336
-3.77083333220564,40.4642857143319,0,0.46666667
-3.76785714172983,40.4642857143319,0,0.50000000
-3.76488095125403,40.4642857143319,0,0.56666666
-3.76190476077822,40.4642857143319,0,0.60000002
-3.75892857030242,40.4642857143319,0,0.66666669
-3.75595237982661,40.4642857143319,0,1.06666672
-3.7529761893508,40.4642857143319,0,1.26666665
-3.749999998875,40.4642857143319,0,1.16666663
-3.74702380839919,40.4642857143319,0,1.83333337
-3.74404761792338,40.4642857143319,0,2.66666675
-3.74107142744758,40.4642857143319,0,2.36666656
-3.73809523697177,40.4642857143319,0,2.26666665
-3.73511904649596,40.4642857143319,0,2.13333344
-3.73214285602016,40.4642857143319,0,2.00000000
-3.72916666554435,40.4642857143319,0,1.20000005
-3.72619047506854,40.4642857143319,0,0.60000002
-3.72321428459274,40.4642857143319,0,0.40000001
-3.72023809411693,40.4642857143319,0,0.40000001
-3.71726190364112,40.4642857143319,0,0.33333334
-3.71428571316532,40.4642857143319,0,0.40000001
-3.71130952268951,40.4642857143319,0,0.43333334
-3.7083333322137,40.4642857143319,0,0.53333336
-3.7053571417379,40.4642857143319,0,0.26666668
-3.70238095126209,40.4642857143319,0,0.10000000
-3.69940476078628,40.4642857143319,0,0.10000000
-3.69642857031048,40.4642857143319,0,0.10000000
-3.69345237983467,40.4642857143319,0,0.06666667
-3.69047618935886,40.4642857143319,0,0.13333334
-3.68749999888306,40.4642857143319,0,0.33333334
-3.68452380840725,40.4642857143319,0,0.36666667
-3.68154761793144,40.4642857143319,0,0.36666667
-3.67857142745564,40.4642857143319,0,0.36666667
-3.67559523697983,40.4642857143319,0,0.33333334
-3.67261904650403,40.4642857143319,0,0.33333334
-3.66964285602822,40.4642857143319,0,0.33333334
-3.66666666555241,40.4642857143319,0,0.43333334
-3.66369047507661,40.4642857143319,0,0.46666667
-3.6607142846008,40.4642857143319,0,0.36666667
-3.65773809412499,40.4642857143319,0,0.43333334
-3.65476190364919,40.4642857143319,0,0.36666667
-3.65178571317338,40.4642857143319,0,0.26666668
-3.64880952269757,40.4642857143319,0,0.23333333
-3.64583333222177,40.4642857143319,0,0.33333334
-3.64285714174596,40.4642857143319,0,0.40000001
-3.63988095127015,40.4642857143319,0,0.33333334
-3.63690476079435,40.4642857143319,0,0.33333334
-3.63392857031854,40.4642857143319,0,0.30000001
-3.63095237984273,40.4642857143319,0,0.33333334
-3.62797618936693,40.4642857143319,0,0.40000001
-3.62499999889112,40.4642857143319,0,0.50000000
-3.62202380841531,40.4642857143319,0,0.23333333
-3.61904761793951,40.4642857143319,0,0.13333334
-3.6160714274637,40.4642857143319,0,0.16666667
-3.61309523698789,40.4642857143319,0,0.26666668
-3.61011904651209,40.4642857143319,0,0.80000001
-3.60714285603628,40.4642857143319,0,1.23333335
-3.60416666556047,40.4642857143319,0,1.46666670
-3.60119047508467,40.4642857143319,0,1.63333333
-3.59821428460886,40.4642857143319,0,1.76666665
-3.59523809413305,40.4642857143319,0,0.93333334
-3.59226190365725,40.4642857143319,0,0.46666667
-3.58928571318144,40.4642857143319,0,0.43333334
-3.58630952270564,40.4642857143319,0,0.30000001
-3.58333333222983,40.4642857143319,0,0.26666668
-3.58035714175402,40.4642857143319,0,0.36666667
-3.57738095127822,40.4642857143319,0,0.50000000
-3.57440476080241,40.4642857143319,0,0.36666667
-3.5714285703266,40.4642857143319,0,0.10000000
-3.5684523798508,40.4642857143319,0,0.03333334
-3.56547618937499,40.4642857143319,0,0.20000000
-3.56249999889918,40.4642857143319,0,0.50000000
-3.55952380842338,40.4642857143319,0,0.96666664
-3.55654761794757,40.4642857143319,0,0.86666667
-3.55357142747176,40.4642857143319,0,1.39999998
-3.55059523699596,40.4642857143319,0,1.43333328
-3.54761904652015,40.4642857143319,0,1.03333330
-3.54464285604434,40.4642857143319,0,1.03333330
-3.54166666556854,40.4642857143319,0,1.39999998
-3.53869047509273,40.4642857143319,0,1.36666667
-3.53571428461692,40.4642857143319,0,0.63333333
-3.53273809414112,40.4642857143319,0,0.63333333
-3.52976190366531,40.4642857143319,0,1.10000002
-3.80059523696371,40.4613095238501,0,0.56666666
-3.7976190464879,40.4613095238501,0,0.63333333
-3.79464285601209,40.4613095238501,0,0.80000001
-3.79166666553629,40.4613095238501,0,0.80000001
-3.78869047506048,40.4613095238501,0,0.66666669
-3.78571428458467,40.4613095238501,0,0.56666666
-3.78273809410887,40.4613095238501,0,0.50000000
-3.77976190363306,40.4613095238501,0,0.73333335
-3.77678571315725,40.4613095238501,0,0.56666666
-3.77380952268145,40.4613095238501,0,0.56666666
-3.77083333220564,40.4613095238501,0,0.53333336
-3.76785714172983,40.4613095238501,0,0.53333336
-3.76488095125403,40.4613095238501,0,0.63333333
-3.76190476077822,40.4613095238501,0,0.86666667
-3.75892857030242,40.4613095238501,0,0.89999998
-3.75595237982661,40.4613095238501,0,1.06666672
-3.7529761893508,40.4613095238501,0,1.06666672
-3.749999998875,40.4613095238501,0,0.89999998
-3.74702380839919,40.4613095238501,0,1.13333333
-3.74404761792338,40.4613095238501,0,2.09999990
-3.74107142744758,40.4613095238501,0,2.03333330
-3.73809523697177,40.4613095238501,0,1.83333337
-3.73511904649596,40.4613095238501,0,2.23333335
-3.73214285602016,40.4613095238501,0,2.13333344
-3.72916666554435,40.4613095238501,0,1.46666670
-3.72619047506854,40.4613095238501,0,0.96666664
-3.72321428459274,40.4613095238501,0,1.06666672
-3.72023809411693,40.4613095238501,0,0.89999998
-3.71726190364112,40.4613095238501,0,0.56666666
-3.71428571316532,40.4613095238501,0,0.46666667
-3.71130952268951,40.4613095238501,0,0.43333334
-3.7083333322137,40.4613095238501,0,0.23333333
-3.7053571417379,40.4613095238501,0,0.13333334
-3.70238095126209,40.4613095238501,0,0.06666667
-3.69940476078628,40.4613095238501,0,0.06666667
-3.69642857031048,40.4613095238501,0,0.06666667
-3.69345237983467,40.4613095238501,0,0.10000000
-3.69047618935886,40.4613095238501,0,0.13333334
-3.68749999888306,40.4613095238501,0,0.26666668
-3.68452380840725,40.4613095238501,0,0.40000001
-3.68154761793144,40.4613095238501,0,0.40000001
-3.67857142745564,40.4613095238501,0,0.36666667
-3.67559523697983,40.4613095238501,0,0.33333334
-3.67261904650403,40.4613095238501,0,0.36666667
-3.66964285602822,40.4613095238501,0,0.30000001
-3.66666666555241,40.4613095238501,0,0.46666667
-3.66369047507661,40.4613095238501,0,0.56666666
-3.6607142846008,40.4613095238501,0,0.40000001
-3.65773809412499,40.4613095238501,0,0.33333334
-3.65476190364919,40.4613095238501,0,0.33333334
-3.65178571317338,40.4613095238501,0,0.26666668
-3.64880952269757,40.4613095238501,0,0.26666668
-3.64583333222177,40.4613095238501,0,0.30000001
-3.64285714174596,40.4613095238501,0,0.40000001
-3.63988095127015,40.4613095238501,0,0.50000000
-3.63690476079435,40.4613095238501,0,0.46666667
-3.63392857031854,40.4613095238501,0,0.40000001
-3.63095237984273,40.4613095238501,0,0.43333334
-3.62797618936693,40.4613095238501,0,0.53333336
-3.62499999889112,40.4613095238501,0,0.56666666
-3.62202380841531,40.4613095238501,0,0.56666666
-3.61904761793951,40.4613095238501,0,0.43333334
-3.6160714274637,40.4613095238501,0,0.46666667
-3.61309523698789,40.4613095238501,0,0.83333331
-3.61011904651209,40.4613095238501,0,1.20000005
-3.60714285603628,40.4613095238501,0,1.13333333
-3.60416666556047,40.4613095238501,0,1.46666670
-3.60119047508467,40.4613095238501,0,1.50000000
-3.59821428460886,40.4613095238501,0,1.53333330
-3.59523809413305,40.4613095238501,0,1.29999995
-3.59226190365725,40.4613095238501,0,0.53333336
-3.58928571318144,40.4613095238501,0,0.46666667
-3.58630952270564,40.4613095238501,0,0.53333336
-3.58333333222983,40.4613095238501,0,0.46666667
-3.58035714175402,40.4613095238501,0,0.43333334
-3.57738095127822,40.4613095238501,0,0.36666667
-3.57440476080241,40.4613095238501,0,0.10000000
-3.5714285703266,40.4613095238501,0,0.03333334
-3.5684523798508,40.4613095238501,0,0.00000000
-3.56547618937499,40.4613095238501,0,0.06666667
-3.56249999889918,40.4613095238501,0,0.16666667
-3.55952380842338,40.4613095238501,0,0.26666668
-3.55654761794757,40.4613095238501,0,0.33333334
-3.55357142747176,40.4613095238501,0,0.63333333
-3.55059523699596,40.4613095238501,0,1.00000000
-3.54761904652015,40.4613095238501,0,0.96666664
-3.54464285604434,40.4613095238501,0,0.60000002
-3.54166666556854,40.4613095238501,0,0.86666667
-3.53869047509273,40.4613095238501,0,0.73333335
-3.53571428461692,40.4613095238501,0,0.20000000
-3.53273809414112,40.4613095238501,0,0.23333333
-3.52976190366531,40.4613095238501,0,0.73333335
-3.79464285601209,40.4583333333682,0,0.53333336
-3.79166666553629,40.4583333333682,0,0.60000002
-3.78869047506048,40.4583333333682,0,0.56666666
-3.78571428458467,40.4583333333682,0,0.30000001
-3.78273809410887,40.4583333333682,0,0.23333333
-3.77976190363306,40.4583333333682,0,0.30000001
-3.77678571315725,40.4583333333682,0,0.60000002
-3.77380952268145,40.4583333333682,0,0.73333335
-3.77083333220564,40.4583333333682,0,0.66666669
-3.76785714172983,40.4583333333682,0,0.73333335
-3.76488095125403,40.4583333333682,0,0.80000001
-3.76190476077822,40.4583333333682,0,1.13333333
-3.75892857030242,40.4583333333682,0,1.53333330
-3.75595237982661,40.4583333333682,0,1.66666663
-3.7529761893508,40.4583333333682,0,1.53333330
-3.749999998875,40.4583333333682,0,1.06666672
-3.74702380839919,40.4583333333682,0,0.83333331
-3.74404761792338,40.4583333333682,0,1.13333333
-3.74107142744758,40.4583333333682,0,1.39999998
-3.73809523697177,40.4583333333682,0,1.36666667
-3.73511904649596,40.4583333333682,0,1.86666667
-3.73214285602016,40.4583333333682,0,1.86666667
-3.72916666554435,40.4583333333682,0,1.50000000
-3.72619047506854,40.4583333333682,0,1.50000000
-3.72321428459274,40.4583333333682,0,1.56666672
-3.72023809411693,40.4583333333682,0,1.46666670
-3.71726190364112,40.4583333333682,0,0.89999998
-3.71428571316532,40.4583333333682,0,0.40000001
-3.71130952268951,40.4583333333682,0,0.26666668
-3.7083333322137,40.4583333333682,0,0.10000000
-3.7053571417379,40.4583333333682,0,0.06666667
-3.70238095126209,40.4583333333682,0,0.06666667
-3.69940476078628,40.4583333333682,0,0.06666667
-3.69642857031048,40.4583333333682,0,0.13333334
-3.69345237983467,40.4583333333682,0,0.20000000
-3.69047618935886,40.4583333333682,0,0.20000000
-3.68749999888306,40.4583333333682,0,0.33333334
-3.68452380840725,40.4583333333682,0,0.36666667
-3.68154761793144,40.4583333333682,0,0.30000001
-3.67857142745564,40.4583333333682,0,0.16666667
-3.67559523697983,40.4583333333682,0,0.20000000
-3.67261904650403,40.4583333333682,0,0.30000001
-3.66964285602822,40.4583333333682,0,0.36666667
-3.66666666555241,40.4583333333682,0,0.43333334
-3.66369047507661,40.4583333333682,0,0.50000000
-3.6607142846008,40.4583333333682,0,0.40000001
-3.65773809412499,40.4583333333682,0,0.33333334
-3.65476190364919,40.4583333333682,0,0.30000001
-3.65178571317338,40.4583333333682,0,0.26666668
-3.64880952269757,40.4583333333682,0,0.23333333
-3.64583333222177,40.4583333333682,0,0.23333333
-3.64285714174596,40.4583333333682,0,0.33333334
-3.63988095127015,40.4583333333682,0,0.50000000
-3.63690476079435,40.4583333333682,0,0.69999999
-3.63392857031854,40.4583333333682,0,0.66666669
-3.63095237984273,40.4583333333682,0,0.60000002
-3.62797618936693,40.4583333333682,0,0.50000000
-3.62499999889112,40.4583333333682,0,0.46666667
-3.62202380841531,40.4583333333682,0,0.66666669
-3.61904761793951,40.4583333333682,0,0.56666666
-3.6160714274637,40.4583333333682,0,0.43333334
-3.61309523698789,40.4583333333682,0,0.76666665
-3.61011904651209,40.4583333333682,0,0.89999998
-3.60714285603628,40.4583333333682,0,0.96666664
-3.60416666556047,40.4583333333682,0,1.06666672
-3.60119047508467,40.4583333333682,0,1.13333333
-3.59821428460886,40.4583333333682,0,1.39999998
-3.59523809413305,40.4583333333682,0,1.16666663
-3.59226190365725,40.4583333333682,0,0.76666665
-3.58928571318144,40.4583333333682,0,0.56666666
-3.58630952270564,40.4583333333682,0,0.56666666
-3.58333333222983,40.4583333333682,0,0.56666666
-3.58035714175402,40.4583333333682,0,0.36666667
-3.57738095127822,40.4583333333682,0,0.20000000
-3.57440476080241,40.4583333333682,0,0.00000000
-3.5714285703266,40.4583333333682,0,0.00000000
-3.5684523798508,40.4583333333682,0,0.00000000
-3.56547618937499,40.4583333333682,0,0.03333334
-3.56249999889918,40.4583333333682,0,0.03333334
-3.55952380842338,40.4583333333682,0,0.03333334
-3.55654761794757,40.4583333333682,0,0.10000000
-3.55357142747176,40.4583333333682,0,0.16666667
-3.55059523699596,40.4583333333682,0,0.69999999
-3.54761904652015,40.4583333333682,0,1.00000000
-3.54464285604434,40.4583333333682,0,0.80000001
-3.54166666556854,40.4583333333682,0,0.93333334
-3.53869047509273,40.4583333333682,0,0.80000001
-3.53571428461692,40.4583333333682,0,0.56666666
-3.53273809414112,40.4583333333682,0,0.93333334
-3.52976190366531,40.4583333333682,0,1.29999995
-3.79166666553629,40.4553571428864,0,0.56666666
-3.78869047506048,40.4553571428864,0,0.66666669
-3.78571428458467,40.4553571428864,0,0.63333333
-3.78273809410887,40.4553571428864,0,0.53333336
-3.77976190363306,40.4553571428864,0,0.53333336
-3.77678571315725,40.4553571428864,0,0.63333333
-3.77380952268145,40.4553571428864,0,0.76666665
-3.77083333220564,40.4553571428864,0,0.76666665
-3.76785714172983,40.4553571428864,0,0.69999999
-3.76488095125403,40.4553571428864,0,1.00000000
-3.76190476077822,40.4553571428864,0,1.26666665
-3.75892857030242,40.4553571428864,0,1.63333333
-3.75595237982661,40.4553571428864,0,2.03333330
-3.7529761893508,40.4553571428864,0,1.93333328
-3.749999998875,40.4553571428864,0,1.50000000
-3.74702380839919,40.4553571428864,0,1.03333330
-3.74404761792338,40.4553571428864,0,1.16666663
-3.74107142744758,40.4553571428864,0,1.60000002
-3.73809523697177,40.4553571428864,0,1.76666665
-3.73511904649596,40.4553571428864,0,1.93333328
-3.73214285602016,40.4553571428864,0,1.73333335
-3.72916666554435,40.4553571428864,0,0.93333334
-3.72619047506854,40.4553571428864,0,0.96666664
-3.72321428459274,40.4553571428864,0,1.50000000
-3.72023809411693,40.4553571428864,0,1.60000002
-3.71726190364112,40.4553571428864,0,0.93333334
-3.71428571316532,40.4553571428864,0,0.43333334
-3.71130952268951,40.4553571428864,0,0.26666668
-3.7083333322137,40.4553571428864,0,0.13333334
-3.7053571417379,40.4553571428864,0,0.06666667
-3.70238095126209,40.4553571428864,0,0.06666667
-3.69940476078628,40.4553571428864,0,0.10000000
-3.69642857031048,40.4553571428864,0,0.20000000
-3.69345237983467,40.4553571428864,0,0.20000000
-3.69047618935886,40.4553571428864,0,0.20000000
-3.68749999888306,40.4553571428864,0,0.23333333
-3.68452380840725,40.4553571428864,0,0.33333334
-3.68154761793144,40.4553571428864,0,0.26666668
-3.67857142745564,40.4553571428864,0,0.16666667
-3.67559523697983,40.4553571428864,0,0.20000000
-3.67261904650403,40.4553571428864,0,0.33333334
-3.66964285602822,40.4553571428864,0,0.36666667
-3.66666666555241,40.4553571428864,0,0.36666667
-3.66369047507661,40.4553571428864,0,0.36666667
-3.6607142846008,40.4553571428864,0,0.33333334
-3.65773809412499,40.4553571428864,0,0.33333334
-3.65476190364919,40.4553571428864,0,0.33333334
-3.65178571317338,40.4553571428864,0,0.30000001
-3.64880952269757,40.4553571428864,0,0.36666667
-3.64583333222177,40.4553571428864,0,0.46666667
-3.64285714174596,40.4553571428864,0,0.56666666
-3.63988095127015,40.4553571428864,0,0.73333335
-3.63690476079435,40.4553571428864,0,0.80000001
-3.63392857031854,40.4553571428864,0,0.83333331
-3.63095237984273,40.4553571428864,0,0.76666665
-3.62797618936693,40.4553571428864,0,0.60000002
-3.62499999889112,40.4553571428864,0,0.40000001
-3.62202380841531,40.4553571428864,0,0.36666667
-3.61904761793951,40.4553571428864,0,0.30000001
-3.6160714274637,40.4553571428864,0,0.40000001
-3.61309523698789,40.4553571428864,0,0.60000002
-3.61011904651209,40.4553571428864,0,0.63333333
-3.60714285603628,40.4553571428864,0,0.93333334
-3.60416666556047,40.4553571428864,0,1.10000002
-3.60119047508467,40.4553571428864,0,1.13333333
-3.59821428460886,40.4553571428864,0,1.26666665
-3.59523809413305,40.4553571428864,0,0.93333334
-3.59226190365725,40.4553571428864,0,0.60000002
-3.58928571318144,40.4553571428864,0,0.50000000
-3.58630952270564,40.4553571428864,0,0.50000000
-3.58333333222983,40.4553571428864,0,0.36666667
-3.58035714175402,40.4553571428864,0,0.13333334
-3.57738095127822,40.4553571428864,0,0.06666667
-3.57440476080241,40.4553571428864,0,0.00000000
-3.5714285703266,40.4553571428864,0,0.00000000
-3.5684523798508,40.4553571428864,0,0.00000000
-3.56547618937499,40.4553571428864,0,0.06666667
-3.56249999889918,40.4553571428864,0,0.20000000
-3.55952380842338,40.4553571428864,0,0.40000001
-3.55654761794757,40.4553571428864,0,0.46666667
-3.55357142747176,40.4553571428864,0,0.63333333
-3.55059523699596,40.4553571428864,0,0.80000001
-3.54761904652015,40.4553571428864,0,0.80000001
-3.54464285604434,40.4553571428864,0,0.86666667
-3.54166666556854,40.4553571428864,0,0.89999998
-3.53869047509273,40.4553571428864,0,0.40000001
-3.53571428461692,40.4553571428864,0,0.66666669
-3.53273809414112,40.4553571428864,0,1.23333335
-3.52976190366531,40.4553571428864,0,1.46666670
-3.5267857131895,40.4553571428864,0,1.36666667
-3.79166666553629,40.4523809524046,0,0.83333331
-3.78869047506048,40.4523809524046,0,0.96666664
-3.78571428458467,40.4523809524046,0,0.93333334
-3.78273809410887,40.4523809524046,0,0.66666669
-3.77976190363306,40.4523809524046,0,0.66666669
-3.77678571315725,40.4523809524046,0,0.66666669
-3.77380952268145,40.4523809524046,0,0.66666669
-3.77083333220564,40.4523809524046,0,0.66666669
-3.76785714172983,40.4523809524046,0,0.83333331
-3.76488095125403,40.4523809524046,0,1.29999995
-3.76190476077822,40.4523809524046,0,1.66666663
-3.75892857030242,40.4523809524046,0,1.83333337
-3.75595237982661,40.4523809524046,0,1.86666667
-3.7529761893508,40.4523809524046,0,2.09999990
-3.749999998875,40.4523809524046,0,1.53333330
-3.74702380839919,40.4523809524046,0,1.03333330
-3.74404761792338,40.4523809524046,0,0.80000001
-3.74107142744758,40.4523809524046,0,1.03333330
-3.73809523697177,40.4523809524046,0,1.46666670
-3.73511904649596,40.4523809524046,0,1.56666672
-3.73214285602016,40.4523809524046,0,1.50000000
-3.72916666554435,40.4523809524046,0,0.89999998
-3.72619047506854,40.4523809524046,0,0.80000001
-3.72321428459274,40.4523809524046,0,1.13333333
-3.72023809411693,40.4523809524046,0,1.20000005
-3.71726190364112,40.4523809524046,0,0.76666665
-3.71428571316532,40.4523809524046,0,0.60000002
-3.71130952268951,40.4523809524046,0,0.30000001
-3.7083333322137,40.4523809524046,0,0.06666667
-3.7053571417379,40.4523809524046,0,0.06666667
-3.70238095126209,40.4523809524046,0,0.06666667
-3.69940476078628,40.4523809524046,0,0.13333334
-3.69642857031048,40.4523809524046,0,0.23333333
-3.69345237983467,40.4523809524046,0,0.23333333
-3.69047618935886,40.4523809524046,0,0.13333334
-3.68749999888306,40.4523809524046,0,0.10000000
-3.68452380840725,40.4523809524046,0,0.26666668
-3.68154761793144,40.4523809524046,0,0.23333333
-3.67857142745564,40.4523809524046,0,0.26666668
-3.67559523697983,40.4523809524046,0,0.40000001
-3.67261904650403,40.4523809524046,0,0.33333334
-3.66964285602822,40.4523809524046,0,0.30000001
-3.66666666555241,40.4523809524046,0,0.33333334
-3.66369047507661,40.4523809524046,0,0.43333334
-3.6607142846008,40.4523809524046,0,0.43333334
-3.65773809412499,40.4523809524046,0,0.43333334
-3.65476190364919,40.4523809524046,0,0.43333334
-3.65178571317338,40.4523809524046,0,0.43333334
-3.64880952269757,40.4523809524046,0,0.50000000
-3.64583333222177,40.4523809524046,0,0.66666669
-3.64285714174596,40.4523809524046,0,0.73333335
-3.63988095127015,40.4523809524046,0,0.69999999
-3.63690476079435,40.4523809524046,0,0.76666665
-3.63392857031854,40.4523809524046,0,1.00000000
-3.63095237984273,40.4523809524046,0,1.46666670
-3.62797618936693,40.4523809524046,0,1.43333328
-3.62499999889112,40.4523809524046,0,0.63333333
-3.62202380841531,40.4523809524046,0,0.43333334
-3.61904761793951,40.4523809524046,0,0.40000001
-3.6160714274637,40.4523809524046,0,0.46666667
-3.61309523698789,40.4523809524046,0,0.46666667
-3.61011904651209,40.4523809524046,0,0.43333334
-3.60714285603628,40.4523809524046,0,0.73333335
-3.60416666556047,40.4523809524046,0,0.93333334
-3.60119047508467,40.4523809524046,0,1.00000000
-3.59821428460886,40.4523809524046,0,0.86666667
-3.59523809413305,40.4523809524046,0,0.66666669
-3.59226190365725,40.4523809524046,0,0.50000000
-3.58928571318144,40.4523809524046,0,0.56666666
-3.58630952270564,40.4523809524046,0,0.36666667
-3.58333333222983,40.4523809524046,0,0.13333334
-3.58035714175402,40.4523809524046,0,0.13333334
-3.57738095127822,40.4523809524046,0,0.10000000
-3.57440476080241,40.4523809524046,0,0.03333334
-3.5714285703266,40.4523809524046,0,0.06666667
-3.5684523798508,40.4523809524046,0,0.10000000
-3.56547618937499,40.4523809524046,0,0.26666668
-3.56249999889918,40.4523809524046,0,0.43333334
-3.55952380842338,40.4523809524046,0,0.69999999
-3.55654761794757,40.4523809524046,0,0.63333333
-3.55357142747176,40.4523809524046,0,0.76666665
-3.55059523699596,40.4523809524046,0,0.86666667
-3.54761904652015,40.4523809524046,0,0.83333331
-3.54464285604434,40.4523809524046,0,0.83333331
-3.54166666556854,40.4523809524046,0,0.60000002
-3.53869047509273,40.4523809524046,0,0.30000001
-3.53571428461692,40.4523809524046,0,0.40000001
-3.78869047506048,40.4494047619228,0,0.56666666
-3.78571428458467,40.4494047619228,0,0.46666667
-3.78273809410887,40.4494047619228,0,0.50000000
-3.77976190363306,40.4494047619228,0,0.56666666
-3.77678571315725,40.4494047619228,0,0.63333333
-3.77380952268145,40.4494047619228,0,0.66666669
-3.77083333220564,40.4494047619228,0,0.69999999
-3.76785714172983,40.4494047619228,0,0.86666667
-3.76488095125403,40.4494047619228,0,1.06666672
-3.76190476077822,40.4494047619228,0,1.23333335
-3.75892857030242,40.4494047619228,0,1.83333337
-3.75595237982661,40.4494047619228,0,2.26666665
-3.7529761893508,40.4494047619228,0,2.13333344
-3.749999998875,40.4494047619228,0,1.83333337
-3.74702380839919,40.4494047619228,0,1.60000002
-3.74404761792338,40.4494047619228,0,1.03333330
-3.74107142744758,40.4494047619228,0,0.76666665
-3.73809523697177,40.4494047619228,0,0.89999998
-3.73511904649596,40.4494047619228,0,0.89999998
-3.73214285602016,40.4494047619228,0,0.69999999
-3.72916666554435,40.4494047619228,0,0.69999999
-3.72619047506854,40.4494047619228,0,0.60000002
-3.72321428459274,40.4494047619228,0,0.69999999
-3.72023809411693,40.4494047619228,0,0.66666669
-3.71726190364112,40.4494047619228,0,0.53333336
-3.71428571316532,40.4494047619228,0,0.40000001
-3.71130952268951,40.4494047619228,0,0.26666668
-3.7083333322137,40.4494047619228,0,0.10000000
-3.7053571417379,40.4494047619228,0,0.06666667
-3.70238095126209,40.4494047619228,0,0.10000000
-3.69940476078628,40.4494047619228,0,0.10000000
-3.69642857031048,40.4494047619228,0,0.20000000
-3.69345237983467,40.4494047619228,0,0.23333333
-3.69047618935886,40.4494047619228,0,0.23333333
-3.68749999888306,40.4494047619228,0,0.30000001
-3.68452380840725,40.4494047619228,0,0.33333334
-3.68154761793144,40.4494047619228,0,0.30000001
-3.67857142745564,40.4494047619228,0,0.23333333
-3.67559523697983,40.4494047619228,0,0.30000001
-3.67261904650403,40.4494047619228,0,0.26666668
-3.66964285602822,40.4494047619228,0,0.16666667
-3.66666666555241,40.4494047619228,0,0.23333333
-3.66369047507661,40.4494047619228,0,0.33333334
-3.6607142846008,40.4494047619228,0,0.43333334
-3.65773809412499,40.4494047619228,0,0.46666667
-3.65476190364919,40.4494047619228,0,0.40000001
-3.65178571317338,40.4494047619228,0,0.36666667
-3.64880952269757,40.4494047619228,0,0.40000001
-3.64583333222177,40.4494047619228,0,0.46666667
-3.64285714174596,40.4494047619228,0,0.60000002
-3.63988095127015,40.4494047619228,0,0.73333335
-3.63690476079435,40.4494047619228,0,0.73333335
-3.63392857031854,40.4494047619228,0,0.80000001
-3.63095237984273,40.4494047619228,0,1.16666663
-3.62797618936693,40.4494047619228,0,1.00000000
-3.62499999889112,40.4494047619228,0,0.76666665
-3.62202380841531,40.4494047619228,0,0.80000001
-3.61904761793951,40.4494047619228,0,0.69999999
-3.6160714274637,40.4494047619228,0,0.50000000
-3.61309523698789,40.4494047619228,0,0.36666667
-3.61011904651209,40.4494047619228,0,0.33333334
-3.60714285603628,40.4494047619228,0,0.40000001
-3.60416666556047,40.4494047619228,0,0.53333336
-3.60119047508467,40.4494047619228,0,0.56666666
-3.59821428460886,40.4494047619228,0,0.63333333
-3.59523809413305,40.4494047619228,0,0.43333334
-3.59226190365725,40.4494047619228,0,0.46666667
-3.58928571318144,40.4494047619228,0,0.66666669
-3.58630952270564,40.4494047619228,0,0.43333334
-3.58333333222983,40.4494047619228,0,0.23333333
-3.58035714175402,40.4494047619228,0,0.23333333
-3.57738095127822,40.4494047619228,0,0.26666668
-3.57440476080241,40.4494047619228,0,0.20000000
-3.5714285703266,40.4494047619228,0,0.23333333
-3.5684523798508,40.4494047619228,0,0.13333334
-3.56547618937499,40.4494047619228,0,0.26666668
-3.56249999889918,40.4494047619228,0,0.43333334
-3.55952380842338,40.4494047619228,0,0.36666667
-3.55654761794757,40.4494047619228,0,0.26666668
-3.55357142747176,40.4494047619228,0,0.30000001
-3.55059523699596,40.4494047619228,0,0.46666667
-3.54761904652015,40.4494047619228,0,0.50000000
-3.54464285604434,40.4494047619228,0,0.50000000
-3.54166666556854,40.4494047619228,0,0.60000002
-3.53869047509273,40.4494047619228,0,0.50000000
-3.53571428461692,40.4494047619228,0,0.50000000
-3.53273809414112,40.4494047619228,0,0.66666669
-3.78869047506048,40.446428571441,0,0.50000000
-3.78571428458467,40.446428571441,0,0.46666667
-3.78273809410887,40.446428571441,0,0.63333333
-3.77976190363306,40.446428571441,0,0.76666665
-3.77678571315725,40.446428571441,0,1.10000002
-3.77380952268145,40.446428571441,0,1.23333335
-3.77083333220564,40.446428571441,0,1.26666665
-3.76785714172983,40.446428571441,0,1.36666667
-3.76488095125403,40.446428571441,0,1.50000000
-3.76190476077822,40.446428571441,0,1.53333330
-3.75892857030242,40.446428571441,0,1.83333337
-3.75595237982661,40.446428571441,0,2.40000010
-3.7529761893508,40.446428571441,0,2.63333344
-3.749999998875,40.446428571441,0,2.59999990
-3.74702380839919,40.446428571441,0,1.73333335
-3.74404761792338,40.446428571441,0,1.23333335
-3.74107142744758,40.446428571441,0,0.93333334
-3.73809523697177,40.446428571441,0,0.86666667
-3.73511904649596,40.446428571441,0,0.80000001
-3.73214285602016,40.446428571441,0,0.69999999
-3.72916666554435,40.446428571441,0,0.93333334
-3.72619047506854,40.446428571441,0,0.66666669
-3.72321428459274,40.446428571441,0,0.73333335
-3.72023809411693,40.446428571441,0,0.53333336
-3.71726190364112,40.446428571441,0,0.36666667
-3.71428571316532,40.446428571441,0,0.23333333
-3.71130952268951,40.446428571441,0,0.16666667
-3.7083333322137,40.446428571441,0,0.23333333
-3.7053571417379,40.446428571441,0,0.20000000
-3.70238095126209,40.446428571441,0,0.13333334
-3.69940476078628,40.446428571441,0,0.10000000
-3.69642857031048,40.446428571441,0,0.13333334
-3.69345237983467,40.446428571441,0,0.16666667
-3.69047618935886,40.446428571441,0,0.23333333
-3.68749999888306,40.446428571441,0,0.30000001
-3.68452380840725,40.446428571441,0,0.33333334
-3.68154761793144,40.446428571441,0,0.30000001
-3.67857142745564,40.446428571441,0,0.20000000
-3.67559523697983,40.446428571441,0,0.10000000
-3.67261904650403,40.446428571441,0,0.10000000
-3.66964285602822,40.446428571441,0,0.10000000
-3.66666666555241,40.446428571441,0,0.23333333
-3.66369047507661,40.446428571441,0,0.33333334
-3.6607142846008,40.446428571441,0,0.46666667
-3.65773809412499,40.446428571441,0,0.46666667
-3.65476190364919,40.446428571441,0,0.26666668
-3.65178571317338,40.446428571441,0,0.33333334
-3.64880952269757,40.446428571441,0,0.36666667
-3.64583333222177,40.446428571441,0,0.33333334
-3.64285714174596,40.446428571441,0,0.30000001
-3.63988095127015,40.446428571441,0,0.46666667
-3.63690476079435,40.446428571441,0,0.46666667
-3.63392857031854,40.446428571441,0,0.53333336
-3.63095237984273,40.446428571441,0,0.89999998
-3.62797618936693,40.446428571441,0,0.89999998
-3.62499999889112,40.446428571441,0,1.03333330
-3.62202380841531,40.446428571441,0,1.33333337
-3.61904761793951,40.446428571441,0,1.13333333
-3.6160714274637,40.446428571441,0,0.46666667
-3.61309523698789,40.446428571441,0,0.23333333
-3.61011904651209,40.446428571441,0,0.16666667
-3.60714285603628,40.446428571441,0,0.20000000
-3.60416666556047,40.446428571441,0,0.26666668
-3.60119047508467,40.446428571441,0,0.43333334
-3.59821428460886,40.446428571441,0,0.60000002
-3.59523809413305,40.446428571441,0,0.43333334
-3.59226190365725,40.446428571441,0,0.53333336
-3.58928571318144,40.446428571441,0,0.56666666
-3.58630952270564,40.446428571441,0,0.13333334
-3.58333333222983,40.446428571441,0,0.13333334
-3.58035714175402,40.446428571441,0,0.16666667
-3.57738095127822,40.446428571441,0,0.23333333
-3.57440476080241,40.446428571441,0,0.50000000
-3.5714285703266,40.446428571441,0,0.50000000
-3.5684523798508,40.446428571441,0,0.23333333
-3.56547618937499,40.446428571441,0,0.23333333
-3.56249999889918,40.446428571441,0,0.40000001
-3.55952380842338,40.446428571441,0,0.10000000
-3.55654761794757,40.446428571441,0,0.06666667
-3.55357142747176,40.446428571441,0,0.10000000
-3.55059523699596,40.446428571441,0,0.23333333
-3.54761904652015,40.446428571441,0,0.20000000
-3.54464285604434,40.446428571441,0,0.23333333
-3.54166666556854,40.446428571441,0,0.20000000
-3.53869047509273,40.446428571441,0,0.16666667
-3.53571428461692,40.446428571441,0,0.26666668
-3.78869047506048,40.4434523809592,0,0.40000001
-3.76785714172983,40.4434523809592,0,1.79999995
-3.76488095125403,40.4434523809592,0,1.89999998
-3.76190476077822,40.4434523809592,0,2.00000000
-3.75892857030242,40.4434523809592,0,1.93333328
-3.75595237982661,40.4434523809592,0,1.89999998
-3.7529761893508,40.4434523809592,0,1.83333337
-3.749999998875,40.4434523809592,0,1.66666663
-3.74702380839919,40.4434523809592,0,1.39999998
-3.74404761792338,40.4434523809592,0,0.69999999
-3.74107142744758,40.4434523809592,0,0.80000001
-3.73809523697177,40.4434523809592,0,0.96666664
-3.73511904649596,40.4434523809592,0,0.76666665
-3.73214285602016,40.4434523809592,0,0.66666669
-3.72916666554435,40.4434523809592,0,0.80000001
-3.72619047506854,40.4434523809592,0,0.60000002
-3.72321428459274,40.4434523809592,0,0.83333331
-3.72023809411693,40.4434523809592,0,0.63333333
-3.71726190364112,40.4434523809592,0,0.30000001
-3.71428571316532,40.4434523809592,0,0.23333333
-3.71130952268951,40.4434523809592,0,0.20000000
-3.7083333322137,40.4434523809592,0,0.33333334
-3.7053571417379,40.4434523809592,0,0.30000001
-3.70238095126209,40.4434523809592,0,0.13333334
-3.69940476078628,40.4434523809592,0,0.10000000
-3.69642857031048,40.4434523809592,0,0.10000000
-3.69345237983467,40.4434523809592,0,0.20000000
-3.69047618935886,40.4434523809592,0,0.26666668
-3.68749999888306,40.4434523809592,0,0.26666668
-3.68452380840725,40.4434523809592,0,0.26666668
-3.68154761793144,40.4434523809592,0,0.23333333
-3.67857142745564,40.4434523809592,0,0.20000000
-3.67559523697983,40.4434523809592,0,0.10000000
-3.67261904650403,40.4434523809592,0,0.06666667
-3.66964285602822,40.4434523809592,0,0.10000000
-3.66666666555241,40.4434523809592,0,0.23333333
-3.66369047507661,40.4434523809592,0,0.33333334
-3.6607142846008,40.4434523809592,0,0.46666667
-3.65773809412499,40.4434523809592,0,0.46666667
-3.65476190364919,40.4434523809592,0,0.30000001
-3.65178571317338,40.4434523809592,0,0.33333334
-3.64880952269757,40.4434523809592,0,0.30000001
-3.64583333222177,40.4434523809592,0,0.26666668
-3.64285714174596,40.4434523809592,0,0.30000001
-3.63988095127015,40.4434523809592,0,0.40000001
-3.63690476079435,40.4434523809592,0,0.40000001
-3.63392857031854,40.4434523809592,0,0.36666667
-3.63095237984273,40.4434523809592,0,0.96666664
-3.62797618936693,40.4434523809592,0,1.36666667
-3.62499999889112,40.4434523809592,0,0.86666667
-3.62202380841531,40.4434523809592,0,1.33333337
-3.61904761793951,40.4434523809592,0,1.46666670
-3.6160714274637,40.4434523809592,0,0.63333333
-3.61309523698789,40.4434523809592,0,0.23333333
-3.61011904651209,40.4434523809592,0,0.20000000
-3.60714285603628,40.4434523809592,0,0.13333334
-3.60416666556047,40.4434523809592,0,0.10000000
-3.60119047508467,40.4434523809592,0,0.10000000
-3.59821428460886,40.4434523809592,0,0.20000000
-3.59523809413305,40.4434523809592,0,0.50000000
-3.59226190365725,40.4434523809592,0,0.46666667
-3.58928571318144,40.4434523809592,0,0.36666667
-3.58630952270564,40.4434523809592,0,0.23333333
-3.58333333222983,40.4434523809592,0,0.16666667
-3.58035714175402,40.4434523809592,0,0.40000001
-3.57738095127822,40.4434523809592,0,0.50000000
-3.57440476080241,40.4434523809592,0,0.80000001
-3.5714285703266,40.4434523809592,0,0.69999999
-3.5684523798508,40.4434523809592,0,0.33333334
-3.56547618937499,40.4434523809592,0,0.23333333
-3.56249999889918,40.4434523809592,0,0.36666667
-3.55952380842338,40.4434523809592,0,0.33333334
-3.55654761794757,40.4434523809592,0,0.10000000
-3.55357142747176,40.4434523809592,0,0.10000000
-3.55059523699596,40.4434523809592,0,0.10000000
-3.54761904652015,40.4434523809592,0,0.20000000
-3.54464285604434,40.4434523809592,0,0.36666667
-3.54166666556854,40.4434523809592,0,0.20000000
-3.76785714172983,40.4404761904773,0,2.20000005
-3.76488095125403,40.4404761904773,0,2.20000005
-3.76190476077822,40.4404761904773,0,2.20000005
-3.75892857030242,40.4404761904773,0,2.23333335
-3.75595237982661,40.4404761904773,0,2.03333330
-3.7529761893508,40.4404761904773,0,1.86666667
-3.749999998875,40.4404761904773,0,1.66666663
-3.74702380839919,40.4404761904773,0,1.50000000
-3.74404761792338,40.4404761904773,0,1.20000005
-3.74107142744758,40.4404761904773,0,0.89999998
-3.73809523697177,40.4404761904773,0,0.80000001
-3.73511904649596,40.4404761904773,0,0.56666666
-3.73214285602016,40.4404761904773,0,0.53333336
-3.72916666554435,40.4404761904773,0,0.66666669
-3.72619047506854,40.4404761904773,0,0.73333335
-3.72321428459274,40.4404761904773,0,0.86666667
-3.72023809411693,40.4404761904773,0,0.63333333
-3.71726190364112,40.4404761904773,0,0.23333333
-3.71428571316532,40.4404761904773,0,0.13333334
-3.71130952268951,40.4404761904773,0,0.13333334
-3.7083333322137,40.4404761904773,0,0.16666667
-3.7053571417379,40.4404761904773,0,0.26666668
-3.70238095126209,40.4404761904773,0,0.23333333
-3.69940476078628,40.4404761904773,0,0.13333334
-3.69642857031048,40.4404761904773,0,0.10000000
-3.69345237983467,40.4404761904773,0,0.23333333
-3.69047618935886,40.4404761904773,0,0.30000001
-3.68749999888306,40.4404761904773,0,0.33333334
-3.68452380840725,40.4404761904773,0,0.40000001
-3.68154761793144,40.4404761904773,0,0.23333333
-3.67857142745564,40.4404761904773,0,0.13333334
-3.67559523697983,40.4404761904773,0,0.10000000
-3.67261904650403,40.4404761904773,0,0.10000000
-3.66964285602822,40.4404761904773,0,0.16666667
-3.66666666555241,40.4404761904773,0,0.26666668
-3.66369047507661,40.4404761904773,0,0.23333333
-3.6607142846008,40.4404761904773,0,0.36666667
-3.65773809412499,40.4404761904773,0,0.33333334
-3.65476190364919,40.4404761904773,0,0.20000000
-3.65178571317338,40.4404761904773,0,0.20000000
-3.64880952269757,40.4404761904773,0,0.23333333
-3.64583333222177,40.4404761904773,0,0.20000000
-3.64285714174596,40.4404761904773,0,0.20000000
-3.63988095127015,40.4404761904773,0,0.33333334
-3.63690476079435,40.4404761904773,0,0.33333334
-3.63392857031854,40.4404761904773,0,0.30000001
-3.63095237984273,40.4404761904773,0,0.23333333
-3.62797618936693,40.4404761904773,0,0.43333334
-3.62499999889112,40.4404761904773,0,0.20000000
-3.62202380841531,40.4404761904773,0,0.23333333
-3.61904761793951,40.4404761904773,0,0.30000001
-3.6160714274637,40.4404761904773,0,0.23333333
-3.61309523698789,40.4404761904773,0,0.23333333
-3.61011904651209,40.4404761904773,0,0.23333333
-3.60714285603628,40.4404761904773,0,0.20000000
-3.60416666556047,40.4404761904773,0,0.13333334
-3.60119047508467,40.4404761904773,0,0.10000000
-3.59821428460886,40.4404761904773,0,0.10000000
-3.59523809413305,40.4404761904773,0,0.20000000
-3.59226190365725,40.4404761904773,0,0.40000001
-3.58928571318144,40.4404761904773,0,0.56666666
-3.58630952270564,40.4404761904773,0,0.50000000
-3.58333333222983,40.4404761904773,0,0.83333331
-3.58035714175402,40.4404761904773,0,0.89999998
-3.57738095127822,40.4404761904773,0,1.16666663
-3.57440476080241,40.4404761904773,0,1.06666672
-3.5714285703266,40.4404761904773,0,1.00000000
-3.5684523798508,40.4404761904773,0,0.53333336
-3.56547618937499,40.4404761904773,0,0.50000000
-3.56249999889918,40.4404761904773,0,0.66666669
-3.55952380842338,40.4404761904773,0,0.83333331
-3.55654761794757,40.4404761904773,0,0.60000002
-3.76785714172983,40.4374999999955,0,2.13333344
-3.76488095125403,40.4374999999955,0,2.13333344
-3.76190476077822,40.4374999999955,0,2.23333335
-3.75892857030242,40.4374999999955,0,2.23333335
-3.75595237982661,40.4374999999955,0,2.23333335
-3.7529761893508,40.4374999999955,0,2.29999995
-3.749999998875,40.4374999999955,0,2.20000005
-3.74702380839919,40.4374999999955,0,1.76666665
-3.74404761792338,40.4374999999955,0,1.36666667
-3.74107142744758,40.4374999999955,0,0.96666664
-3.73809523697177,40.4374999999955,0,0.56666666
-3.73511904649596,40.4374999999955,0,0.46666667
-3.73214285602016,40.4374999999955,0,0.56666666
-3.72916666554435,40.4374999999955,0,0.93333334
-3.72619047506854,40.4374999999955,0,0.93333334
-3.72321428459274,40.4374999999955,0,0.86666667
-3.72023809411693,40.4374999999955,0,0.69999999
-3.71726190364112,40.4374999999955,0,0.16666667
-3.71428571316532,40.4374999999955,0,0.06666667
-3.71130952268951,40.4374999999955,0,0.06666667
-3.7083333322137,40.4374999999955,0,0.03333334
-3.7053571417379,40.4374999999955,0,0.10000000
-3.70238095126209,40.4374999999955,0,0.13333334
-3.69940476078628,40.4374999999955,0,0.10000000
-3.69642857031048,40.4374999999955,0,0.10000000
-3.69345237983467,40.4374999999955,0,0.10000000
-3.69047618935886,40.4374999999955,0,0.16666667
-3.68749999888306,40.4374999999955,0,0.23333333
-3.68452380840725,40.4374999999955,0,0.26666668
-3.68154761793144,40.4374999999955,0,0.16666667
-3.67857142745564,40.4374999999955,0,0.13333334
-3.67559523697983,40.4374999999955,0,0.06666667
-3.67261904650403,40.4374999999955,0,0.06666667
-3.66964285602822,40.4374999999955,0,0.13333334
-3.66666666555241,40.4374999999955,0,0.16666667
-3.66369047507661,40.4374999999955,0,0.23333333
-3.6607142846008,40.4374999999955,0,0.36666667
-3.65773809412499,40.4374999999955,0,0.30000001
-3.65476190364919,40.4374999999955,0,0.20000000
-3.65178571317338,40.4374999999955,0,0.20000000
-3.64880952269757,40.4374999999955,0,0.20000000
-3.64583333222177,40.4374999999955,0,0.13333334
-3.64285714174596,40.4374999999955,0,0.06666667
-3.63988095127015,40.4374999999955,0,0.13333334
-3.63690476079435,40.4374999999955,0,0.10000000
-3.63392857031854,40.4374999999955,0,0.13333334
-3.63095237984273,40.4374999999955,0,0.10000000
-3.62797618936693,40.4374999999955,0,0.06666667
-3.62499999889112,40.4374999999955,0,0.10000000
-3.62202380841531,40.4374999999955,0,0.16666667
-3.61904761793951,40.4374999999955,0,0.16666667
-3.6160714274637,40.4374999999955,0,0.16666667
-3.61309523698789,40.4374999999955,0,0.16666667
-3.61011904651209,40.4374999999955,0,0.16666667
-3.60714285603628,40.4374999999955,0,0.23333333
-3.60416666556047,40.4374999999955,0,0.13333334
-3.60119047508467,40.4374999999955,0,0.13333334
-3.59821428460886,40.4374999999955,0,0.06666667
-3.59523809413305,40.4374999999955,0,0.16666667
-3.59226190365725,40.4374999999955,0,0.50000000
-3.58928571318144,40.4374999999955,0,1.00000000
-3.58630952270564,40.4374999999955,0,1.03333330
-3.58333333222983,40.4374999999955,0,1.26666665
-3.58035714175402,40.4374999999955,0,1.76666665
-3.57738095127822,40.4374999999955,0,1.76666665
-3.57440476080241,40.4374999999955,0,1.53333330
-3.5714285703266,40.4374999999955,0,1.36666667
-3.5684523798508,40.4374999999955,0,1.03333330
-3.56547618937499,40.4374999999955,0,0.33333334
-3.56249999889918,40.4374999999955,0,0.43333334
-3.76785714172983,40.4345238095137,0,2.13333344
-3.76488095125403,40.4345238095137,0,2.13333344
-3.76190476077822,40.4345238095137,0,2.13333344
-3.75892857030242,40.4345238095137,0,1.93333328
-3.75595237982661,40.4345238095137,0,2.00000000
-3.7529761893508,40.4345238095137,0,2.13333344
-3.749999998875,40.4345238095137,0,2.16666675
-3.74702380839919,40.4345238095137,0,2.00000000
-3.74404761792338,40.4345238095137,0,1.89999998
-3.74107142744758,40.4345238095137,0,1.53333330
-3.73809523697177,40.4345238095137,0,1.03333330
-3.73511904649596,40.4345238095137,0,0.66666669
-3.73214285602016,40.4345238095137,0,0.76666665
-3.72916666554435,40.4345238095137,0,1.13333333
-3.72619047506854,40.4345238095137,0,1.43333328
-3.72321428459274,40.4345238095137,0,1.06666672
-3.72023809411693,40.4345238095137,0,0.66666669
-3.71726190364112,40.4345238095137,0,0.20000000
-3.71428571316532,40.4345238095137,0,0.06666667
-3.71130952268951,40.4345238095137,0,0.10000000
-3.7083333322137,40.4345238095137,0,0.06666667
-3.7053571417379,40.4345238095137,0,0.06666667
-3.70238095126209,40.4345238095137,0,0.06666667
-3.69940476078628,40.4345238095137,0,0.06666667
-3.69642857031048,40.4345238095137,0,0.10000000
-3.69345237983467,40.4345238095137,0,0.10000000
-3.69047618935886,40.4345238095137,0,0.16666667
-3.68749999888306,40.4345238095137,0,0.20000000
-3.68452380840725,40.4345238095137,0,0.10000000
-3.68154761793144,40.4345238095137,0,0.10000000
-3.67857142745564,40.4345238095137,0,0.10000000
-3.67559523697983,40.4345238095137,0,0.06666667
-3.67261904650403,40.4345238095137,0,0.06666667
-3.66964285602822,40.4345238095137,0,0.10000000
-3.66666666555241,40.4345238095137,0,0.16666667
-3.66369047507661,40.4345238095137,0,0.26666668
-3.6607142846008,40.4345238095137,0,0.33333334
-3.65773809412499,40.4345238095137,0,0.20000000
-3.65476190364919,40.4345238095137,0,0.16666667
-3.65178571317338,40.4345238095137,0,0.33333334
-3.64880952269757,40.4345238095137,0,0.16666667
-3.64583333222177,40.4345238095137,0,0.10000000
-3.64285714174596,40.4345238095137,0,0.06666667
-3.63988095127015,40.4345238095137,0,0.06666667
-3.63690476079435,40.4345238095137,0,0.13333334
-3.63392857031854,40.4345238095137,0,0.13333334
-3.63095237984273,40.4345238095137,0,0.06666667
-3.62797618936693,40.4345238095137,0,0.06666667
-3.62499999889112,40.4345238095137,0,0.20000000
-3.62202380841531,40.4345238095137,0,0.43333334
-3.61904761793951,40.4345238095137,0,0.50000000
-3.6160714274637,40.4345238095137,0,0.30000001
-3.61309523698789,40.4345238095137,0,0.30000001
-3.61011904651209,40.4345238095137,0,0.33333334
-3.60714285603628,40.4345238095137,0,0.33333334
-3.60416666556047,40.4345238095137,0,0.36666667
-3.60119047508467,40.4345238095137,0,0.30000001
-3.59821428460886,40.4345238095137,0,0.06666667
-3.59523809413305,40.4345238095137,0,0.33333334
-3.59226190365725,40.4345238095137,0,1.00000000
-3.58928571318144,40.4345238095137,0,1.06666672
-3.58630952270564,40.4345238095137,0,0.96666664
-3.58333333222983,40.4345238095137,0,1.00000000
-3.58035714175402,40.4345238095137,0,1.29999995
-3.76785714172983,40.4315476190319,0,2.13333344
-3.76488095125403,40.4315476190319,0,2.00000000
-3.76190476077822,40.4315476190319,0,1.70000005
-3.75892857030242,40.4315476190319,0,1.76666665
-3.75595237982661,40.4315476190319,0,1.89999998
-3.7529761893508,40.4315476190319,0,1.86666667
-3.749999998875,40.4315476190319,0,1.93333328
-3.74702380839919,40.4315476190319,0,2.06666660
-3.74404761792338,40.4315476190319,0,2.29999995
-3.74107142744758,40.4315476190319,0,2.29999995
-3.73809523697177,40.4315476190319,0,1.43333328
-3.73511904649596,40.4315476190319,0,0.50000000
-3.73214285602016,40.4315476190319,0,0.69999999
-3.72916666554435,40.4315476190319,0,1.06666672
-3.72619047506854,40.4315476190319,0,1.13333333
-3.72321428459274,40.4315476190319,0,0.69999999
-3.72023809411693,40.4315476190319,0,0.23333333
-3.71726190364112,40.4315476190319,0,0.06666667
-3.71428571316532,40.4315476190319,0,0.10000000
-3.71130952268951,40.4315476190319,0,0.10000000
-3.7083333322137,40.4315476190319,0,0.10000000
-3.7053571417379,40.4315476190319,0,0.10000000
-3.70238095126209,40.4315476190319,0,0.10000000
-3.69940476078628,40.4315476190319,0,0.06666667
-3.69642857031048,40.4315476190319,0,0.10000000
-3.69345237983467,40.4315476190319,0,0.10000000
-3.69047618935886,40.4315476190319,0,0.16666667
-3.68749999888306,40.4315476190319,0,0.16666667
-3.68452380840725,40.4315476190319,0,0.13333334
-3.68154761793144,40.4315476190319,0,0.16666667
-3.67857142745564,40.4315476190319,0,0.13333334
-3.67559523697983,40.4315476190319,0,0.10000000
-3.67261904650403,40.4315476190319,0,0.06666667
-3.66964285602822,40.4315476190319,0,0.13333334
-3.66666666555241,40.4315476190319,0,0.13333334
-3.66369047507661,40.4315476190319,0,0.13333334
-3.6607142846008,40.4315476190319,0,0.13333334
-3.65773809412499,40.4315476190319,0,0.13333334
-3.65476190364919,40.4315476190319,0,0.13333334
-3.65178571317338,40.4315476190319,0,0.10000000
-3.64880952269757,40.4315476190319,0,0.06666667
-3.64583333222177,40.4315476190319,0,0.06666667
-3.64285714174596,40.4315476190319,0,0.10000000
-3.63988095127015,40.4315476190319,0,0.16666667
-3.63690476079435,40.4315476190319,0,0.23333333
-3.63392857031854,40.4315476190319,0,0.26666668
-3.63095237984273,40.4315476190319,0,0.10000000
-3.62797618936693,40.4315476190319,0,0.13333334
-3.62499999889112,40.4315476190319,0,0.30000001
-3.62202380841531,40.4315476190319,0,0.69999999
-3.61904761793951,40.4315476190319,0,0.50000000
-3.6160714274637,40.4315476190319,0,0.36666667
-3.61309523698789,40.4315476190319,0,0.33333334
-3.61011904651209,40.4315476190319,0,0.30000001
-3.60714285603628,40.4315476190319,0,0.26666668
-3.60416666556047,40.4315476190319,0,0.43333334
-3.60119047508467,40.4315476190319,0,0.46666667
-3.59821428460886,40.4315476190319,0,0.50000000
-3.59523809413305,40.4315476190319,0,0.46666667
-3.59226190365725,40.4315476190319,0,0.96666664
-3.58928571318144,40.4315476190319,0,0.96666664
-3.58630952270564,40.4315476190319,0,0.89999998
-3.58333333222983,40.4315476190319,0,0.60000002
-3.77083333220564,40.4285714285501,0,1.73333335
-3.76785714172983,40.4285714285501,0,2.09999990
-3.76488095125403,40.4285714285501,0,2.13333344
-3.76190476077822,40.4285714285501,0,1.93333328
-3.75892857030242,40.4285714285501,0,1.79999995
-3.75595237982661,40.4285714285501,0,1.63333333
-3.7529761893508,40.4285714285501,0,1.56666672
-3.749999998875,40.4285714285501,0,1.60000002
-3.74702380839919,40.4285714285501,0,1.70000005
-3.74404761792338,40.4285714285501,0,1.93333328
-3.74107142744758,40.4285714285501,0,2.33333325
-3.73809523697177,40.4285714285501,0,2.26666665
-3.73511904649596,40.4285714285501,0,0.69999999
-3.73214285602016,40.4285714285501,0,0.50000000
-3.72916666554435,40.4285714285501,0,0.66666669
-3.72619047506854,40.4285714285501,0,0.93333334
-3.72321428459274,40.4285714285501,0,0.89999998
-3.72023809411693,40.4285714285501,0,0.36666667
-3.71726190364112,40.4285714285501,0,0.06666667
-3.71428571316532,40.4285714285501,0,0.16666667
-3.71130952268951,40.4285714285501,0,0.20000000
-3.7083333322137,40.4285714285501,0,0.10000000
-3.7053571417379,40.4285714285501,0,0.10000000
-3.70238095126209,40.4285714285501,0,0.06666667
-3.69940476078628,40.4285714285501,0,0.06666667
-3.69642857031048,40.4285714285501,0,0.10000000
-3.69345237983467,40.4285714285501,0,0.10000000
-3.69047618935886,40.4285714285501,0,0.16666667
-3.68749999888306,40.4285714285501,0,0.13333334
-3.68452380840725,40.4285714285501,0,0.06666667
-3.68154761793144,40.4285714285501,0,0.10000000
-3.67857142745564,40.4285714285501,0,0.13333334
-3.67559523697983,40.4285714285501,0,0.06666667
-3.67261904650403,40.4285714285501,0,0.06666667
-3.66964285602822,40.4285714285501,0,0.10000000
-3.66666666555241,40.4285714285501,0,0.13333334
-3.66369047507661,40.4285714285501,0,0.13333334
-3.6607142846008,40.4285714285501,0,0.13333334
-3.65773809412499,40.4285714285501,0,0.16666667
-3.65476190364919,40.4285714285501,0,0.20000000
-3.65178571317338,40.4285714285501,0,0.13333334
-3.64880952269757,40.4285714285501,0,0.23333333
-3.64583333222177,40.4285714285501,0,0.20000000
-3.64285714174596,40.4285714285501,0,0.10000000
-3.63988095127015,40.4285714285501,0,0.13333334
-3.63690476079435,40.4285714285501,0,0.26666668
-3.63392857031854,40.4285714285501,0,0.33333334
-3.63095237984273,40.4285714285501,0,0.30000001
-3.62797618936693,40.4285714285501,0,0.20000000
-3.62499999889112,40.4285714285501,0,0.40000001
-3.62202380841531,40.4285714285501,0,0.46666667
-3.61904761793951,40.4285714285501,0,0.36666667
-3.6160714274637,40.4285714285501,0,0.23333333
-3.61309523698789,40.4285714285501,0,0.36666667
-3.61011904651209,40.4285714285501,0,0.40000001
-3.60714285603628,40.4285714285501,0,0.36666667
-3.60416666556047,40.4285714285501,0,0.23333333
-3.60119047508467,40.4285714285501,0,0.30000001
-3.59821428460886,40.4285714285501,0,0.56666666
-3.59523809413305,40.4285714285501,0,1.63333333
-3.59226190365725,40.4285714285501,0,1.56666672
-3.58928571318144,40.4285714285501,0,1.26666665
-3.58630952270564,40.4285714285501,0,1.16666663
-3.77380952268145,40.4255952380682,0,2.09999990
-3.77083333220564,40.4255952380682,0,2.36666656
-3.76785714172983,40.4255952380682,0,2.36666656
-3.76488095125403,40.4255952380682,0,2.33333325
-3.76190476077822,40.4255952380682,0,2.13333344
-3.75892857030242,40.4255952380682,0,1.79999995
-3.75595237982661,40.4255952380682,0,1.66666663
-3.7529761893508,40.4255952380682,0,1.83333337
-3.749999998875,40.4255952380682,0,1.89999998
-3.74702380839919,40.4255952380682,0,1.76666665
-3.74404761792338,40.4255952380682,0,1.70000005
-3.74107142744758,40.4255952380682,0,1.83333337
-3.73809523697177,40.4255952380682,0,1.89999998
-3.73511904649596,40.4255952380682,0,1.53333330
-3.73214285602016,40.4255952380682,0,1.03333330
-3.72916666554435,40.4255952380682,0,0.53333336
-3.72619047506854,40.4255952380682,0,0.46666667
-3.72321428459274,40.4255952380682,0,0.50000000
-3.72023809411693,40.4255952380682,0,0.56666666
-3.71726190364112,40.4255952380682,0,0.46666667
-3.71428571316532,40.4255952380682,0,0.13333334
-3.71130952268951,40.4255952380682,0,0.10000000
-3.7083333322137,40.4255952380682,0,0.06666667
-3.7053571417379,40.4255952380682,0,0.10000000
-3.70238095126209,40.4255952380682,0,0.10000000
-3.69940476078628,40.4255952380682,0,0.10000000
-3.69642857031048,40.4255952380682,0,0.10000000
-3.69345237983467,40.4255952380682,0,0.13333334
-3.69047618935886,40.4255952380682,0,0.13333334
-3.68749999888306,40.4255952380682,0,0.10000000
-3.68452380840725,40.4255952380682,0,0.06666667
-3.68154761793144,40.4255952380682,0,0.06666667
-3.67857142745564,40.4255952380682,0,0.06666667
-3.67559523697983,40.4255952380682,0,0.03333334
-3.67261904650403,40.4255952380682,0,0.03333334
-3.66964285602822,40.4255952380682,0,0.03333334
-3.66666666555241,40.4255952380682,0,0.06666667
-3.66369047507661,40.4255952380682,0,0.16666667
-3.6607142846008,40.4255952380682,0,0.30000001
-3.65773809412499,40.4255952380682,0,0.30000001
-3.65476190364919,40.4255952380682,0,0.20000000
-3.65178571317338,40.4255952380682,0,0.20000000
-3.64880952269757,40.4255952380682,0,0.36666667
-3.64583333222177,40.4255952380682,0,0.43333334
-3.64285714174596,40.4255952380682,0,0.33333334
-3.63988095127015,40.4255952380682,0,0.30000001
-3.63690476079435,40.4255952380682,0,0.40000001
-3.63392857031854,40.4255952380682,0,0.43333334
-3.63095237984273,40.4255952380682,0,0.50000000
-3.62797618936693,40.4255952380682,0,0.50000000
-3.62499999889112,40.4255952380682,0,0.40000001
-3.62202380841531,40.4255952380682,0,0.30000001
-3.61904761793951,40.4255952380682,0,0.26666668
-3.6160714274637,40.4255952380682,0,0.26666668
-3.61309523698789,40.4255952380682,0,0.36666667
-3.61011904651209,40.4255952380682,0,0.50000000
-3.60714285603628,40.4255952380682,0,0.33333334
-3.60416666556047,40.4255952380682,0,0.33333334
-3.60119047508467,40.4255952380682,0,0.33333334
-3.59821428460886,40.4255952380682,0,0.60000002
-3.59523809413305,40.4255952380682,0,1.66666663
-3.59226190365725,40.4255952380682,0,1.93333328
-3.58928571318144,40.4255952380682,0,1.83333337
-3.58630952270564,40.4255952380682,0,1.36666667
-3.77976190363306,40.4226190475864,0,1.56666672
-3.77678571315725,40.4226190475864,0,2.33333325
-3.77380952268145,40.4226190475864,0,2.46666670
-3.77083333220564,40.4226190475864,0,2.59999990
-3.76785714172983,40.4226190475864,0,2.40000010
-3.76488095125403,40.4226190475864,0,2.36666656
-3.76190476077822,40.4226190475864,0,2.03333330
-3.75892857030242,40.4226190475864,0,1.76666665
-3.75595237982661,40.4226190475864,0,1.63333333
-3.7529761893508,40.4226190475864,0,1.66666663
-3.749999998875,40.4226190475864,0,1.63333333
-3.74702380839919,40.4226190475864,0,1.66666663
-3.74404761792338,40.4226190475864,0,1.70000005
-3.74107142744758,40.4226190475864,0,1.89999998
-3.73809523697177,40.4226190475864,0,1.79999995
-3.73511904649596,40.4226190475864,0,1.63333333
-3.73214285602016,40.4226190475864,0,1.53333330
-3.72916666554435,40.4226190475864,0,1.03333330
-3.72619047506854,40.4226190475864,0,0.60000002
-3.72321428459274,40.4226190475864,0,0.40000001
-3.72023809411693,40.4226190475864,0,0.40000001
-3.71726190364112,40.4226190475864,0,0.46666667
-3.71428571316532,40.4226190475864,0,0.30000001
-3.71130952268951,40.4226190475864,0,0.16666667
-3.7083333322137,40.4226190475864,0,0.06666667
-3.7053571417379,40.4226190475864,0,0.06666667
-3.70238095126209,40.4226190475864,0,0.06666667
-3.69940476078628,40.4226190475864,0,0.06666667
-3.69642857031048,40.4226190475864,0,0.10000000
-3.69345237983467,40.4226190475864,0,0.16666667
-3.69047618935886,40.4226190475864,0,0.16666667
-3.68749999888306,40.4226190475864,0,0.16666667
-3.68452380840725,40.4226190475864,0,0.10000000
-3.68154761793144,40.4226190475864,0,0.20000000
-3.67857142745564,40.4226190475864,0,0.13333334
-3.67559523697983,40.4226190475864,0,0.03333334
-3.67261904650403,40.4226190475864,0,0.03333334
-3.66964285602822,40.4226190475864,0,0.10000000
-3.66666666555241,40.4226190475864,0,0.20000000
-3.66369047507661,40.4226190475864,0,0.46666667
-3.6607142846008,40.4226190475864,0,0.73333335
-3.65773809412499,40.4226190475864,0,0.63333333
-3.65476190364919,40.4226190475864,0,0.33333334
-3.65178571317338,40.4226190475864,0,0.23333333
-3.64880952269757,40.4226190475864,0,0.26666668
-3.64583333222177,40.4226190475864,0,0.26666668
-3.64285714174596,40.4226190475864,0,0.30000001
-3.63988095127015,40.4226190475864,0,0.40000001
-3.63690476079435,40.4226190475864,0,0.50000000
-3.63392857031854,40.4226190475864,0,0.66666669
-3.63095237984273,40.4226190475864,0,0.89999998
-3.62797618936693,40.4226190475864,0,0.76666665
-3.62499999889112,40.4226190475864,0,0.36666667
-3.62202380841531,40.4226190475864,0,0.30000001
-3.61904761793951,40.4226190475864,0,0.23333333
-3.6160714274637,40.4226190475864,0,0.23333333
-3.61309523698789,40.4226190475864,0,0.23333333
-3.61011904651209,40.4226190475864,0,0.26666668
-3.60714285603628,40.4226190475864,0,0.26666668
-3.60416666556047,40.4226190475864,0,0.36666667
-3.60119047508467,40.4226190475864,0,0.46666667
-3.59821428460886,40.4226190475864,0,0.69999999
-3.59523809413305,40.4226190475864,0,1.10000002
-3.59226190365725,40.4226190475864,0,1.20000005
-3.58928571318144,40.4226190475864,0,0.86666667
-3.58630952270564,40.4226190475864,0,1.10000002
-3.53571428461692,40.4226190475864,0,0.20000000
-3.77976190363306,40.4196428571046,0,1.93333328
-3.77678571315725,40.4196428571046,0,2.43333340
-3.77380952268145,40.4196428571046,0,2.43333340
-3.77083333220564,40.4196428571046,0,2.46666670
-3.76785714172983,40.4196428571046,0,2.43333340
-3.76488095125403,40.4196428571046,0,2.29999995
-3.76190476077822,40.4196428571046,0,2.09999990
-3.75892857030242,40.4196428571046,0,1.86666667
-3.75595237982661,40.4196428571046,0,1.93333328
-3.7529761893508,40.4196428571046,0,1.89999998
-3.749999998875,40.4196428571046,0,1.83333337
-3.74702380839919,40.4196428571046,0,1.79999995
-3.74404761792338,40.4196428571046,0,1.79999995
-3.74107142744758,40.4196428571046,0,1.86666667
-3.73809523697177,40.4196428571046,0,1.73333335
-3.73511904649596,40.4196428571046,0,1.29999995
-3.73214285602016,40.4196428571046,0,1.13333333
-3.72916666554435,40.4196428571046,0,1.16666663
-3.72619047506854,40.4196428571046,0,1.13333333
-3.72321428459274,40.4196428571046,0,0.80000001
-3.72023809411693,40.4196428571046,0,0.69999999
-3.71726190364112,40.4196428571046,0,0.83333331
-3.71428571316532,40.4196428571046,0,0.40000001
-3.71130952268951,40.4196428571046,0,0.20000000
-3.7083333322137,40.4196428571046,0,0.10000000
-3.7053571417379,40.4196428571046,0,0.06666667
-3.70238095126209,40.4196428571046,0,0.03333334
-3.69940476078628,40.4196428571046,0,0.06666667
-3.69642857031048,40.4196428571046,0,0.13333334
-3.69345237983467,40.4196428571046,0,0.20000000
-3.69047618935886,40.4196428571046,0,0.26666668
-3.68749999888306,40.4196428571046,0,0.80000001
-3.68452380840725,40.4196428571046,0,0.83333331
-3.68154761793144,40.4196428571046,0,1.03333330
-3.67857142745564,40.4196428571046,0,0.46666667
-3.67559523697983,40.4196428571046,0,0.06666667
-3.67261904650403,40.4196428571046,0,0.10000000
-3.66964285602822,40.4196428571046,0,0.20000000
-3.66666666555241,40.4196428571046,0,0.30000001
-3.66369047507661,40.4196428571046,0,0.53333336
-3.6607142846008,40.4196428571046,0,0.73333335
-3.65773809412499,40.4196428571046,0,1.03333330
-3.65476190364919,40.4196428571046,0,1.16666663
-3.65178571317338,40.4196428571046,0,0.69999999
-3.64880952269757,40.4196428571046,0,0.26666668
-3.64583333222177,40.4196428571046,0,0.20000000
-3.64285714174596,40.4196428571046,0,0.23333333
-3.63988095127015,40.4196428571046,0,0.26666668
-3.63690476079435,40.4196428571046,0,0.23333333
-3.63392857031854,40.4196428571046,0,0.43333334
-3.63095237984273,40.4196428571046,0,0.56666666
-3.62797618936693,40.4196428571046,0,0.53333336
-3.62499999889112,40.4196428571046,0,0.40000001
-3.62202380841531,40.4196428571046,0,0.30000001
-3.61904761793951,40.4196428571046,0,0.20000000
-3.6160714274637,40.4196428571046,0,0.20000000
-3.61309523698789,40.4196428571046,0,0.30000001
-3.61011904651209,40.4196428571046,0,0.40000001
-3.60714285603628,40.4196428571046,0,0.43333334
-3.60416666556047,40.4196428571046,0,0.36666667
-3.60119047508467,40.4196428571046,0,0.56666666
-3.59821428460886,40.4196428571046,0,0.76666665
-3.59523809413305,40.4196428571046,0,0.69999999
-3.59226190365725,40.4196428571046,0,0.33333334
-3.58928571318144,40.4196428571046,0,0.10000000
-3.58630952270564,40.4196428571046,0,0.20000000
-3.58333333222983,40.4196428571046,0,0.36666667
-3.53869047509273,40.4196428571046,0,0.33333334
-3.53571428461692,40.4196428571046,0,0.40000001
-3.53273809414112,40.4196428571046,0,0.33333334
-3.77976190363306,40.4166666666228,0,2.20000005
-3.77678571315725,40.4166666666228,0,2.59999990
-3.77380952268145,40.4166666666228,0,2.66666675
-3.77083333220564,40.4166666666228,0,2.40000010
-3.76785714172983,40.4166666666228,0,2.33333325
-3.76488095125403,40.4166666666228,0,2.29999995
-3.76190476077822,40.4166666666228,0,2.20000005
-3.75892857030242,40.4166666666228,0,1.73333335
-3.75595237982661,40.4166666666228,0,1.66666663
-3.7529761893508,40.4166666666228,0,1.76666665
-3.749999998875,40.4166666666228,0,1.89999998
-3.74702380839919,40.4166666666228,0,1.79999995
-3.74404761792338,40.4166666666228,0,1.39999998
-3.74107142744758,40.4166666666228,0,1.33333337
-3.73809523697177,40.4166666666228,0,0.93333334
-3.73511904649596,40.4166666666228,0,0.63333333
-3.73214285602016,40.4166666666228,0,0.83333331
-3.72916666554435,40.4166666666228,0,0.96666664
-3.72619047506854,40.4166666666228,0,0.89999998
-3.72321428459274,40.4166666666228,0,0.96666664
-3.72023809411693,40.4166666666228,0,1.00000000
-3.71726190364112,40.4166666666228,0,1.03333330
-3.71428571316532,40.4166666666228,0,0.30000001
-3.71130952268951,40.4166666666228,0,0.16666667
-3.7083333322137,40.4166666666228,0,0.06666667
-3.7053571417379,40.4166666666228,0,0.06666667
-3.70238095126209,40.4166666666228,0,0.03333334
-3.69940476078628,40.4166666666228,0,0.03333334
-3.69642857031048,40.4166666666228,0,0.10000000
-3.69345237983467,40.4166666666228,0,0.30000001
-3.69047618935886,40.4166666666228,0,0.26666668
-3.68749999888306,40.4166666666228,0,1.03333330
-3.68452380840725,40.4166666666228,0,1.00000000
-3.68154761793144,40.4166666666228,0,1.03333330
-3.67857142745564,40.4166666666228,0,0.60000002
-3.67559523697983,40.4166666666228,0,0.20000000
-3.67261904650403,40.4166666666228,0,0.16666667
-3.66964285602822,40.4166666666228,0,0.20000000
-3.66666666555241,40.4166666666228,0,0.40000001
-3.66369047507661,40.4166666666228,0,0.66666669
-3.6607142846008,40.4166666666228,0,1.00000000
-3.65773809412499,40.4166666666228,0,0.76666665
-3.65476190364919,40.4166666666228,0,0.76666665
-3.65178571317338,40.4166666666228,0,0.66666669
-3.64880952269757,40.4166666666228,0,0.46666667
-3.64583333222177,40.4166666666228,0,0.20000000
-3.64285714174596,40.4166666666228,0,0.23333333
-3.63988095127015,40.4166666666228,0,0.26666668
-3.63690476079435,40.4166666666228,0,0.20000000
-3.63392857031854,40.4166666666228,0,0.26666668
-3.63095237984273,40.4166666666228,0,0.43333334
-3.62797618936693,40.4166666666228,0,0.56666666
-3.62499999889112,40.4166666666228,0,0.46666667
-3.62202380841531,40.4166666666228,0,0.33333334
-3.61904761793951,40.4166666666228,0,0.26666668
-3.6160714274637,40.4166666666228,0,0.43333334
-3.61309523698789,40.4166666666228,0,0.69999999
-3.61011904651209,40.4166666666228,0,0.60000002
-3.60714285603628,40.4166666666228,0,0.46666667
-3.60416666556047,40.4166666666228,0,0.43333334
-3.60119047508467,40.4166666666228,0,0.43333334
-3.59821428460886,40.4166666666228,0,0.50000000
-3.59523809413305,40.4166666666228,0,0.30000001
-3.59226190365725,40.4166666666228,0,0.13333334
-3.58928571318144,40.4166666666228,0,0.06666667
-3.58630952270564,40.4166666666228,0,0.06666667
-3.58333333222983,40.4166666666228,0,0.16666667
-3.53869047509273,40.4166666666228,0,0.56666666
-3.53571428461692,40.4166666666228,0,0.50000000
-3.53273809414112,40.4166666666228,0,0.36666667
-3.52976190366531,40.4166666666228,0,0.56666666
-3.5267857131895,40.4166666666228,0,0.56666666
-3.77976190363306,40.413690476141,0,1.43333328
-3.77678571315725,40.413690476141,0,2.40000010
-3.77380952268145,40.413690476141,0,2.73333335
-3.77083333220564,40.413690476141,0,2.63333344
-3.76785714172983,40.413690476141,0,2.46666670
-3.76488095125403,40.413690476141,0,2.43333340
-3.76190476077822,40.413690476141,0,2.03333330
-3.75892857030242,40.413690476141,0,1.83333337
-3.75595237982661,40.413690476141,0,1.76666665
-3.7529761893508,40.413690476141,0,1.53333330
-3.749999998875,40.413690476141,0,1.36666667
-3.74702380839919,40.413690476141,0,1.33333337
-3.74404761792338,40.413690476141,0,0.76666665
-3.74107142744758,40.413690476141,0,0.50000000
-3.73809523697177,40.413690476141,0,0.33333334
-3.73511904649596,40.413690476141,0,0.46666667
-3.73214285602016,40.413690476141,0,0.43333334
-3.72916666554435,40.413690476141,0,0.46666667
-3.72619047506854,40.413690476141,0,0.26666668
-3.72321428459274,40.413690476141,0,0.40000001
-3.72023809411693,40.413690476141,0,0.50000000
-3.71726190364112,40.413690476141,0,0.56666666
-3.71428571316532,40.413690476141,0,0.43333334
-3.71130952268951,40.413690476141,0,0.13333334
-3.7083333322137,40.413690476141,0,0.06666667
-3.7053571417379,40.413690476141,0,0.06666667
-3.70238095126209,40.413690476141,0,0.06666667
-3.69940476078628,40.413690476141,0,0.06666667
-3.69642857031048,40.413690476141,0,0.10000000
-3.69345237983467,40.413690476141,0,0.26666668
-3.69047618935886,40.413690476141,0,0.43333334
-3.68749999888306,40.413690476141,0,0.83333331
-3.68452380840725,40.413690476141,0,1.36666667
-3.68154761793144,40.413690476141,0,1.33333337
-3.67857142745564,40.413690476141,0,0.89999998
-3.67559523697983,40.413690476141,0,0.46666667
-3.67261904650403,40.413690476141,0,0.33333334
-3.66964285602822,40.413690476141,0,0.30000001
-3.66666666555241,40.413690476141,0,0.43333334
-3.66369047507661,40.413690476141,0,0.50000000
-3.6607142846008,40.413690476141,0,0.56666666
-3.65773809412499,40.413690476141,0,0.53333336
-3.65476190364919,40.413690476141,0,0.50000000
-3.65178571317338,40.413690476141,0,0.73333335
-3.64880952269757,40.413690476141,0,0.83333331
-3.64583333222177,40.413690476141,0,0.66666669
-3.64285714174596,40.413690476141,0,0.73333335
-3.63988095127015,40.413690476141,0,0.83333331
-3.63690476079435,40.413690476141,0,0.66666669
-3.63392857031854,40.413690476141,0,0.63333333
-3.63095237984273,40.413690476141,0,0.46666667
-3.62797618936693,40.413690476141,0,0.50000000
-3.62499999889112,40.413690476141,0,0.63333333
-3.62202380841531,40.413690476141,0,0.46666667
-3.61904761793951,40.413690476141,0,0.43333334
-3.6160714274637,40.413690476141,0,0.60000002
-3.61309523698789,40.413690476141,0,0.80000001
-3.61011904651209,40.413690476141,0,0.66666669
-3.60714285603628,40.413690476141,0,0.56666666
-3.60416666556047,40.413690476141,0,0.56666666
-3.60119047508467,40.413690476141,0,0.46666667
-3.59821428460886,40.413690476141,0,0.33333334
-3.59523809413305,40.413690476141,0,0.20000000
-3.59226190365725,40.413690476141,0,0.16666667
-3.58928571318144,40.413690476141,0,0.40000001
-3.58630952270564,40.413690476141,0,0.30000001
-3.58333333222983,40.413690476141,0,0.16666667
-3.58035714175402,40.413690476141,0,0.26666668
-3.54166666556854,40.413690476141,0,0.56666666
-3.53869047509273,40.413690476141,0,0.60000002
-3.53571428461692,40.413690476141,0,0.63333333
-3.53273809414112,40.413690476141,0,0.69999999
-3.52976190366531,40.413690476141,0,0.86666667
-3.5267857131895,40.413690476141,0,0.89999998
-3.5238095227137,40.413690476141,0,0.80000001
-3.77678571315725,40.4107142856592,0,1.86666667
-3.77380952268145,40.4107142856592,0,2.66666675
-3.77083333220564,40.4107142856592,0,2.40000010
-3.76785714172983,40.4107142856592,0,1.93333328
-3.76488095125403,40.4107142856592,0,1.56666672
-3.76190476077822,40.4107142856592,0,1.36666667
-3.75892857030242,40.4107142856592,0,1.76666665
-3.75595237982661,40.4107142856592,0,1.60000002
-3.7529761893508,40.4107142856592,0,1.13333333
-3.749999998875,40.4107142856592,0,1.06666672
-3.74702380839919,40.4107142856592,0,1.39999998
-3.74404761792338,40.4107142856592,0,0.69999999
-3.74107142744758,40.4107142856592,0,0.46666667
-3.73809523697177,40.4107142856592,0,0.20000000
-3.73511904649596,40.4107142856592,0,0.16666667
-3.73214285602016,40.4107142856592,0,0.13333334
-3.72916666554435,40.4107142856592,0,0.16666667
-3.72619047506854,40.4107142856592,0,0.30000001
-3.72321428459274,40.4107142856592,0,0.36666667
-3.72023809411693,40.4107142856592,0,0.20000000
-3.71726190364112,40.4107142856592,0,0.30000001
-3.71428571316532,40.4107142856592,0,0.30000001
-3.71130952268951,40.4107142856592,0,0.13333334
-3.7083333322137,40.4107142856592,0,0.10000000
-3.7053571417379,40.4107142856592,0,0.10000000
-3.70238095126209,40.4107142856592,0,0.06666667
-3.69940476078628,40.4107142856592,0,0.06666667
-3.69642857031048,40.4107142856592,0,0.10000000
-3.69345237983467,40.4107142856592,0,0.36666667
-3.69047618935886,40.4107142856592,0,0.76666665
-3.68749999888306,40.4107142856592,0,0.96666664
-3.68452380840725,40.4107142856592,0,1.10000002
-3.68154761793144,40.4107142856592,0,0.93333334
-3.67857142745564,40.4107142856592,0,0.93333334
-3.67559523697983,40.4107142856592,0,0.66666669
-3.67261904650403,40.4107142856592,0,0.50000000
-3.66964285602822,40.4107142856592,0,0.33333334
-3.66666666555241,40.4107142856592,0,0.33333334
-3.66369047507661,40.4107142856592,0,0.36666667
-3.6607142846008,40.4107142856592,0,0.43333334
-3.65773809412499,40.4107142856592,0,0.36666667
-3.65476190364919,40.4107142856592,0,0.40000001
-3.65178571317338,40.4107142856592,0,0.46666667
-3.64880952269757,40.4107142856592,0,0.50000000
-3.64583333222177,40.4107142856592,0,0.43333334
-3.64285714174596,40.4107142856592,0,0.63333333
-3.63988095127015,40.4107142856592,0,0.69999999
-3.63690476079435,40.4107142856592,0,0.53333336
-3.63392857031854,40.4107142856592,0,0.60000002
-3.63095237984273,40.4107142856592,0,0.50000000
-3.62797618936693,40.4107142856592,0,0.63333333
-3.62499999889112,40.4107142856592,0,1.00000000
-3.62202380841531,40.4107142856592,0,0.80000001
-3.61904761793951,40.4107142856592,0,0.46666667
-3.6160714274637,40.4107142856592,0,0.69999999
-3.61309523698789,40.4107142856592,0,0.63333333
-3.61011904651209,40.4107142856592,0,0.60000002
-3.60714285603628,40.4107142856592,0,0.69999999
-3.60416666556047,40.4107142856592,0,0.76666665
-3.60119047508467,40.4107142856592,0,0.93333334
-3.59821428460886,40.4107142856592,0,1.06666672
-3.59523809413305,40.4107142856592,0,0.66666669
-3.59226190365725,40.4107142856592,0,0.50000000
-3.58928571318144,40.4107142856592,0,0.56666666
-3.58630952270564,40.4107142856592,0,0.43333334
-3.58333333222983,40.4107142856592,0,0.23333333
-3.58035714175402,40.4107142856592,0,0.10000000
-3.57738095127822,40.4107142856592,0,0.10000000
-3.57440476080241,40.4107142856592,0,0.16666667
-3.5714285703266,40.4107142856592,0,0.26666668
-3.5684523798508,40.4107142856592,0,0.23333333
-3.56547618937499,40.4107142856592,0,0.20000000
-3.56249999889918,40.4107142856592,0,0.20000000
-3.55952380842338,40.4107142856592,0,0.26666668
-3.55654761794757,40.4107142856592,0,0.40000001
-3.55357142747176,40.4107142856592,0,0.43333334
-3.55059523699596,40.4107142856592,0,0.53333336
-3.54761904652015,40.4107142856592,0,0.60000002
-3.54464285604434,40.4107142856592,0,0.43333334
-3.54166666556854,40.4107142856592,0,0.46666667
-3.53869047509273,40.4107142856592,0,0.53333336
-3.53571428461692,40.4107142856592,0,0.56666666
-3.53273809414112,40.4107142856592,0,0.60000002
-3.52976190366531,40.4107142856592,0,0.66666669
-3.5267857131895,40.4107142856592,0,0.66666669
-3.5238095227137,40.4107142856592,0,0.73333335
-3.52083333223789,40.4107142856592,0,0.63333333
-3.77678571315725,40.4077380951773,0,1.76666665
-3.77380952268145,40.4077380951773,0,2.63333344
-3.77083333220564,40.4077380951773,0,2.70000005
-3.76785714172983,40.4077380951773,0,2.00000000
-3.76488095125403,40.4077380951773,0,1.36666667
-3.76190476077822,40.4077380951773,0,1.39999998
-3.75892857030242,40.4077380951773,0,2.03333330
-3.75595237982661,40.4077380951773,0,1.79999995
-3.7529761893508,40.4077380951773,0,1.26666665
-3.749999998875,40.4077380951773,0,0.73333335
-3.74702380839919,40.4077380951773,0,0.43333334
-3.74404761792338,40.4077380951773,0,0.20000000
-3.74107142744758,40.4077380951773,0,0.16666667
-3.73809523697177,40.4077380951773,0,0.13333334
-3.73511904649596,40.4077380951773,0,0.13333334
-3.73214285602016,40.4077380951773,0,0.13333334
-3.72916666554435,40.4077380951773,0,0.50000000
-3.72619047506854,40.4077380951773,0,0.50000000
-3.72321428459274,40.4077380951773,0,0.36666667
-3.72023809411693,40.4077380951773,0,0.26666668
-3.71726190364112,40.4077380951773,0,0.20000000
-3.71428571316532,40.4077380951773,0,0.23333333
-3.71130952268951,40.4077380951773,0,0.16666667
-3.7083333322137,40.4077380951773,0,0.10000000
-3.7053571417379,40.4077380951773,0,0.10000000
-3.70238095126209,40.4077380951773,0,0.10000000
-3.69940476078628,40.4077380951773,0,0.10000000
-3.69642857031048,40.4077380951773,0,0.10000000
-3.69345237983467,40.4077380951773,0,0.13333334
-3.69047618935886,40.4077380951773,0,0.20000000
-3.68749999888306,40.4077380951773,0,0.26666668
-3.68452380840725,40.4077380951773,0,0.46666667
-3.68154761793144,40.4077380951773,0,0.36666667
-3.67857142745564,40.4077380951773,0,0.23333333
-3.67559523697983,40.4077380951773,0,0.26666668
-3.67261904650403,40.4077380951773,0,0.23333333
-3.66964285602822,40.4077380951773,0,0.16666667
-3.66666666555241,40.4077380951773,0,0.23333333
-3.66369047507661,40.4077380951773,0,0.40000001
-3.6607142846008,40.4077380951773,0,0.50000000
-3.65773809412499,40.4077380951773,0,0.50000000
-3.65476190364919,40.4077380951773,0,0.36666667
-3.65178571317338,40.4077380951773,0,0.30000001
-3.64880952269757,40.4077380951773,0,0.36666667
-3.64583333222177,40.4077380951773,0,0.40000001
-3.64285714174596,40.4077380951773,0,0.43333334
-3.63988095127015,40.4077380951773,0,0.50000000
-3.63690476079435,40.4077380951773,0,0.50000000
-3.63392857031854,40.4077380951773,0,0.40000001
-3.63095237984273,40.4077380951773,0,0.36666667
-3.62797618936693,40.4077380951773,0,0.53333336
-3.62499999889112,40.4077380951773,0,0.96666664
-3.62202380841531,40.4077380951773,0,1.13333333
-3.61904761793951,40.4077380951773,0,0.96666664
-3.6160714274637,40.4077380951773,0,0.60000002
-3.61309523698789,40.4077380951773,0,0.33333334
-3.61011904651209,40.4077380951773,0,0.23333333
-3.60714285603628,40.4077380951773,0,0.23333333
-3.60416666556047,40.4077380951773,0,0.43333334
-3.60119047508467,40.4077380951773,0,0.73333335
-3.59821428460886,40.4077380951773,0,1.36666667
-3.59523809413305,40.4077380951773,0,1.53333330
-3.59226190365725,40.4077380951773,0,1.13333333
-3.58928571318144,40.4077380951773,0,0.56666666
-3.58630952270564,40.4077380951773,0,0.30000001
-3.58333333222983,40.4077380951773,0,0.20000000
-3.58035714175402,40.4077380951773,0,0.06666667
-3.57738095127822,40.4077380951773,0,0.03333334
-3.57440476080241,40.4077380951773,0,0.20000000
-3.5714285703266,40.4077380951773,0,0.30000001
-3.5684523798508,40.4077380951773,0,0.30000001
-3.56547618937499,40.4077380951773,0,0.26666668
-3.56249999889918,40.4077380951773,0,0.26666668
-3.55952380842338,40.4077380951773,0,0.16666667
-3.55654761794757,40.4077380951773,0,0.20000000
-3.55357142747176,40.4077380951773,0,0.20000000
-3.55059523699596,40.4077380951773,0,0.26666668
-3.54761904652015,40.4077380951773,0,0.30000001
-3.54464285604434,40.4077380951773,0,0.33333334
-3.54166666556854,40.4077380951773,0,0.23333333
-3.53869047509273,40.4077380951773,0,0.20000000
-3.53571428461692,40.4077380951773,0,0.23333333
-3.53273809414112,40.4077380951773,0,0.26666668
-3.52976190366531,40.4077380951773,0,0.40000001
-3.5267857131895,40.4077380951773,0,0.53333336
-3.5238095227137,40.4077380951773,0,0.76666665
-3.52083333223789,40.4077380951773,0,0.86666667
-3.77380952268145,40.4047619046955,0,2.40000010
-3.77083333220564,40.4047619046955,0,2.66666675
-3.76785714172983,40.4047619046955,0,2.56666660
-3.76488095125403,40.4047619046955,0,2.23333335
-3.76190476077822,40.4047619046955,0,1.76666665
-3.75892857030242,40.4047619046955,0,1.33333337
-3.75595237982661,40.4047619046955,0,0.83333331
-3.7529761893508,40.4047619046955,0,0.36666667
-3.749999998875,40.4047619046955,0,0.23333333
-3.74702380839919,40.4047619046955,0,0.23333333
-3.74404761792338,40.4047619046955,0,0.13333334
-3.74107142744758,40.4047619046955,0,0.13333334
-3.73809523697177,40.4047619046955,0,0.26666668
-3.73511904649596,40.4047619046955,0,0.30000001
-3.73214285602016,40.4047619046955,0,0.36666667
-3.72916666554435,40.4047619046955,0,0.60000002
-3.72619047506854,40.4047619046955,0,0.46666667
-3.72321428459274,40.4047619046955,0,0.33333334
-3.72023809411693,40.4047619046955,0,0.26666668
-3.71726190364112,40.4047619046955,0,0.20000000
-3.71428571316532,40.4047619046955,0,0.20000000
-3.71130952268951,40.4047619046955,0,0.20000000
-3.7083333322137,40.4047619046955,0,0.16666667
-3.7053571417379,40.4047619046955,0,0.16666667
-3.70238095126209,40.4047619046955,0,0.10000000
-3.69940476078628,40.4047619046955,0,0.06666667
-3.69642857031048,40.4047619046955,0,0.06666667
-3.69345237983467,40.4047619046955,0,0.06666667
-3.69047618935886,40.4047619046955,0,0.06666667
-3.68749999888306,40.4047619046955,0,0.03333334
-3.68452380840725,40.4047619046955,0,0.13333334
-3.68154761793144,40.4047619046955,0,0.10000000
-3.67857142745564,40.4047619046955,0,0.06666667
-3.67559523697983,40.4047619046955,0,0.10000000
-3.67261904650403,40.4047619046955,0,0.13333334
-3.66964285602822,40.4047619046955,0,0.16666667
-3.66666666555241,40.4047619046955,0,0.20000000
-3.66369047507661,40.4047619046955,0,0.26666668
-3.6607142846008,40.4047619046955,0,0.30000001
-3.65773809412499,40.4047619046955,0,0.40000001
-3.65476190364919,40.4047619046955,0,0.40000001
-3.65178571317338,40.4047619046955,0,0.46666667
-3.64880952269757,40.4047619046955,0,0.46666667
-3.64583333222177,40.4047619046955,0,0.43333334
-3.64285714174596,40.4047619046955,0,0.43333334
-3.63988095127015,40.4047619046955,0,0.46666667
-3.63690476079435,40.4047619046955,0,0.46666667
-3.63392857031854,40.4047619046955,0,0.40000001
-3.63095237984273,40.4047619046955,0,0.43333334
-3.62797618936693,40.4047619046955,0,0.50000000
-3.62499999889112,40.4047619046955,0,0.50000000
-3.62202380841531,40.4047619046955,0,0.63333333
-3.61904761793951,40.4047619046955,0,0.69999999
-3.6160714274637,40.4047619046955,0,0.40000001
-3.61309523698789,40.4047619046955,0,0.33333334
-3.61011904651209,40.4047619046955,0,0.26666668
-3.60714285603628,40.4047619046955,0,0.16666667
-3.60416666556047,40.4047619046955,0,0.16666667
-3.60119047508467,40.4047619046955,0,0.23333333
-3.59821428460886,40.4047619046955,0,0.50000000
-3.59523809413305,40.4047619046955,0,1.06666672
-3.59226190365725,40.4047619046955,0,0.66666669
-3.58928571318144,40.4047619046955,0,0.16666667
-3.58630952270564,40.4047619046955,0,0.26666668
-3.58333333222983,40.4047619046955,0,0.36666667
-3.58035714175402,40.4047619046955,0,0.20000000
-3.57738095127822,40.4047619046955,0,0.16666667
-3.57440476080241,40.4047619046955,0,0.23333333
-3.5714285703266,40.4047619046955,0,0.30000001
-3.5684523798508,40.4047619046955,0,0.40000001
-3.56547618937499,40.4047619046955,0,0.33333334
-3.56249999889918,40.4047619046955,0,0.20000000
-3.55952380842338,40.4047619046955,0,0.13333334
-3.55654761794757,40.4047619046955,0,0.20000000
-3.55357142747176,40.4047619046955,0,0.16666667
-3.55059523699596,40.4047619046955,0,0.30000001
-3.54761904652015,40.4047619046955,0,0.26666668
-3.54464285604434,40.4047619046955,0,0.26666668
-3.54166666556854,40.4047619046955,0,0.13333334
-3.53869047509273,40.4047619046955,0,0.10000000
-3.53571428461692,40.4047619046955,0,0.13333334
-3.53273809414112,40.4047619046955,0,0.33333334
-3.52976190366531,40.4047619046955,0,0.36666667
-3.5267857131895,40.4047619046955,0,0.46666667
-3.5238095227137,40.4047619046955,0,0.86666667
-3.52083333223789,40.4047619046955,0,1.00000000
-3.77380952268145,40.4017857142137,0,1.46666670
-3.77083333220564,40.4017857142137,0,2.00000000
-3.76785714172983,40.4017857142137,0,2.63333344
-3.76488095125403,40.4017857142137,0,1.76666665
-3.76190476077822,40.4017857142137,0,1.46666670
-3.75892857030242,40.4017857142137,0,0.56666666
-3.75595237982661,40.4017857142137,0,0.60000002
-3.7529761893508,40.4017857142137,0,0.36666667
-3.749999998875,40.4017857142137,0,0.33333334
-3.74702380839919,40.4017857142137,0,0.30000001
-3.74404761792338,40.4017857142137,0,0.33333334
-3.74107142744758,40.4017857142137,0,0.76666665
-3.73809523697177,40.4017857142137,0,0.60000002
-3.73511904649596,40.4017857142137,0,0.73333335
-3.73214285602016,40.4017857142137,0,0.69999999
-3.72916666554435,40.4017857142137,0,0.60000002
-3.72619047506854,40.4017857142137,0,0.50000000
-3.72321428459274,40.4017857142137,0,0.46666667
-3.72023809411693,40.4017857142137,0,0.36666667
-3.71726190364112,40.4017857142137,0,0.26666668
-3.71428571316532,40.4017857142137,0,0.26666668
-3.71130952268951,40.4017857142137,0,0.30000001
-3.7083333322137,40.4017857142137,0,0.23333333
-3.7053571417379,40.4017857142137,0,0.20000000
-3.70238095126209,40.4017857142137,0,0.13333334
-3.69940476078628,40.4017857142137,0,0.10000000
-3.69642857031048,40.4017857142137,0,0.10000000
-3.69345237983467,40.4017857142137,0,0.13333334
-3.69047618935886,40.4017857142137,0,0.10000000
-3.68749999888306,40.4017857142137,0,0.10000000
-3.68452380840725,40.4017857142137,0,0.13333334
-3.68154761793144,40.4017857142137,0,0.13333334
-3.67857142745564,40.4017857142137,0,0.10000000
-3.67559523697983,40.4017857142137,0,0.13333334
-3.67261904650403,40.4017857142137,0,0.16666667
-3.66964285602822,40.4017857142137,0,0.16666667
-3.66666666555241,40.4017857142137,0,0.13333334
-3.66369047507661,40.4017857142137,0,0.10000000
-3.6607142846008,40.4017857142137,0,0.30000001
-3.65773809412499,40.4017857142137,0,0.50000000
-3.65476190364919,40.4017857142137,0,0.50000000
-3.65178571317338,40.4017857142137,0,0.46666667
-3.64880952269757,40.4017857142137,0,0.46666667
-3.64583333222177,40.4017857142137,0,0.46666667
-3.64285714174596,40.4017857142137,0,0.43333334
-3.63988095127015,40.4017857142137,0,0.50000000
-3.63690476079435,40.4017857142137,0,0.63333333
-3.63392857031854,40.4017857142137,0,0.50000000
-3.63095237984273,40.4017857142137,0,0.43333334
-3.62797618936693,40.4017857142137,0,0.40000001
-3.62499999889112,40.4017857142137,0,0.36666667
-3.62202380841531,40.4017857142137,0,0.30000001
-3.61904761793951,40.4017857142137,0,0.36666667
-3.6160714274637,40.4017857142137,0,0.73333335
-3.61309523698789,40.4017857142137,0,0.66666669
-3.61011904651209,40.4017857142137,0,0.36666667
-3.60714285603628,40.4017857142137,0,0.20000000
-3.60416666556047,40.4017857142137,0,0.20000000
-3.60119047508467,40.4017857142137,0,0.23333333
-3.59821428460886,40.4017857142137,0,0.23333333
-3.59523809413305,40.4017857142137,0,0.36666667
-3.59226190365725,40.4017857142137,0,0.23333333
-3.58928571318144,40.4017857142137,0,0.20000000
-3.58630952270564,40.4017857142137,0,0.26666668
-3.58333333222983,40.4017857142137,0,0.16666667
-3.58035714175402,40.4017857142137,0,0.16666667
-3.57738095127822,40.4017857142137,0,0.26666668
-3.57440476080241,40.4017857142137,0,0.36666667
-3.5714285703266,40.4017857142137,0,0.40000001
-3.5684523798508,40.4017857142137,0,0.36666667
-3.56547618937499,40.4017857142137,0,0.23333333
-3.56249999889918,40.4017857142137,0,0.23333333
-3.55952380842338,40.4017857142137,0,0.26666668
-3.55654761794757,40.4017857142137,0,0.30000001
-3.55357142747176,40.4017857142137,0,0.33333334
-3.55059523699596,40.4017857142137,0,0.40000001
-3.54761904652015,40.4017857142137,0,0.30000001
-3.54464285604434,40.4017857142137,0,0.20000000
-3.54166666556854,40.4017857142137,0,0.13333334
-3.53869047509273,40.4017857142137,0,0.10000000
-3.53571428461692,40.4017857142137,0,0.13333334
-3.53273809414112,40.4017857142137,0,0.30000001
-3.52976190366531,40.4017857142137,0,0.50000000
-3.5267857131895,40.4017857142137,0,0.69999999
-3.5238095227137,40.4017857142137,0,0.83333331
-3.52083333223789,40.4017857142137,0,0.96666664
-3.77678571315725,40.3988095237319,0,0.80000001
-3.77380952268145,40.3988095237319,0,0.63333333
-3.77083333220564,40.3988095237319,0,0.76666665
-3.76785714172983,40.3988095237319,0,0.53333336
-3.76488095125403,40.3988095237319,0,0.89999998
-3.76190476077822,40.3988095237319,0,0.36666667
-3.75892857030242,40.3988095237319,0,0.60000002
-3.75595237982661,40.3988095237319,0,0.86666667
-3.7529761893508,40.3988095237319,0,1.06666672
-3.749999998875,40.3988095237319,0,1.10000002
-3.74702380839919,40.3988095237319,0,0.83333331
-3.74404761792338,40.3988095237319,0,0.76666665
-3.74107142744758,40.3988095237319,0,0.93333334
-3.73809523697177,40.3988095237319,0,0.69999999
-3.73511904649596,40.3988095237319,0,0.53333336
-3.73214285602016,40.3988095237319,0,0.60000002
-3.72916666554435,40.3988095237319,0,0.86666667
-3.72619047506854,40.3988095237319,0,0.83333331
-3.72321428459274,40.3988095237319,0,0.69999999
-3.72023809411693,40.3988095237319,0,0.46666667
-3.71726190364112,40.3988095237319,0,0.36666667
-3.71428571316532,40.3988095237319,0,0.40000001
-3.71130952268951,40.3988095237319,0,0.46666667
-3.7083333322137,40.3988095237319,0,0.36666667
-3.7053571417379,40.3988095237319,0,0.26666668
-3.70238095126209,40.3988095237319,0,0.20000000
-3.69940476078628,40.3988095237319,0,0.10000000
-3.69642857031048,40.3988095237319,0,0.06666667
-3.69345237983467,40.3988095237319,0,0.13333334
-3.69047618935886,40.3988095237319,0,0.20000000
-3.68749999888306,40.3988095237319,0,0.33333334
-3.68452380840725,40.3988095237319,0,0.26666668
-3.68154761793144,40.3988095237319,0,0.26666668
-3.67857142745564,40.3988095237319,0,0.23333333
-3.67559523697983,40.3988095237319,0,0.20000000
-3.67261904650403,40.3988095237319,0,0.16666667
-3.66964285602822,40.3988095237319,0,0.10000000
-3.66666666555241,40.3988095237319,0,0.10000000
-3.66369047507661,40.3988095237319,0,0.06666667
-3.6607142846008,40.3988095237319,0,0.16666667
-3.65773809412499,40.3988095237319,0,0.53333336
-3.65476190364919,40.3988095237319,0,0.73333335
-3.65178571317338,40.3988095237319,0,0.26666668
-3.64880952269757,40.3988095237319,0,0.33333334
-3.64583333222177,40.3988095237319,0,0.40000001
-3.64285714174596,40.3988095237319,0,0.40000001
-3.63988095127015,40.3988095237319,0,0.43333334
-3.63690476079435,40.3988095237319,0,0.63333333
-3.63392857031854,40.3988095237319,0,0.53333336
-3.63095237984273,40.3988095237319,0,0.36666667
-3.62797618936693,40.3988095237319,0,0.43333334
-3.62499999889112,40.3988095237319,0,0.30000001
-3.62202380841531,40.3988095237319,0,0.26666668
-3.61904761793951,40.3988095237319,0,0.56666666
-3.6160714274637,40.3988095237319,0,0.89999998
-3.61309523698789,40.3988095237319,0,1.00000000
-3.61011904651209,40.3988095237319,0,0.76666665
-3.60714285603628,40.3988095237319,0,0.43333334
-3.60416666556047,40.3988095237319,0,0.23333333
-3.60119047508467,40.3988095237319,0,0.43333334
-3.59821428460886,40.3988095237319,0,0.26666668
-3.59523809413305,40.3988095237319,0,0.23333333
-3.59226190365725,40.3988095237319,0,0.23333333
-3.58928571318144,40.3988095237319,0,0.13333334
-3.58630952270564,40.3988095237319,0,0.13333334
-3.58333333222983,40.3988095237319,0,0.06666667
-3.58035714175402,40.3988095237319,0,0.06666667
-3.57738095127822,40.3988095237319,0,0.13333334
-3.57440476080241,40.3988095237319,0,0.23333333
-3.5714285703266,40.3988095237319,0,0.23333333
-3.5684523798508,40.3988095237319,0,0.26666668
-3.56547618937499,40.3988095237319,0,0.20000000
-3.56249999889918,40.3988095237319,0,0.20000000
-3.55952380842338,40.3988095237319,0,0.20000000
-3.55654761794757,40.3988095237319,0,0.23333333
-3.55357142747176,40.3988095237319,0,0.33333334
-3.55059523699596,40.3988095237319,0,0.33333334
-3.54761904652015,40.3988095237319,0,0.26666668
-3.54464285604434,40.3988095237319,0,0.23333333
-3.54166666556854,40.3988095237319,0,0.16666667
-3.53869047509273,40.3988095237319,0,0.10000000
-3.53571428461692,40.3988095237319,0,0.10000000
-3.53273809414112,40.3988095237319,0,0.13333334
-3.52976190366531,40.3988095237319,0,0.36666667
-3.5267857131895,40.3988095237319,0,0.80000001
-3.5238095227137,40.3988095237319,0,0.83333331
-3.52083333223789,40.3988095237319,0,0.80000001
-3.83333333219758,40.3958333332501,0,0.33333334
-3.83035714172177,40.3958333332501,0,0.66666669
-3.82738095124597,40.3958333332501,0,1.13333333
-3.82440476077016,40.3958333332501,0,1.23333335
-3.82142857029435,40.3958333332501,0,1.29999995
-3.81845237981855,40.3958333332501,0,1.39999998
-3.77976190363306,40.3958333332501,0,0.80000001
-3.77678571315725,40.3958333332501,0,0.46666667
-3.77380952268145,40.3958333332501,0,0.30000001
-3.77083333220564,40.3958333332501,0,0.26666668
-3.76785714172983,40.3958333332501,0,0.23333333
-3.76488095125403,40.3958333332501,0,0.30000001
-3.76190476077822,40.3958333332501,0,0.33333334
-3.75892857030242,40.3958333332501,0,0.36666667
-3.75595237982661,40.3958333332501,0,0.40000001
-3.7529761893508,40.3958333332501,0,0.69999999
-3.749999998875,40.3958333332501,0,0.96666664
-3.74702380839919,40.3958333332501,0,0.83333331
-3.74404761792338,40.3958333332501,0,0.50000000
-3.74107142744758,40.3958333332501,0,0.33333334
-3.73809523697177,40.3958333332501,0,0.20000000
-3.73511904649596,40.3958333332501,0,0.16666667
-3.73214285602016,40.3958333332501,0,0.20000000
-3.72916666554435,40.3958333332501,0,0.30000001
-3.72619047506854,40.3958333332501,0,0.36666667
-3.72321428459274,40.3958333332501,0,0.40000001
-3.72023809411693,40.3958333332501,0,0.23333333
-3.71726190364112,40.3958333332501,0,0.16666667
-3.71428571316532,40.3958333332501,0,0.16666667
-3.71130952268951,40.3958333332501,0,0.23333333
-3.7083333322137,40.3958333332501,0,0.33333334
-3.7053571417379,40.3958333332501,0,0.40000001
-3.70238095126209,40.3958333332501,0,0.36666667
-3.69940476078628,40.3958333332501,0,0.20000000
-3.69642857031048,40.3958333332501,0,0.10000000
-3.69345237983467,40.3958333332501,0,0.13333334
-3.69047618935886,40.3958333332501,0,0.20000000
-3.68749999888306,40.3958333332501,0,0.73333335
-3.68452380840725,40.3958333332501,0,0.43333334
-3.68154761793144,40.3958333332501,0,0.33333334
-3.67857142745564,40.3958333332501,0,0.36666667
-3.67559523697983,40.3958333332501,0,0.33333334
-3.67261904650403,40.3958333332501,0,0.20000000
-3.66964285602822,40.3958333332501,0,0.10000000
-3.66666666555241,40.3958333332501,0,0.06666667
-3.66369047507661,40.3958333332501,0,0.06666667
-3.6607142846008,40.3958333332501,0,0.10000000
-3.65773809412499,40.3958333332501,0,0.43333334
-3.65476190364919,40.3958333332501,0,1.00000000
-3.65178571317338,40.3958333332501,0,0.50000000
-3.64880952269757,40.3958333332501,0,0.33333334
-3.64583333222177,40.3958333332501,0,0.43333334
-3.64285714174596,40.3958333332501,0,0.50000000
-3.63988095127015,40.3958333332501,0,0.50000000
-3.63690476079435,40.3958333332501,0,0.56666666
-3.63392857031854,40.3958333332501,0,0.50000000
-3.63095237984273,40.3958333332501,0,0.46666667
-3.62797618936693,40.3958333332501,0,0.46666667
-3.62499999889112,40.3958333332501,0,0.30000001
-3.62202380841531,40.3958333332501,0,0.33333334
-3.61904761793951,40.3958333332501,0,0.46666667
-3.6160714274637,40.3958333332501,0,0.60000002
-3.61309523698789,40.3958333332501,0,0.80000001
-3.61011904651209,40.3958333332501,0,0.73333335
-3.60714285603628,40.3958333332501,0,0.43333334
-3.60416666556047,40.3958333332501,0,0.50000000
-3.60119047508467,40.3958333332501,0,0.73333335
-3.59821428460886,40.3958333332501,0,0.43333334
-3.59523809413305,40.3958333332501,0,0.20000000
-3.59226190365725,40.3958333332501,0,0.20000000
-3.58928571318144,40.3958333332501,0,0.20000000
-3.58630952270564,40.3958333332501,0,0.26666668
-3.58333333222983,40.3958333332501,0,0.30000001
-3.58035714175402,40.3958333332501,0,0.13333334
-3.57738095127822,40.3958333332501,0,0.13333334
-3.57440476080241,40.3958333332501,0,0.10000000
-3.5714285703266,40.3958333332501,0,0.06666667
-3.5684523798508,40.3958333332501,0,0.10000000
-3.56547618937499,40.3958333332501,0,0.13333334
-3.56249999889918,40.3958333332501,0,0.20000000
-3.55952380842338,40.3958333332501,0,0.20000000
-3.55654761794757,40.3958333332501,0,0.20000000
-3.55357142747176,40.3958333332501,0,0.23333333
-3.55059523699596,40.3958333332501,0,0.20000000
-3.54761904652015,40.3958333332501,0,0.20000000
-3.54464285604434,40.3958333332501,0,0.26666668
-3.54166666556854,40.3958333332501,0,0.23333333
-3.53869047509273,40.3958333332501,0,0.13333334
-3.53571428461692,40.3958333332501,0,0.20000000
-3.53273809414112,40.3958333332501,0,0.33333334
-3.52976190366531,40.3958333332501,0,0.46666667
-3.5267857131895,40.3958333332501,0,0.63333333
-3.5238095227137,40.3958333332501,0,0.69999999
-3.52083333223789,40.3958333332501,0,0.69999999
-3.83035714172177,40.3928571427683,0,0.96666664
-3.82738095124597,40.3928571427683,0,1.46666670
-3.82440476077016,40.3928571427683,0,1.46666670
-3.82142857029435,40.3928571427683,0,1.50000000
-3.81845237981855,40.3928571427683,0,1.50000000
-3.81547618934274,40.3928571427683,0,1.53333330
-3.81249999886693,40.3928571427683,0,1.50000000
-3.80952380839113,40.3928571427683,0,1.23333335
-3.79166666553629,40.3928571427683,0,1.00000000
-3.78571428458467,40.3928571427683,0,1.16666663
-3.78273809410887,40.3928571427683,0,0.86666667
-3.77976190363306,40.3928571427683,0,0.46666667
-3.77678571315725,40.3928571427683,0,0.43333334
-3.77380952268145,40.3928571427683,0,0.56666666
-3.77083333220564,40.3928571427683,0,0.80000001
-3.76785714172983,40.3928571427683,0,0.46666667
-3.76488095125403,40.3928571427683,0,0.30000001
-3.76190476077822,40.3928571427683,0,0.33333334
-3.75892857030242,40.3928571427683,0,0.33333334
-3.75595237982661,40.3928571427683,0,0.33333334
-3.7529761893508,40.3928571427683,0,0.43333334
-3.749999998875,40.3928571427683,0,0.80000001
-3.74702380839919,40.3928571427683,0,0.89999998
-3.74404761792338,40.3928571427683,0,0.73333335
-3.74107142744758,40.3928571427683,0,0.23333333
-3.73809523697177,40.3928571427683,0,0.16666667
-3.73511904649596,40.3928571427683,0,0.13333334
-3.73214285602016,40.3928571427683,0,0.16666667
-3.72916666554435,40.3928571427683,0,0.23333333
-3.72619047506854,40.3928571427683,0,0.13333334
-3.72321428459274,40.3928571427683,0,0.13333334
-3.72023809411693,40.3928571427683,0,0.20000000
-3.71726190364112,40.3928571427683,0,0.33333334
-3.71428571316532,40.3928571427683,0,0.20000000
-3.71130952268951,40.3928571427683,0,0.16666667
-3.7083333322137,40.3928571427683,0,0.20000000
-3.7053571417379,40.3928571427683,0,0.36666667
-3.70238095126209,40.3928571427683,0,0.36666667
-3.69940476078628,40.3928571427683,0,0.23333333
-3.69642857031048,40.3928571427683,0,0.13333334
-3.69345237983467,40.3928571427683,0,0.16666667
-3.69047618935886,40.3928571427683,0,0.26666668
-3.68749999888306,40.3928571427683,0,0.40000001
-3.68452380840725,40.3928571427683,0,0.93333334
-3.68154761793144,40.3928571427683,0,0.76666665
-3.67857142745564,40.3928571427683,0,0.36666667
-3.67559523697983,40.3928571427683,0,0.33333334
-3.67261904650403,40.3928571427683,0,0.23333333
-3.66964285602822,40.3928571427683,0,0.06666667
-3.66666666555241,40.3928571427683,0,0.06666667
-3.66369047507661,40.3928571427683,0,0.13333334
-3.6607142846008,40.3928571427683,0,0.20000000
-3.65773809412499,40.3928571427683,0,0.26666668
-3.65476190364919,40.3928571427683,0,0.43333334
-3.65178571317338,40.3928571427683,0,0.53333336
-3.64880952269757,40.3928571427683,0,0.40000001
-3.64583333222177,40.3928571427683,0,0.36666667
-3.64285714174596,40.3928571427683,0,0.33333334
-3.63988095127015,40.3928571427683,0,0.43333334
-3.63690476079435,40.3928571427683,0,0.50000000
-3.63392857031854,40.3928571427683,0,0.66666669
-3.63095237984273,40.3928571427683,0,0.56666666
-3.62797618936693,40.3928571427683,0,0.43333334
-3.62499999889112,40.3928571427683,0,0.46666667
-3.62202380841531,40.3928571427683,0,0.46666667
-3.61904761793951,40.3928571427683,0,0.53333336
-3.6160714274637,40.3928571427683,0,0.53333336
-3.61309523698789,40.3928571427683,0,0.60000002
-3.61011904651209,40.3928571427683,0,0.73333335
-3.60714285603628,40.3928571427683,0,0.63333333
-3.60416666556047,40.3928571427683,0,0.56666666
-3.60119047508467,40.3928571427683,0,0.43333334
-3.59821428460886,40.3928571427683,0,0.23333333
-3.59523809413305,40.3928571427683,0,0.20000000
-3.59226190365725,40.3928571427683,0,0.30000001
-3.58928571318144,40.3928571427683,0,0.46666667
-3.58630952270564,40.3928571427683,0,0.50000000
-3.58333333222983,40.3928571427683,0,0.53333336
-3.58035714175402,40.3928571427683,0,0.26666668
-3.57738095127822,40.3928571427683,0,0.13333334
-3.57440476080241,40.3928571427683,0,0.10000000
-3.5714285703266,40.3928571427683,0,0.06666667
-3.5684523798508,40.3928571427683,0,0.06666667
-3.56547618937499,40.3928571427683,0,0.13333334
-3.56249999889918,40.3928571427683,0,0.20000000
-3.55952380842338,40.3928571427683,0,0.23333333
-3.55654761794757,40.3928571427683,0,0.23333333
-3.55357142747176,40.3928571427683,0,0.23333333
-3.55059523699596,40.3928571427683,0,0.20000000
-3.54761904652015,40.3928571427683,0,0.20000000
-3.54464285604434,40.3928571427683,0,0.40000001
-3.53869047509273,40.3928571427683,0,0.36666667
-3.53571428461692,40.3928571427683,0,0.40000001
-3.53273809414112,40.3928571427683,0,0.43333334
-3.52976190366531,40.3928571427683,0,0.60000002
-3.5267857131895,40.3928571427683,0,0.66666669
-3.5238095227137,40.3928571427683,0,0.66666669
-3.52083333223789,40.3928571427683,0,0.73333335
-3.82738095124597,40.3898809522864,0,1.16666663
-3.82440476077016,40.3898809522864,0,1.39999998
-3.82142857029435,40.3898809522864,0,1.53333330
-3.81845237981855,40.3898809522864,0,1.56666672
-3.81547618934274,40.3898809522864,0,1.53333330
-3.81249999886693,40.3898809522864,0,1.43333328
-3.80952380839113,40.3898809522864,0,1.39999998
-3.80654761791532,40.3898809522864,0,1.26666665
-3.80357142743951,40.3898809522864,0,1.23333335
-3.80059523696371,40.3898809522864,0,1.13333333
-3.7976190464879,40.3898809522864,0,1.06666672
-3.79464285601209,40.3898809522864,0,1.13333333
-3.79166666553629,40.3898809522864,0,1.20000005
-3.78869047506048,40.3898809522864,0,1.20000005
-3.78571428458467,40.3898809522864,0,1.06666672
-3.78273809410887,40.3898809522864,0,0.80000001
-3.77976190363306,40.3898809522864,0,0.60000002
-3.77678571315725,40.3898809522864,0,0.83333331
-3.77380952268145,40.3898809522864,0,1.10000002
-3.77083333220564,40.3898809522864,0,0.93333334
-3.76785714172983,40.3898809522864,0,0.76666665
-3.76488095125403,40.3898809522864,0,0.40000001
-3.76190476077822,40.3898809522864,0,0.36666667
-3.75892857030242,40.3898809522864,0,0.36666667
-3.75595237982661,40.3898809522864,0,0.30000001
-3.7529761893508,40.3898809522864,0,0.36666667
-3.749999998875,40.3898809522864,0,0.63333333
-3.74702380839919,40.3898809522864,0,0.50000000
-3.74404761792338,40.3898809522864,0,0.33333334
-3.74107142744758,40.3898809522864,0,0.10000000
-3.73809523697177,40.3898809522864,0,0.10000000
-3.73511904649596,40.3898809522864,0,0.13333334
-3.73214285602016,40.3898809522864,0,0.13333334
-3.72916666554435,40.3898809522864,0,0.13333334
-3.72619047506854,40.3898809522864,0,0.16666667
-3.72321428459274,40.3898809522864,0,0.16666667
-3.72023809411693,40.3898809522864,0,0.13333334
-3.71726190364112,40.3898809522864,0,0.20000000
-3.71428571316532,40.3898809522864,0,0.26666668
-3.71130952268951,40.3898809522864,0,0.26666668
-3.7083333322137,40.3898809522864,0,0.23333333
-3.7053571417379,40.3898809522864,0,0.30000001
-3.70238095126209,40.3898809522864,0,0.23333333
-3.69940476078628,40.3898809522864,0,0.23333333
-3.69642857031048,40.3898809522864,0,0.20000000
-3.69345237983467,40.3898809522864,0,0.16666667
-3.69047618935886,40.3898809522864,0,0.23333333
-3.68749999888306,40.3898809522864,0,0.83333331
-3.68452380840725,40.3898809522864,0,1.46666670
-3.68154761793144,40.3898809522864,0,1.39999998
-3.67857142745564,40.3898809522864,0,0.46666667
-3.67559523697983,40.3898809522864,0,0.16666667
-3.67261904650403,40.3898809522864,0,0.13333334
-3.66964285602822,40.3898809522864,0,0.10000000
-3.66666666555241,40.3898809522864,0,0.10000000
-3.66369047507661,40.3898809522864,0,0.16666667
-3.6607142846008,40.3898809522864,0,0.30000001
-3.65773809412499,40.3898809522864,0,0.40000001
-3.65476190364919,40.3898809522864,0,0.50000000
-3.65178571317338,40.3898809522864,0,0.33333334
-3.64880952269757,40.3898809522864,0,0.30000001
-3.64583333222177,40.3898809522864,0,0.23333333
-3.64285714174596,40.3898809522864,0,0.26666668
-3.63988095127015,40.3898809522864,0,0.23333333
-3.63690476079435,40.3898809522864,0,0.40000001
-3.63392857031854,40.3898809522864,0,0.80000001
-3.63095237984273,40.3898809522864,0,0.53333336
-3.62797618936693,40.3898809522864,0,0.46666667
-3.62499999889112,40.3898809522864,0,0.43333334
-3.62202380841531,40.3898809522864,0,0.26666668
-3.61904761793951,40.3898809522864,0,0.40000001
-3.6160714274637,40.3898809522864,0,0.53333336
-3.61309523698789,40.3898809522864,0,0.73333335
-3.61011904651209,40.3898809522864,0,0.80000001
-3.60714285603628,40.3898809522864,0,0.73333335
-3.60416666556047,40.3898809522864,0,0.63333333
-3.60119047508467,40.3898809522864,0,0.50000000
-3.59821428460886,40.3898809522864,0,0.50000000
-3.59523809413305,40.3898809522864,0,0.46666667
-3.59226190365725,40.3898809522864,0,0.36666667
-3.58928571318144,40.3898809522864,0,0.26666668
-3.58630952270564,40.3898809522864,0,0.23333333
-3.58333333222983,40.3898809522864,0,0.30000001
-3.58035714175402,40.3898809522864,0,0.33333334
-3.57738095127822,40.3898809522864,0,0.20000000
-3.57440476080241,40.3898809522864,0,0.16666667
-3.5714285703266,40.3898809522864,0,0.13333334
-3.5684523798508,40.3898809522864,0,0.10000000
-3.56547618937499,40.3898809522864,0,0.13333334
-3.56249999889918,40.3898809522864,0,0.20000000
-3.55952380842338,40.3898809522864,0,0.20000000
-3.55654761794757,40.3898809522864,0,0.16666667
-3.55357142747176,40.3898809522864,0,0.16666667
-3.55059523699596,40.3898809522864,0,0.20000000
-3.54761904652015,40.3898809522864,0,0.26666668
-3.54464285604434,40.3898809522864,0,0.36666667
-3.52976190366531,40.3898809522864,0,0.36666667
-3.82440476077016,40.3869047618046,0,1.26666665
-3.82142857029435,40.3869047618046,0,1.46666670
-3.81845237981855,40.3869047618046,0,1.56666672
-3.81547618934274,40.3869047618046,0,1.50000000
-3.81249999886693,40.3869047618046,0,1.36666667
-3.80952380839113,40.3869047618046,0,1.29999995
-3.80654761791532,40.3869047618046,0,1.29999995
-3.80357142743951,40.3869047618046,0,1.23333335
-3.80059523696371,40.3869047618046,0,0.83333331
-3.7976190464879,40.3869047618046,0,0.46666667
-3.79464285601209,40.3869047618046,0,0.46666667
-3.79166666553629,40.3869047618046,0,0.83333331
-3.78869047506048,40.3869047618046,0,0.89999998
-3.78571428458467,40.3869047618046,0,0.76666665
-3.78273809410887,40.3869047618046,0,0.46666667
-3.77976190363306,40.3869047618046,0,0.53333336
-3.77678571315725,40.3869047618046,0,0.83333331
-3.77380952268145,40.3869047618046,0,1.00000000
-3.77083333220564,40.3869047618046,0,1.03333330
-3.76785714172983,40.3869047618046,0,0.56666666
-3.76488095125403,40.3869047618046,0,0.30000001
-3.76190476077822,40.3869047618046,0,0.33333334
-3.75892857030242,40.3869047618046,0,0.33333334
-3.75595237982661,40.3869047618046,0,0.23333333
-3.7529761893508,40.3869047618046,0,0.30000001
-3.749999998875,40.3869047618046,0,0.53333336
-3.74702380839919,40.3869047618046,0,0.40000001
-3.74404761792338,40.3869047618046,0,0.16666667
-3.74107142744758,40.3869047618046,0,0.06666667
-3.73809523697177,40.3869047618046,0,0.20000000
-3.73511904649596,40.3869047618046,0,0.13333334
-3.73214285602016,40.3869047618046,0,0.13333334
-3.72916666554435,40.3869047618046,0,0.13333334
-3.72619047506854,40.3869047618046,0,0.23333333
-3.72321428459274,40.3869047618046,0,0.20000000
-3.72023809411693,40.3869047618046,0,0.16666667
-3.71726190364112,40.3869047618046,0,0.20000000
-3.71428571316532,40.3869047618046,0,0.26666668
-3.71130952268951,40.3869047618046,0,0.16666667
-3.7083333322137,40.3869047618046,0,0.13333334
-3.7053571417379,40.3869047618046,0,0.16666667
-3.70238095126209,40.3869047618046,0,0.10000000
-3.69940476078628,40.3869047618046,0,0.16666667
-3.69642857031048,40.3869047618046,0,0.30000001
-3.69345237983467,40.3869047618046,0,0.33333334
-3.69047618935886,40.3869047618046,0,0.33333334
-3.68749999888306,40.3869047618046,0,0.76666665
-3.68452380840725,40.3869047618046,0,1.26666665
-3.68154761793144,40.3869047618046,0,1.03333330
-3.67857142745564,40.3869047618046,0,0.36666667
-3.67559523697983,40.3869047618046,0,0.23333333
-3.67261904650403,40.3869047618046,0,0.26666668
-3.66964285602822,40.3869047618046,0,0.13333334
-3.66666666555241,40.3869047618046,0,0.06666667
-3.66369047507661,40.3869047618046,0,0.16666667
-3.6607142846008,40.3869047618046,0,0.36666667
-3.65773809412499,40.3869047618046,0,0.40000001
-3.65476190364919,40.3869047618046,0,0.20000000
-3.65178571317338,40.3869047618046,0,0.16666667
-3.64880952269757,40.3869047618046,0,0.23333333
-3.64583333222177,40.3869047618046,0,0.26666668
-3.64285714174596,40.3869047618046,0,0.26666668
-3.63988095127015,40.3869047618046,0,0.26666668
-3.63690476079435,40.3869047618046,0,0.40000001
-3.63392857031854,40.3869047618046,0,0.60000002
-3.63095237984273,40.3869047618046,0,0.46666667
-3.62797618936693,40.3869047618046,0,0.23333333
-3.62499999889112,40.3869047618046,0,0.20000000
-3.62202380841531,40.3869047618046,0,0.36666667
-3.61904761793951,40.3869047618046,0,0.30000001
-3.6160714274637,40.3869047618046,0,0.36666667
-3.61309523698789,40.3869047618046,0,0.53333336
-3.61011904651209,40.3869047618046,0,0.56666666
-3.60714285603628,40.3869047618046,0,0.63333333
-3.60416666556047,40.3869047618046,0,0.73333335
-3.60119047508467,40.3869047618046,0,0.80000001
-3.59821428460886,40.3869047618046,0,0.69999999
-3.59523809413305,40.3869047618046,0,0.50000000
-3.59226190365725,40.3869047618046,0,0.30000001
-3.58928571318144,40.3869047618046,0,0.23333333
-3.58630952270564,40.3869047618046,0,0.23333333
-3.58333333222983,40.3869047618046,0,0.23333333
-3.58035714175402,40.3869047618046,0,0.23333333
-3.57738095127822,40.3869047618046,0,0.26666668
-3.57440476080241,40.3869047618046,0,0.30000001
-3.5714285703266,40.3869047618046,0,0.23333333
-3.5684523798508,40.3869047618046,0,0.16666667
-3.56547618937499,40.3869047618046,0,0.13333334
-3.56249999889918,40.3869047618046,0,0.16666667
-3.55952380842338,40.3869047618046,0,0.26666668
-3.55654761794757,40.3869047618046,0,0.30000001
-3.55357142747176,40.3869047618046,0,0.23333333
-3.55059523699596,40.3869047618046,0,0.16666667
-3.54761904652015,40.3869047618046,0,0.26666668
-3.82440476077016,40.3839285713228,0,0.60000002
-3.82142857029435,40.3839285713228,0,1.10000002
-3.81845237981855,40.3839285713228,0,1.23333335
-3.81547618934274,40.3839285713228,0,1.29999995
-3.81249999886693,40.3839285713228,0,1.36666667
-3.80952380839113,40.3839285713228,0,1.39999998
-3.80654761791532,40.3839285713228,0,1.43333328
-3.80357142743951,40.3839285713228,0,1.36666667
-3.80059523696371,40.3839285713228,0,1.16666663
-3.7976190464879,40.3839285713228,0,0.50000000
-3.79464285601209,40.3839285713228,0,0.33333334
-3.79166666553629,40.3839285713228,0,0.66666669
-3.78869047506048,40.3839285713228,0,0.80000001
-3.78571428458467,40.3839285713228,0,0.50000000
-3.78273809410887,40.3839285713228,0,0.30000001
-3.77976190363306,40.3839285713228,0,0.33333334
-3.77678571315725,40.3839285713228,0,0.66666669
-3.77380952268145,40.3839285713228,0,0.80000001
-3.77083333220564,40.3839285713228,0,0.80000001
-3.76785714172983,40.3839285713228,0,0.69999999
-3.76488095125403,40.3839285713228,0,0.46666667
-3.76190476077822,40.3839285713228,0,0.66666669
-3.75892857030242,40.3839285713228,0,0.56666666
-3.75595237982661,40.3839285713228,0,0.76666665
-3.7529761893508,40.3839285713228,0,0.63333333
-3.749999998875,40.3839285713228,0,0.50000000
-3.74702380839919,40.3839285713228,0,0.40000001
-3.74404761792338,40.3839285713228,0,0.13333334
-3.74107142744758,40.3839285713228,0,0.26666668
-3.73809523697177,40.3839285713228,0,0.73333335
-3.73511904649596,40.3839285713228,0,0.63333333
-3.73214285602016,40.3839285713228,0,0.30000001
-3.72916666554435,40.3839285713228,0,0.10000000
-3.72619047506854,40.3839285713228,0,0.33333334
-3.72321428459274,40.3839285713228,0,0.50000000
-3.72023809411693,40.3839285713228,0,0.60000002
-3.71726190364112,40.3839285713228,0,0.43333334
-3.71428571316532,40.3839285713228,0,0.36666667
-3.71130952268951,40.3839285713228,0,0.26666668
-3.7083333322137,40.3839285713228,0,0.10000000
-3.7053571417379,40.3839285713228,0,0.06666667
-3.70238095126209,40.3839285713228,0,0.10000000
-3.69940476078628,40.3839285713228,0,0.20000000
-3.69642857031048,40.3839285713228,0,0.30000001
-3.69345237983467,40.3839285713228,0,0.43333334
-3.69047618935886,40.3839285713228,0,0.56666666
-3.68749999888306,40.3839285713228,0,0.56666666
-3.68452380840725,40.3839285713228,0,0.69999999
-3.68154761793144,40.3839285713228,0,0.40000001
-3.67857142745564,40.3839285713228,0,0.30000001
-3.67559523697983,40.3839285713228,0,0.26666668
-3.67261904650403,40.3839285713228,0,0.20000000
-3.66964285602822,40.3839285713228,0,0.13333334
-3.66666666555241,40.3839285713228,0,0.16666667
-3.66369047507661,40.3839285713228,0,0.33333334
-3.6607142846008,40.3839285713228,0,0.46666667
-3.65773809412499,40.3839285713228,0,0.53333336
-3.65476190364919,40.3839285713228,0,0.36666667
-3.65178571317338,40.3839285713228,0,0.23333333
-3.64880952269757,40.3839285713228,0,0.26666668
-3.64583333222177,40.3839285713228,0,0.40000001
-3.64285714174596,40.3839285713228,0,0.36666667
-3.63988095127015,40.3839285713228,0,0.36666667
-3.63690476079435,40.3839285713228,0,0.43333334
-3.63392857031854,40.3839285713228,0,0.36666667
-3.63095237984273,40.3839285713228,0,0.26666668
-3.62797618936693,40.3839285713228,0,0.13333334
-3.62499999889112,40.3839285713228,0,0.13333334
-3.62202380841531,40.3839285713228,0,0.43333334
-3.61904761793951,40.3839285713228,0,0.40000001
-3.6160714274637,40.3839285713228,0,0.30000001
-3.61309523698789,40.3839285713228,0,0.36666667
-3.61011904651209,40.3839285713228,0,0.46666667
-3.60714285603628,40.3839285713228,0,0.53333336
-3.60416666556047,40.3839285713228,0,0.56666666
-3.60119047508467,40.3839285713228,0,0.46666667
-3.59821428460886,40.3839285713228,0,0.43333334
-3.59523809413305,40.3839285713228,0,0.16666667
-3.59226190365725,40.3839285713228,0,0.13333334
-3.58928571318144,40.3839285713228,0,0.16666667
-3.58630952270564,40.3839285713228,0,0.16666667
-3.58333333222983,40.3839285713228,0,0.16666667
-3.58035714175402,40.3839285713228,0,0.13333334
-3.57738095127822,40.3839285713228,0,0.13333334
-3.57440476080241,40.3839285713228,0,0.20000000
-3.5714285703266,40.3839285713228,0,0.16666667
-3.5684523798508,40.3839285713228,0,0.16666667
-3.56547618937499,40.3839285713228,0,0.23333333
-3.56249999889918,40.3839285713228,0,0.20000000
-3.55952380842338,40.3839285713228,0,0.26666668
-3.55654761794757,40.3839285713228,0,0.36666667
-3.55357142747176,40.3839285713228,0,0.30000001
-3.55059523699596,40.3839285713228,0,0.23333333
-3.54761904652015,40.3839285713228,0,0.43333334
-3.82142857029435,40.380952380841,0,0.86666667
-3.81845237981855,40.380952380841,0,1.23333335
-3.81547618934274,40.380952380841,0,1.60000002
-3.81249999886693,40.380952380841,0,1.53333330
-3.80952380839113,40.380952380841,0,1.50000000
-3.80654761791532,40.380952380841,0,1.86666667
-3.80357142743951,40.380952380841,0,1.79999995
-3.80059523696371,40.380952380841,0,1.36666667
-3.7976190464879,40.380952380841,0,0.86666667
-3.79464285601209,40.380952380841,0,0.60000002
-3.79166666553629,40.380952380841,0,0.50000000
-3.78869047506048,40.380952380841,0,0.46666667
-3.78571428458467,40.380952380841,0,0.43333334
-3.78273809410887,40.380952380841,0,0.43333334
-3.77976190363306,40.380952380841,0,0.33333334
-3.77678571315725,40.380952380841,0,0.40000001
-3.77380952268145,40.380952380841,0,0.43333334
-3.77083333220564,40.380952380841,0,0.43333334
-3.76785714172983,40.380952380841,0,0.43333334
-3.76488095125403,40.380952380841,0,0.43333334
-3.76190476077822,40.380952380841,0,0.69999999
-3.75892857030242,40.380952380841,0,0.93333334
-3.75595237982661,40.380952380841,0,1.06666672
-3.7529761893508,40.380952380841,0,1.13333333
-3.749999998875,40.380952380841,0,0.63333333
-3.74702380839919,40.380952380841,0,0.30000001
-3.74404761792338,40.380952380841,0,0.23333333
-3.74107142744758,40.380952380841,0,0.26666668
-3.73809523697177,40.380952380841,0,0.66666669
-3.73511904649596,40.380952380841,0,0.80000001
-3.73214285602016,40.380952380841,0,0.26666668
-3.72916666554435,40.380952380841,0,0.23333333
-3.72619047506854,40.380952380841,0,0.53333336
-3.72321428459274,40.380952380841,0,1.06666672
-3.72023809411693,40.380952380841,0,1.23333335
-3.71726190364112,40.380952380841,0,0.63333333
-3.71428571316532,40.380952380841,0,0.23333333
-3.71130952268951,40.380952380841,0,0.26666668
-3.7083333322137,40.380952380841,0,0.23333333
-3.7053571417379,40.380952380841,0,0.20000000
-3.70238095126209,40.380952380841,0,0.36666667
-3.69940476078628,40.380952380841,0,0.30000001
-3.69642857031048,40.380952380841,0,0.26666668
-3.69345237983467,40.380952380841,0,0.26666668
-3.69047618935886,40.380952380841,0,0.69999999
-3.68749999888306,40.380952380841,0,0.76666665
-3.68452380840725,40.380952380841,0,0.56666666
-3.68154761793144,40.380952380841,0,0.33333334
-3.67857142745564,40.380952380841,0,0.33333334
-3.67559523697983,40.380952380841,0,0.33333334
-3.67261904650403,40.380952380841,0,0.20000000
-3.66964285602822,40.380952380841,0,0.16666667
-3.66666666555241,40.380952380841,0,0.23333333
-3.66369047507661,40.380952380841,0,0.26666668
-3.6607142846008,40.380952380841,0,0.30000001
-3.65773809412499,40.380952380841,0,0.30000001
-3.65476190364919,40.380952380841,0,0.30000001
-3.65178571317338,40.380952380841,0,0.33333334
-3.64880952269757,40.380952380841,0,0.36666667
-3.64583333222177,40.380952380841,0,0.60000002
-3.64285714174596,40.380952380841,0,0.80000001
-3.63988095127015,40.380952380841,0,0.66666669
-3.63690476079435,40.380952380841,0,0.33333334
-3.63392857031854,40.380952380841,0,0.16666667
-3.63095237984273,40.380952380841,0,0.23333333
-3.62797618936693,40.380952380841,0,0.26666668
-3.62499999889112,40.380952380841,0,0.13333334
-3.62202380841531,40.380952380841,0,0.13333334
-3.61904761793951,40.380952380841,0,0.30000001
-3.6160714274637,40.380952380841,0,0.26666668
-3.61309523698789,40.380952380841,0,0.33333334
-3.61011904651209,40.380952380841,0,0.43333334
-3.60714285603628,40.380952380841,0,0.43333334
-3.60416666556047,40.380952380841,0,0.53333336
-3.60119047508467,40.380952380841,0,0.43333334
-3.59821428460886,40.380952380841,0,0.33333334
-3.59523809413305,40.380952380841,0,0.20000000
-3.59226190365725,40.380952380841,0,0.13333334
-3.58928571318144,40.380952380841,0,0.10000000
-3.58630952270564,40.380952380841,0,0.13333334
-3.58333333222983,40.380952380841,0,0.13333334
-3.58035714175402,40.380952380841,0,0.13333334
-3.57738095127822,40.380952380841,0,0.13333334
-3.57440476080241,40.380952380841,0,0.16666667
-3.5714285703266,40.380952380841,0,0.16666667
-3.5684523798508,40.380952380841,0,0.23333333
-3.56547618937499,40.380952380841,0,0.43333334
-3.56249999889918,40.380952380841,0,0.63333333
-3.55952380842338,40.380952380841,0,0.46666667
-3.55654761794757,40.380952380841,0,0.36666667
-3.55357142747176,40.380952380841,0,0.26666668
-3.55059523699596,40.380952380841,0,0.26666668
-3.81845237981855,40.3779761903592,0,1.39999998
-3.81547618934274,40.3779761903592,0,1.39999998
-3.81249999886693,40.3779761903592,0,1.29999995
-3.80952380839113,40.3779761903592,0,1.43333328
-3.80654761791532,40.3779761903592,0,1.60000002
-3.80357142743951,40.3779761903592,0,1.56666672
-3.80059523696371,40.3779761903592,0,1.20000005
-3.7976190464879,40.3779761903592,0,0.66666669
-3.79464285601209,40.3779761903592,0,0.40000001
-3.79166666553629,40.3779761903592,0,0.26666668
-3.78869047506048,40.3779761903592,0,0.23333333
-3.78571428458467,40.3779761903592,0,0.46666667
-3.78273809410887,40.3779761903592,0,0.36666667
-3.77976190363306,40.3779761903592,0,0.33333334
-3.77678571315725,40.3779761903592,0,0.36666667
-3.77380952268145,40.3779761903592,0,0.33333334
-3.77083333220564,40.3779761903592,0,0.40000001
-3.76785714172983,40.3779761903592,0,0.43333334
-3.76488095125403,40.3779761903592,0,0.50000000
-3.76190476077822,40.3779761903592,0,0.93333334
-3.75892857030242,40.3779761903592,0,1.13333333
-3.75595237982661,40.3779761903592,0,1.00000000
-3.7529761893508,40.3779761903592,0,0.73333335
-3.749999998875,40.3779761903592,0,0.40000001
-3.74702380839919,40.3779761903592,0,0.26666668
-3.74404761792338,40.3779761903592,0,0.30000001
-3.74107142744758,40.3779761903592,0,0.30000001
-3.73809523697177,40.3779761903592,0,0.53333336
-3.73511904649596,40.3779761903592,0,0.69999999
-3.73214285602016,40.3779761903592,0,0.46666667
-3.72916666554435,40.3779761903592,0,0.53333336
-3.72619047506854,40.3779761903592,0,1.00000000
-3.72321428459274,40.3779761903592,0,1.43333328
-3.72023809411693,40.3779761903592,0,1.46666670
-3.71726190364112,40.3779761903592,0,0.73333335
-3.71428571316532,40.3779761903592,0,0.53333336
-3.71130952268951,40.3779761903592,0,0.76666665
-3.7083333322137,40.3779761903592,0,0.93333334
-3.7053571417379,40.3779761903592,0,0.86666667
-3.70238095126209,40.3779761903592,0,0.60000002
-3.69940476078628,40.3779761903592,0,0.53333336
-3.69642857031048,40.3779761903592,0,0.26666668
-3.69345237983467,40.3779761903592,0,0.20000000
-3.69047618935886,40.3779761903592,0,0.69999999
-3.68749999888306,40.3779761903592,0,1.03333330
-3.68452380840725,40.3779761903592,0,0.63333333
-3.68154761793144,40.3779761903592,0,0.36666667
-3.67857142745564,40.3779761903592,0,0.63333333
-3.67559523697983,40.3779761903592,0,0.63333333
-3.67261904650403,40.3779761903592,0,0.30000001
-3.66964285602822,40.3779761903592,0,0.20000000
-3.66666666555241,40.3779761903592,0,0.20000000
-3.66369047507661,40.3779761903592,0,0.26666668
-3.6607142846008,40.3779761903592,0,0.33333334
-3.65773809412499,40.3779761903592,0,0.30000001
-3.65476190364919,40.3779761903592,0,0.33333334
-3.65178571317338,40.3779761903592,0,0.53333336
-3.64880952269757,40.3779761903592,0,0.69999999
-3.64583333222177,40.3779761903592,0,0.73333335
-3.64285714174596,40.3779761903592,0,0.73333335
-3.63988095127015,40.3779761903592,0,0.43333334
-3.63690476079435,40.3779761903592,0,0.16666667
-3.63392857031854,40.3779761903592,0,0.06666667
-3.63095237984273,40.3779761903592,0,0.10000000
-3.62797618936693,40.3779761903592,0,0.16666667
-3.62499999889112,40.3779761903592,0,0.13333334
-3.62202380841531,40.3779761903592,0,0.13333334
-3.61904761793951,40.3779761903592,0,0.20000000
-3.6160714274637,40.3779761903592,0,0.26666668
-3.61309523698789,40.3779761903592,0,0.50000000
-3.61011904651209,40.3779761903592,0,0.46666667
-3.60714285603628,40.3779761903592,0,0.43333334
-3.60416666556047,40.3779761903592,0,0.46666667
-3.60119047508467,40.3779761903592,0,0.36666667
-3.59821428460886,40.3779761903592,0,0.26666668
-3.59523809413305,40.3779761903592,0,0.16666667
-3.59226190365725,40.3779761903592,0,0.13333334
-3.58928571318144,40.3779761903592,0,0.13333334
-3.58630952270564,40.3779761903592,0,0.13333334
-3.58333333222983,40.3779761903592,0,0.16666667
-3.58035714175402,40.3779761903592,0,0.20000000
-3.57738095127822,40.3779761903592,0,0.23333333
-3.57440476080241,40.3779761903592,0,0.23333333
-3.5714285703266,40.3779761903592,0,0.23333333
-3.5684523798508,40.3779761903592,0,0.33333334
-3.56547618937499,40.3779761903592,0,0.40000001
-3.56249999889918,40.3779761903592,0,0.60000002
-3.55952380842338,40.3779761903592,0,0.60000002
-3.55654761794757,40.3779761903592,0,0.40000001
-3.55357142747176,40.3779761903592,0,0.36666667
-3.55059523699596,40.3779761903592,0,0.43333334
-3.81547618934274,40.3749999998774,0,1.23333335
-3.81249999886693,40.3749999998774,0,1.23333335
-3.80952380839113,40.3749999998774,0,1.29999995
-3.80654761791532,40.3749999998774,0,1.26666665
-3.80357142743951,40.3749999998774,0,1.23333335
-3.80059523696371,40.3749999998774,0,1.26666665
-3.7976190464879,40.3749999998774,0,0.86666667
-3.79464285601209,40.3749999998774,0,0.43333334
-3.79166666553629,40.3749999998774,0,0.46666667
-3.78869047506048,40.3749999998774,0,0.76666665
-3.78571428458467,40.3749999998774,0,0.86666667
-3.78273809410887,40.3749999998774,0,0.43333334
-3.77976190363306,40.3749999998774,0,0.40000001
-3.77678571315725,40.3749999998774,0,0.36666667
-3.77380952268145,40.3749999998774,0,0.33333334
-3.77083333220564,40.3749999998774,0,0.43333334
-3.76785714172983,40.3749999998774,0,0.46666667
-3.76488095125403,40.3749999998774,0,0.36666667
-3.76190476077822,40.3749999998774,0,0.80000001
-3.75892857030242,40.3749999998774,0,0.89999998
-3.75595237982661,40.3749999998774,0,0.80000001
-3.7529761893508,40.3749999998774,0,0.40000001
-3.749999998875,40.3749999998774,0,0.26666668
-3.74702380839919,40.3749999998774,0,0.30000001
-3.74404761792338,40.3749999998774,0,0.26666668
-3.74107142744758,40.3749999998774,0,0.30000001
-3.73809523697177,40.3749999998774,0,0.73333335
-3.73511904649596,40.3749999998774,0,0.60000002
-3.73214285602016,40.3749999998774,0,0.46666667
-3.72916666554435,40.3749999998774,0,0.46666667
-3.72619047506854,40.3749999998774,0,0.86666667
-3.72321428459274,40.3749999998774,0,1.23333335
-3.72023809411693,40.3749999998774,0,1.13333333
-3.71726190364112,40.3749999998774,0,0.69999999
-3.71428571316532,40.3749999998774,0,0.60000002
-3.71130952268951,40.3749999998774,0,1.00000000
-3.7083333322137,40.3749999998774,0,1.10000002
-3.7053571417379,40.3749999998774,0,0.89999998
-3.70238095126209,40.3749999998774,0,0.53333336
-3.69940476078628,40.3749999998774,0,0.36666667
-3.69642857031048,40.3749999998774,0,0.33333334
-3.69345237983467,40.3749999998774,0,0.43333334
-3.69047618935886,40.3749999998774,0,0.36666667
-3.68749999888306,40.3749999998774,0,0.93333334
-3.68452380840725,40.3749999998774,0,0.69999999
-3.68154761793144,40.3749999998774,0,0.40000001
-3.67857142745564,40.3749999998774,0,0.36666667
-3.67559523697983,40.3749999998774,0,0.63333333
-3.67261904650403,40.3749999998774,0,0.76666665
-3.66964285602822,40.3749999998774,0,0.43333334
-3.66666666555241,40.3749999998774,0,0.43333334
-3.66369047507661,40.3749999998774,0,0.46666667
-3.6607142846008,40.3749999998774,0,0.36666667
-3.65773809412499,40.3749999998774,0,0.33333334
-3.65476190364919,40.3749999998774,0,0.36666667
-3.65178571317338,40.3749999998774,0,0.36666667
-3.64880952269757,40.3749999998774,0,0.16666667
-3.64583333222177,40.3749999998774,0,0.06666667
-3.64285714174596,40.3749999998774,0,0.06666667
-3.63988095127015,40.3749999998774,0,0.06666667
-3.63690476079435,40.3749999998774,0,0.10000000
-3.63392857031854,40.3749999998774,0,0.26666668
-3.63095237984273,40.3749999998774,0,0.43333334
-3.62797618936693,40.3749999998774,0,0.36666667
-3.62499999889112,40.3749999998774,0,0.23333333
-3.62202380841531,40.3749999998774,0,0.16666667
-3.61904761793951,40.3749999998774,0,0.30000001
-3.6160714274637,40.3749999998774,0,0.43333334
-3.61309523698789,40.3749999998774,0,0.33333334
-3.61011904651209,40.3749999998774,0,0.30000001
-3.60714285603628,40.3749999998774,0,0.26666668
-3.60416666556047,40.3749999998774,0,0.40000001
-3.60119047508467,40.3749999998774,0,0.36666667
-3.59821428460886,40.3749999998774,0,0.30000001
-3.59523809413305,40.3749999998774,0,0.26666668
-3.59226190365725,40.3749999998774,0,0.20000000
-3.58928571318144,40.3749999998774,0,0.20000000
-3.58630952270564,40.3749999998774,0,0.20000000
-3.58333333222983,40.3749999998774,0,0.30000001
-3.58035714175402,40.3749999998774,0,0.20000000
-3.57738095127822,40.3749999998774,0,0.10000000
-3.57440476080241,40.3749999998774,0,0.10000000
-3.5714285703266,40.3749999998774,0,0.16666667
-3.5684523798508,40.3749999998774,0,0.30000001
-3.56547618937499,40.3749999998774,0,0.40000001
-3.56249999889918,40.3749999998774,0,0.43333334
-3.55952380842338,40.3749999998774,0,0.50000000
-3.55654761794757,40.3749999998774,0,0.46666667
-3.55357142747176,40.3749999998774,0,0.53333336
-3.55059523699596,40.3749999998774,0,0.56666666
-3.81249999886693,40.3720238093955,0,1.26666665
-3.80952380839113,40.3720238093955,0,1.26666665
-3.80654761791532,40.3720238093955,0,1.29999995
-3.80357142743951,40.3720238093955,0,1.16666663
-3.80059523696371,40.3720238093955,0,1.16666663
-3.7976190464879,40.3720238093955,0,1.23333335
-3.79464285601209,40.3720238093955,0,1.03333330
-3.79166666553629,40.3720238093955,0,1.16666663
-3.78869047506048,40.3720238093955,0,1.36666667
-3.78571428458467,40.3720238093955,0,1.39999998
-3.78273809410887,40.3720238093955,0,1.23333335
-3.77976190363306,40.3720238093955,0,1.26666665
-3.77678571315725,40.3720238093955,0,1.10000002
-3.77380952268145,40.3720238093955,0,1.00000000
-3.77083333220564,40.3720238093955,0,1.00000000
-3.76785714172983,40.3720238093955,0,0.60000002
-3.76488095125403,40.3720238093955,0,0.33333334
-3.76190476077822,40.3720238093955,0,0.36666667
-3.75892857030242,40.3720238093955,0,0.26666668
-3.75595237982661,40.3720238093955,0,0.30000001
-3.7529761893508,40.3720238093955,0,0.20000000
-3.749999998875,40.3720238093955,0,0.16666667
-3.74702380839919,40.3720238093955,0,0.20000000
-3.74404761792338,40.3720238093955,0,0.30000001
-3.74107142744758,40.3720238093955,0,0.43333334
-3.73809523697177,40.3720238093955,0,0.73333335
-3.73511904649596,40.3720238093955,0,1.06666672
-3.73214285602016,40.3720238093955,0,0.86666667
-3.72916666554435,40.3720238093955,0,0.50000000
-3.72619047506854,40.3720238093955,0,0.36666667
-3.72321428459274,40.3720238093955,0,0.46666667
-3.72023809411693,40.3720238093955,0,0.63333333
-3.71726190364112,40.3720238093955,0,0.50000000
-3.71428571316532,40.3720238093955,0,0.40000001
-3.71130952268951,40.3720238093955,0,0.53333336
-3.7083333322137,40.3720238093955,0,0.80000001
-3.7053571417379,40.3720238093955,0,0.83333331
-3.70238095126209,40.3720238093955,0,0.53333336
-3.69940476078628,40.3720238093955,0,0.53333336
-3.69642857031048,40.3720238093955,0,0.46666667
-3.69345237983467,40.3720238093955,0,0.26666668
-3.69047618935886,40.3720238093955,0,0.23333333
-3.68749999888306,40.3720238093955,0,0.53333336
-3.68452380840725,40.3720238093955,0,0.69999999
-3.68154761793144,40.3720238093955,0,0.43333334
-3.67857142745564,40.3720238093955,0,0.20000000
-3.67559523697983,40.3720238093955,0,0.63333333
-3.67261904650403,40.3720238093955,0,1.29999995
-3.66964285602822,40.3720238093955,0,1.06666672
-3.66666666555241,40.3720238093955,0,1.33333337
-3.66369047507661,40.3720238093955,0,1.13333333
-3.6607142846008,40.3720238093955,0,0.36666667
-3.65773809412499,40.3720238093955,0,0.36666667
-3.65476190364919,40.3720238093955,0,0.46666667
-3.65178571317338,40.3720238093955,0,0.50000000
-3.64880952269757,40.3720238093955,0,0.30000001
-3.64583333222177,40.3720238093955,0,0.03333334
-3.64285714174596,40.3720238093955,0,0.03333334
-3.63988095127015,40.3720238093955,0,0.06666667
-3.63690476079435,40.3720238093955,0,0.10000000
-3.63392857031854,40.3720238093955,0,0.23333333
-3.63095237984273,40.3720238093955,0,0.33333334
-3.62797618936693,40.3720238093955,0,0.43333334
-3.62499999889112,40.3720238093955,0,0.43333334
-3.62202380841531,40.3720238093955,0,0.26666668
-3.61904761793951,40.3720238093955,0,0.23333333
-3.6160714274637,40.3720238093955,0,0.46666667
-3.61309523698789,40.3720238093955,0,0.33333334
-3.61011904651209,40.3720238093955,0,0.26666668
-3.60714285603628,40.3720238093955,0,0.23333333
-3.60416666556047,40.3720238093955,0,0.40000001
-3.60119047508467,40.3720238093955,0,0.26666668
-3.59821428460886,40.3720238093955,0,0.16666667
-3.59523809413305,40.3720238093955,0,0.20000000
-3.59226190365725,40.3720238093955,0,0.26666668
-3.58928571318144,40.3720238093955,0,0.20000000
-3.58630952270564,40.3720238093955,0,0.16666667
-3.58333333222983,40.3720238093955,0,0.26666668
-3.58035714175402,40.3720238093955,0,0.13333334
-3.57738095127822,40.3720238093955,0,0.10000000
-3.57440476080241,40.3720238093955,0,0.10000000
-3.5714285703266,40.3720238093955,0,0.10000000
-3.5684523798508,40.3720238093955,0,0.20000000
-3.56547618937499,40.3720238093955,0,0.26666668
-3.56249999889918,40.3720238093955,0,0.26666668
-3.55952380842338,40.3720238093955,0,0.60000002
-3.55654761794757,40.3720238093955,0,0.69999999
-3.55357142747176,40.3720238093955,0,0.66666669
-3.55059523699596,40.3720238093955,0,0.60000002
-3.81249999886693,40.3690476189137,0,1.36666667
-3.80952380839113,40.3690476189137,0,1.06666672
-3.80654761791532,40.3690476189137,0,1.00000000
-3.80357142743951,40.3690476189137,0,0.96666664
-3.80059523696371,40.3690476189137,0,1.63333333
-3.7976190464879,40.3690476189137,0,1.43333328
-3.79464285601209,40.3690476189137,0,1.23333335
-3.79166666553629,40.3690476189137,0,1.10000002
-3.78869047506048,40.3690476189137,0,1.13333333
-3.78571428458467,40.3690476189137,0,0.86666667
-3.78273809410887,40.3690476189137,0,0.66666669
-3.77976190363306,40.3690476189137,0,0.53333336
-3.77678571315725,40.3690476189137,0,0.80000001
-3.77380952268145,40.3690476189137,0,0.93333334
-3.77083333220564,40.3690476189137,0,0.80000001
-3.76785714172983,40.3690476189137,0,0.43333334
-3.76488095125403,40.3690476189137,0,0.36666667
-3.76190476077822,40.3690476189137,0,0.36666667
-3.75892857030242,40.3690476189137,0,0.33333334
-3.75595237982661,40.3690476189137,0,0.30000001
-3.7529761893508,40.3690476189137,0,0.16666667
-3.749999998875,40.3690476189137,0,0.16666667
-3.74702380839919,40.3690476189137,0,0.16666667
-3.74404761792338,40.3690476189137,0,0.43333334
-3.74107142744758,40.3690476189137,0,0.46666667
-3.73809523697177,40.3690476189137,0,0.50000000
-3.73511904649596,40.3690476189137,0,0.69999999
-3.73214285602016,40.3690476189137,0,0.40000001
-3.72916666554435,40.3690476189137,0,0.33333334
-3.72619047506854,40.3690476189137,0,0.40000001
-3.72321428459274,40.3690476189137,0,0.46666667
-3.72023809411693,40.3690476189137,0,0.66666669
-3.71726190364112,40.3690476189137,0,0.43333334
-3.71428571316532,40.3690476189137,0,0.40000001
-3.71130952268951,40.3690476189137,0,0.40000001
-3.7083333322137,40.3690476189137,0,0.40000001
-3.7053571417379,40.3690476189137,0,0.50000000
-3.70238095126209,40.3690476189137,0,0.46666667
-3.69940476078628,40.3690476189137,0,0.40000001
-3.69642857031048,40.3690476189137,0,0.33333334
-3.69345237983467,40.3690476189137,0,0.26666668
-3.69047618935886,40.3690476189137,0,0.23333333
-3.68749999888306,40.3690476189137,0,0.30000001
-3.68452380840725,40.3690476189137,0,0.26666668
-3.68154761793144,40.3690476189137,0,0.40000001
-3.67857142745564,40.3690476189137,0,0.43333334
-3.67559523697983,40.3690476189137,0,0.60000002
-3.67261904650403,40.3690476189137,0,1.23333335
-3.66964285602822,40.3690476189137,0,1.50000000
-3.66666666555241,40.3690476189137,0,1.33333337
-3.66369047507661,40.3690476189137,0,1.03333330
-3.6607142846008,40.3690476189137,0,0.63333333
-3.65773809412499,40.3690476189137,0,0.46666667
-3.65476190364919,40.3690476189137,0,0.66666669
-3.65178571317338,40.3690476189137,0,0.66666669
-3.64880952269757,40.3690476189137,0,0.56666666
-3.64583333222177,40.3690476189137,0,0.20000000
-3.64285714174596,40.3690476189137,0,0.13333334
-3.63988095127015,40.3690476189137,0,0.16666667
-3.63690476079435,40.3690476189137,0,0.10000000
-3.63392857031854,40.3690476189137,0,0.10000000
-3.63095237984273,40.3690476189137,0,0.30000001
-3.62797618936693,40.3690476189137,0,0.73333335
-3.62499999889112,40.3690476189137,0,0.73333335
-3.62202380841531,40.3690476189137,0,0.40000001
-3.61904761793951,40.3690476189137,0,0.33333334
-3.6160714274637,40.3690476189137,0,0.50000000
-3.61309523698789,40.3690476189137,0,0.33333334
-3.61011904651209,40.3690476189137,0,0.20000000
-3.60714285603628,40.3690476189137,0,0.23333333
-3.60416666556047,40.3690476189137,0,0.30000001
-3.60119047508467,40.3690476189137,0,0.16666667
-3.59821428460886,40.3690476189137,0,0.06666667
-3.59523809413305,40.3690476189137,0,0.20000000
-3.59226190365725,40.3690476189137,0,0.43333334
-3.58928571318144,40.3690476189137,0,0.30000001
-3.58630952270564,40.3690476189137,0,0.20000000
-3.58333333222983,40.3690476189137,0,0.16666667
-3.58035714175402,40.3690476189137,0,0.16666667
-3.57738095127822,40.3690476189137,0,0.13333334
-3.57440476080241,40.3690476189137,0,0.13333334
-3.5714285703266,40.3690476189137,0,0.13333334
-3.5684523798508,40.3690476189137,0,0.16666667
-3.56547618937499,40.3690476189137,0,0.16666667
-3.56249999889918,40.3690476189137,0,0.26666668
-3.55952380842338,40.3690476189137,0,0.56666666
-3.55654761794757,40.3690476189137,0,0.80000001
-3.55357142747176,40.3690476189137,0,0.83333331
-3.80952380839113,40.3660714284319,0,0.93333334
-3.80357142743951,40.3660714284319,0,0.53333336
-3.80059523696371,40.3660714284319,0,1.06666672
-3.7976190464879,40.3660714284319,0,0.93333334
-3.79464285601209,40.3660714284319,0,1.00000000
-3.79166666553629,40.3660714284319,0,0.93333334
-3.78869047506048,40.3660714284319,0,0.73333335
-3.78571428458467,40.3660714284319,0,0.53333336
-3.78273809410887,40.3660714284319,0,0.69999999
-3.77976190363306,40.3660714284319,0,0.80000001
-3.77678571315725,40.3660714284319,0,0.76666665
-3.77380952268145,40.3660714284319,0,0.56666666
-3.77083333220564,40.3660714284319,0,0.50000000
-3.76785714172983,40.3660714284319,0,0.83333331
-3.76488095125403,40.3660714284319,0,0.69999999
-3.76190476077822,40.3660714284319,0,0.36666667
-3.75892857030242,40.3660714284319,0,0.23333333
-3.75595237982661,40.3660714284319,0,0.20000000
-3.7529761893508,40.3660714284319,0,0.23333333
-3.749999998875,40.3660714284319,0,0.23333333
-3.74702380839919,40.3660714284319,0,0.20000000
-3.74404761792338,40.3660714284319,0,0.53333336
-3.74107142744758,40.3660714284319,0,0.43333334
-3.73809523697177,40.3660714284319,0,0.20000000
-3.73511904649596,40.3660714284319,0,0.23333333
-3.73214285602016,40.3660714284319,0,0.30000001
-3.72916666554435,40.3660714284319,0,0.26666668
-3.72619047506854,40.3660714284319,0,0.50000000
-3.72321428459274,40.3660714284319,0,0.63333333
-3.72023809411693,40.3660714284319,0,0.69999999
-3.71726190364112,40.3660714284319,0,0.66666669
-3.71428571316532,40.3660714284319,0,0.56666666
-3.71130952268951,40.3660714284319,0,0.46666667
-3.7083333322137,40.3660714284319,0,0.36666667
-3.7053571417379,40.3660714284319,0,0.43333334
-3.70238095126209,40.3660714284319,0,0.40000001
-3.69940476078628,40.3660714284319,0,0.50000000
-3.69642857031048,40.3660714284319,0,0.40000001
-3.69345237983467,40.3660714284319,0,0.36666667
-3.69047618935886,40.3660714284319,0,0.40000001
-3.68749999888306,40.3660714284319,0,0.40000001
-3.68452380840725,40.3660714284319,0,0.43333334
-3.68154761793144,40.3660714284319,0,0.60000002
-3.67857142745564,40.3660714284319,0,0.40000001
-3.67559523697983,40.3660714284319,0,0.26666668
-3.67261904650403,40.3660714284319,0,0.66666669
-3.66964285602822,40.3660714284319,0,0.83333331
-3.66666666555241,40.3660714284319,0,0.80000001
-3.66369047507661,40.3660714284319,0,0.46666667
-3.6607142846008,40.3660714284319,0,0.30000001
-3.65773809412499,40.3660714284319,0,0.36666667
-3.65476190364919,40.3660714284319,0,0.26666668
-3.65178571317338,40.3660714284319,0,0.36666667
-3.64880952269757,40.3660714284319,0,0.23333333
-3.64583333222177,40.3660714284319,0,0.46666667
-3.64285714174596,40.3660714284319,0,0.33333334
-3.63988095127015,40.3660714284319,0,0.13333334
-3.63690476079435,40.3660714284319,0,0.13333334
-3.63392857031854,40.3660714284319,0,0.16666667
-3.63095237984273,40.3660714284319,0,0.30000001
-3.62797618936693,40.3660714284319,0,0.56666666
-3.62499999889112,40.3660714284319,0,0.66666669
-3.62202380841531,40.3660714284319,0,0.36666667
-3.61904761793951,40.3660714284319,0,0.26666668
-3.6160714274637,40.3660714284319,0,0.26666668
-3.61309523698789,40.3660714284319,0,0.36666667
-3.61011904651209,40.3660714284319,0,0.26666668
-3.60714285603628,40.3660714284319,0,0.26666668
-3.60416666556047,40.3660714284319,0,0.23333333
-3.60119047508467,40.3660714284319,0,0.16666667
-3.59821428460886,40.3660714284319,0,0.16666667
-3.59523809413305,40.3660714284319,0,0.26666668
-3.59226190365725,40.3660714284319,0,0.36666667
-3.58928571318144,40.3660714284319,0,0.26666668
-3.58630952270564,40.3660714284319,0,0.30000001
-3.58333333222983,40.3660714284319,0,0.23333333
-3.58035714175402,40.3660714284319,0,0.26666668
-3.57738095127822,40.3660714284319,0,0.26666668
-3.57440476080241,40.3660714284319,0,0.20000000
-3.5714285703266,40.3660714284319,0,0.16666667
-3.5684523798508,40.3660714284319,0,0.16666667
-3.56547618937499,40.3660714284319,0,0.36666667
-3.56249999889918,40.3660714284319,0,0.40000001
-3.55952380842338,40.3660714284319,0,0.50000000
-3.55654761794757,40.3660714284319,0,0.83333331
-3.55357142747176,40.3660714284319,0,0.63333333
-3.80059523696371,40.3630952379501,0,0.60000002
-3.7976190464879,40.3630952379501,0,0.69999999
-3.79464285601209,40.3630952379501,0,0.76666665
-3.79166666553629,40.3630952379501,0,0.66666669
-3.78869047506048,40.3630952379501,0,0.46666667
-3.78571428458467,40.3630952379501,0,0.30000001
-3.78273809410887,40.3630952379501,0,0.40000001
-3.77976190363306,40.3630952379501,0,0.66666669
-3.77678571315725,40.3630952379501,0,0.73333335
-3.77380952268145,40.3630952379501,0,0.96666664
-3.77083333220564,40.3630952379501,0,1.33333337
-3.76785714172983,40.3630952379501,0,1.53333330
-3.76488095125403,40.3630952379501,0,0.66666669
-3.76190476077822,40.3630952379501,0,0.36666667
-3.75892857030242,40.3630952379501,0,0.26666668
-3.75595237982661,40.3630952379501,0,0.30000001
-3.7529761893508,40.3630952379501,0,0.30000001
-3.749999998875,40.3630952379501,0,0.30000001
-3.74702380839919,40.3630952379501,0,0.30000001
-3.74404761792338,40.3630952379501,0,0.36666667
-3.74107142744758,40.3630952379501,0,0.36666667
-3.73809523697177,40.3630952379501,0,0.40000001
-3.73511904649596,40.3630952379501,0,0.53333336
-3.73214285602016,40.3630952379501,0,0.53333336
-3.72023809411693,40.3630952379501,0,1.03333330
-3.71726190364112,40.3630952379501,0,1.10000002
-3.71428571316532,40.3630952379501,0,0.60000002
-3.71130952268951,40.3630952379501,0,0.10000000
-3.7083333322137,40.3630952379501,0,0.10000000
-3.7053571417379,40.3630952379501,0,0.16666667
-3.70238095126209,40.3630952379501,0,0.20000000
-3.69940476078628,40.3630952379501,0,0.43333334
-3.69642857031048,40.3630952379501,0,0.56666666
-3.69345237983467,40.3630952379501,0,0.50000000
-3.69047618935886,40.3630952379501,0,0.40000001
-3.68749999888306,40.3630952379501,0,0.53333336
-3.68452380840725,40.3630952379501,0,0.76666665
-3.68154761793144,40.3630952379501,0,0.89999998
-3.67857142745564,40.3630952379501,0,0.73333335
-3.67559523697983,40.3630952379501,0,0.46666667
-3.67261904650403,40.3630952379501,0,0.53333336
-3.66964285602822,40.3630952379501,0,0.56666666
-3.66666666555241,40.3630952379501,0,0.53333336
-3.66369047507661,40.3630952379501,0,0.23333333
-3.6607142846008,40.3630952379501,0,0.06666667
-3.65773809412499,40.3630952379501,0,0.00000000
-3.65476190364919,40.3630952379501,0,0.03333334
-3.65178571317338,40.3630952379501,0,0.06666667
-3.64880952269757,40.3630952379501,0,0.26666668
-3.64583333222177,40.3630952379501,0,0.93333334
-3.64285714174596,40.3630952379501,0,0.73333335
-3.63988095127015,40.3630952379501,0,0.26666668
-3.63690476079435,40.3630952379501,0,0.16666667
-3.63392857031854,40.3630952379501,0,0.16666667
-3.63095237984273,40.3630952379501,0,0.30000001
-3.62797618936693,40.3630952379501,0,0.40000001
-3.62499999889112,40.3630952379501,0,0.33333334
-3.62202380841531,40.3630952379501,0,0.30000001
-3.61904761793951,40.3630952379501,0,0.20000000
-3.6160714274637,40.3630952379501,0,0.16666667
-3.61309523698789,40.3630952379501,0,0.20000000
-3.61011904651209,40.3630952379501,0,0.26666668
-3.60714285603628,40.3630952379501,0,0.36666667
-3.60416666556047,40.3630952379501,0,0.23333333
-3.60119047508467,40.3630952379501,0,0.26666668
-3.59821428460886,40.3630952379501,0,0.23333333
-3.59523809413305,40.3630952379501,0,0.23333333
-3.59226190365725,40.3630952379501,0,0.20000000
-3.58928571318144,40.3630952379501,0,0.20000000
-3.58630952270564,40.3630952379501,0,0.30000001
-3.58333333222983,40.3630952379501,0,0.43333334
-3.58035714175402,40.3630952379501,0,0.40000001
-3.57738095127822,40.3630952379501,0,0.46666667
-3.57440476080241,40.3630952379501,0,0.63333333
-3.5714285703266,40.3630952379501,0,0.36666667
-3.5684523798508,40.3630952379501,0,0.40000001
-3.56547618937499,40.3630952379501,0,0.50000000
-3.56249999889918,40.3630952379501,0,0.43333334
-3.55952380842338,40.3630952379501,0,0.63333333
-3.55654761794757,40.3630952379501,0,0.80000001
-3.55357142747176,40.3630952379501,0,0.53333336
-3.79166666553629,40.3601190474683,0,1.29999995
-3.78869047506048,40.3601190474683,0,0.86666667
-3.78571428458467,40.3601190474683,0,0.40000001
-3.77083333220564,40.3601190474683,0,0.83333331
-3.76785714172983,40.3601190474683,0,0.89999998
-3.76488095125403,40.3601190474683,0,0.73333335
-3.76190476077822,40.3601190474683,0,0.53333336
-3.75892857030242,40.3601190474683,0,0.40000001
-3.75595237982661,40.3601190474683,0,0.40000001
-3.7529761893508,40.3601190474683,0,0.46666667
-3.749999998875,40.3601190474683,0,0.53333336
-3.74702380839919,40.3601190474683,0,0.36666667
-3.72023809411693,40.3601190474683,0,0.93333334
-3.71726190364112,40.3601190474683,0,0.96666664
-3.71428571316532,40.3601190474683,0,0.26666668
-3.71130952268951,40.3601190474683,0,0.03333334
-3.7083333322137,40.3601190474683,0,0.00000000
-3.7053571417379,40.3601190474683,0,0.00000000
-3.70238095126209,40.3601190474683,0,0.06666667
-3.69940476078628,40.3601190474683,0,0.30000001
-3.69642857031048,40.3601190474683,0,0.43333334
-3.69345237983467,40.3601190474683,0,0.40000001
-3.69047618935886,40.3601190474683,0,0.33333334
-3.68749999888306,40.3601190474683,0,0.46666667
-3.68452380840725,40.3601190474683,0,0.63333333
-3.68154761793144,40.3601190474683,0,0.73333335
-3.67857142745564,40.3601190474683,0,0.80000001
-3.67559523697983,40.3601190474683,0,0.80000001
-3.67261904650403,40.3601190474683,0,0.40000001
-3.66964285602822,40.3601190474683,0,0.23333333
-3.66666666555241,40.3601190474683,0,0.26666668
-3.66369047507661,40.3601190474683,0,0.13333334
-3.6607142846008,40.3601190474683,0,0.03333334
-3.65773809412499,40.3601190474683,0,0.10000000
-3.65476190364919,40.3601190474683,0,0.23333333
-3.65178571317338,40.3601190474683,0,0.43333334
-3.64880952269757,40.3601190474683,0,0.80000001
-3.64583333222177,40.3601190474683,0,1.00000000
-3.64285714174596,40.3601190474683,0,0.86666667
-3.63988095127015,40.3601190474683,0,0.30000001
-3.63690476079435,40.3601190474683,0,0.06666667
-3.63392857031854,40.3601190474683,0,0.06666667
-3.63095237984273,40.3601190474683,0,0.06666667
-3.62797618936693,40.3601190474683,0,0.06666667
-3.62499999889112,40.3601190474683,0,0.06666667
-3.62202380841531,40.3601190474683,0,0.06666667
-3.61904761793951,40.3601190474683,0,0.10000000
-3.6160714274637,40.3601190474683,0,0.10000000
-3.61309523698789,40.3601190474683,0,0.16666667
-3.61011904651209,40.3601190474683,0,0.56666666
-3.60714285603628,40.3601190474683,0,0.76666665
-3.60416666556047,40.3601190474683,0,0.69999999
-3.60119047508467,40.3601190474683,0,0.53333336
-3.59821428460886,40.3601190474683,0,0.26666668
-3.59523809413305,40.3601190474683,0,0.26666668
-3.59226190365725,40.3601190474683,0,0.23333333
-3.58928571318144,40.3601190474683,0,0.23333333
-3.58630952270564,40.3601190474683,0,0.23333333
-3.58333333222983,40.3601190474683,0,0.36666667
-3.58035714175402,40.3601190474683,0,0.50000000
-3.57738095127822,40.3601190474683,0,0.73333335
-3.57440476080241,40.3601190474683,0,0.89999998
-3.5714285703266,40.3601190474683,0,0.66666669
-3.5684523798508,40.3601190474683,0,0.46666667
-3.56547618937499,40.3601190474683,0,0.33333334
-3.56249999889918,40.3601190474683,0,0.33333334
-3.55952380842338,40.3601190474683,0,0.56666666
-3.55654761794757,40.3601190474683,0,0.80000001
-3.55357142747176,40.3601190474683,0,0.73333335
-3.72023809411693,40.3571428569864,0,1.16666663
-3.71726190364112,40.3571428569864,0,1.23333335
-3.71428571316532,40.3571428569864,0,0.80000001
-3.71130952268951,40.3571428569864,0,0.10000000
-3.7083333322137,40.3571428569864,0,0.03333334
-3.7053571417379,40.3571428569864,0,0.06666667
-3.70238095126209,40.3571428569864,0,0.26666668
-3.69940476078628,40.3571428569864,0,0.36666667
-3.69642857031048,40.3571428569864,0,0.33333334
-3.69345237983467,40.3571428569864,0,0.33333334
-3.69047618935886,40.3571428569864,0,0.33333334
-3.68749999888306,40.3571428569864,0,0.40000001
-3.68452380840725,40.3571428569864,0,0.30000001
-3.68154761793144,40.3571428569864,0,0.40000001
-3.67857142745564,40.3571428569864,0,1.00000000
-3.67559523697983,40.3571428569864,0,1.00000000
-3.67261904650403,40.3571428569864,0,0.43333334
-3.66964285602822,40.3571428569864,0,0.06666667
-3.66666666555241,40.3571428569864,0,0.16666667
-3.66369047507661,40.3571428569864,0,0.20000000
-3.6607142846008,40.3571428569864,0,0.16666667
-3.65773809412499,40.3571428569864,0,0.33333334
-3.65476190364919,40.3571428569864,0,0.46666667
-3.65178571317338,40.3571428569864,0,0.83333331
-3.64880952269757,40.3571428569864,0,0.89999998
-3.64583333222177,40.3571428569864,0,0.80000001
-3.64285714174596,40.3571428569864,0,0.60000002
-3.63988095127015,40.3571428569864,0,0.26666668
-3.63690476079435,40.3571428569864,0,0.10000000
-3.63392857031854,40.3571428569864,0,0.03333334
-3.63095237984273,40.3571428569864,0,0.03333334
-3.62797618936693,40.3571428569864,0,0.03333334
-3.62499999889112,40.3571428569864,0,0.06666667
-3.62202380841531,40.3571428569864,0,0.06666667
-3.61904761793951,40.3571428569864,0,0.10000000
-3.6160714274637,40.3571428569864,0,0.26666668
-3.61309523698789,40.3571428569864,0,0.56666666
-3.61011904651209,40.3571428569864,0,0.76666665
-3.60714285603628,40.3571428569864,0,0.89999998
-3.60416666556047,40.3571428569864,0,0.86666667
-3.60119047508467,40.3571428569864,0,0.73333335
-3.59821428460886,40.3571428569864,0,0.56666666
-3.59523809413305,40.3571428569864,0,0.40000001
-3.59226190365725,40.3571428569864,0,0.33333334
-3.58928571318144,40.3571428569864,0,0.16666667
-3.58630952270564,40.3571428569864,0,0.23333333
-3.58333333222983,40.3571428569864,0,0.33333334
-3.58035714175402,40.3571428569864,0,0.56666666
-3.57738095127822,40.3571428569864,0,0.73333335
-3.57440476080241,40.3571428569864,0,0.69999999
-3.5714285703266,40.3571428569864,0,0.60000002
-3.5684523798508,40.3571428569864,0,0.50000000
-3.56547618937499,40.3571428569864,0,0.36666667
-3.56249999889918,40.3571428569864,0,0.33333334
-3.55952380842338,40.3571428569864,0,0.46666667
-3.55654761794757,40.3571428569864,0,0.33333334
-3.55357142747176,40.3571428569864,0,0.50000000
-3.72023809411693,40.3541666665046,0,1.33333337
-3.71726190364112,40.3541666665046,0,1.23333335
-3.71428571316532,40.3541666665046,0,1.23333335
-3.71130952268951,40.3541666665046,0,0.80000001
-3.7083333322137,40.3541666665046,0,0.23333333
-3.7053571417379,40.3541666665046,0,0.36666667
-3.70238095126209,40.3541666665046,0,0.40000001
-3.69940476078628,40.3541666665046,0,0.46666667
-3.69642857031048,40.3541666665046,0,0.40000001
-3.69345237983467,40.3541666665046,0,0.30000001
-3.69047618935886,40.3541666665046,0,0.30000001
-3.68749999888306,40.3541666665046,0,0.30000001
-3.68452380840725,40.3541666665046,0,0.20000000
-3.68154761793144,40.3541666665046,0,0.16666667
-3.67857142745564,40.3541666665046,0,0.63333333
-3.67559523697983,40.3541666665046,0,1.20000005
-3.67261904650403,40.3541666665046,0,0.96666664
-3.66964285602822,40.3541666665046,0,0.50000000
-3.66666666555241,40.3541666665046,0,0.33333334
-3.66369047507661,40.3541666665046,0,0.63333333
-3.6607142846008,40.3541666665046,0,0.76666665
-3.65773809412499,40.3541666665046,0,0.63333333
-3.65476190364919,40.3541666665046,0,0.63333333
-3.65178571317338,40.3541666665046,0,0.69999999
-3.64880952269757,40.3541666665046,0,0.66666669
-3.64583333222177,40.3541666665046,0,0.69999999
-3.64285714174596,40.3541666665046,0,0.63333333
-3.63988095127015,40.3541666665046,0,0.50000000
-3.63690476079435,40.3541666665046,0,0.23333333
-3.63392857031854,40.3541666665046,0,0.16666667
-3.63095237984273,40.3541666665046,0,0.13333334
-3.62797618936693,40.3541666665046,0,0.10000000
-3.62499999889112,40.3541666665046,0,0.13333334
-3.62202380841531,40.3541666665046,0,0.26666668
-3.61904761793951,40.3541666665046,0,0.36666667
-3.6160714274637,40.3541666665046,0,0.43333334
-3.61309523698789,40.3541666665046,0,0.69999999
-3.61011904651209,40.3541666665046,0,0.80000001
-3.60714285603628,40.3541666665046,0,0.93333334
-3.60416666556047,40.3541666665046,0,0.89999998
-3.60119047508467,40.3541666665046,0,0.83333331
-3.59821428460886,40.3541666665046,0,0.73333335
-3.59523809413305,40.3541666665046,0,0.60000002
-3.59226190365725,40.3541666665046,0,0.63333333
-3.58928571318144,40.3541666665046,0,0.43333334
-3.58630952270564,40.3541666665046,0,0.43333334
-3.58333333222983,40.3541666665046,0,0.33333334
-3.58035714175402,40.3541666665046,0,0.56666666
-3.57738095127822,40.3541666665046,0,0.60000002
-3.57440476080241,40.3541666665046,0,0.50000000
-3.5714285703266,40.3541666665046,0,0.43333334
-3.5684523798508,40.3541666665046,0,0.43333334
-3.56547618937499,40.3541666665046,0,0.33333334
-3.56249999889918,40.3541666665046,0,0.36666667
-3.55952380842338,40.3541666665046,0,0.53333336
-3.55654761794757,40.3541666665046,0,0.46666667
-3.72023809411693,40.3511904760228,0,0.93333334
-3.71726190364112,40.3511904760228,0,1.03333330
-3.71428571316532,40.3511904760228,0,1.79999995
-3.71130952268951,40.3511904760228,0,1.16666663
-3.7083333322137,40.3511904760228,0,0.43333334
-3.7053571417379,40.3511904760228,0,0.43333334
-3.70238095126209,40.3511904760228,0,0.56666666
-3.69940476078628,40.3511904760228,0,0.46666667
-3.69642857031048,40.3511904760228,0,0.30000001
-3.69345237983467,40.3511904760228,0,0.33333334
-3.69047618935886,40.3511904760228,0,0.16666667
-3.68749999888306,40.3511904760228,0,0.13333334
-3.68452380840725,40.3511904760228,0,0.13333334
-3.68154761793144,40.3511904760228,0,0.16666667
-3.67857142745564,40.3511904760228,0,0.33333334
-3.67559523697983,40.3511904760228,0,0.69999999
-3.67261904650403,40.3511904760228,0,1.03333330
-3.66964285602822,40.3511904760228,0,0.69999999
-3.66666666555241,40.3511904760228,0,0.56666666
-3.66369047507661,40.3511904760228,0,0.80000001
-3.6607142846008,40.3511904760228,0,0.89999998
-3.65773809412499,40.3511904760228,0,0.53333336
-3.65476190364919,40.3511904760228,0,0.63333333
-3.65178571317338,40.3511904760228,0,0.73333335
-3.64880952269757,40.3511904760228,0,0.69999999
-3.64583333222177,40.3511904760228,0,0.66666669
-3.64285714174596,40.3511904760228,0,0.50000000
-3.63988095127015,40.3511904760228,0,0.43333334
-3.63690476079435,40.3511904760228,0,0.40000001
-3.63392857031854,40.3511904760228,0,0.56666666
-3.63095237984273,40.3511904760228,0,0.46666667
-3.62797618936693,40.3511904760228,0,0.40000001
-3.62499999889112,40.3511904760228,0,0.53333336
-3.62202380841531,40.3511904760228,0,0.53333336
-3.61904761793951,40.3511904760228,0,0.53333336
-3.6160714274637,40.3511904760228,0,0.56666666
-3.61309523698789,40.3511904760228,0,0.60000002
-3.61011904651209,40.3511904760228,0,0.69999999
-3.60714285603628,40.3511904760228,0,0.80000001
-3.60416666556047,40.3511904760228,0,0.83333331
-3.60119047508467,40.3511904760228,0,0.66666669
-3.59821428460886,40.3511904760228,0,0.63333333
-3.59523809413305,40.3511904760228,0,0.73333335
-3.59226190365725,40.3511904760228,0,0.76666665
-3.58928571318144,40.3511904760228,0,0.69999999
-3.58630952270564,40.3511904760228,0,0.53333336
-3.58333333222983,40.3511904760228,0,0.43333334
-3.58035714175402,40.3511904760228,0,0.53333336
-3.57738095127822,40.3511904760228,0,0.53333336
-3.57440476080241,40.3511904760228,0,0.53333336
-3.5714285703266,40.3511904760228,0,0.43333334
-3.5684523798508,40.3511904760228,0,0.26666668
-3.56547618937499,40.3511904760228,0,0.20000000
-3.56249999889918,40.3511904760228,0,0.56666666
-3.55952380842338,40.3511904760228,0,0.73333335
-3.72321428459274,40.348214285541,0,0.63333333
-3.72023809411693,40.348214285541,0,1.06666672
-3.71726190364112,40.348214285541,0,1.03333330
-3.71428571316532,40.348214285541,0,0.73333335
-3.71130952268951,40.348214285541,0,0.43333334
-3.7083333322137,40.348214285541,0,0.20000000
-3.7053571417379,40.348214285541,0,0.20000000
-3.70238095126209,40.348214285541,0,0.26666668
-3.69940476078628,40.348214285541,0,0.30000001
-3.69642857031048,40.348214285541,0,0.20000000
-3.69345237983467,40.348214285541,0,0.30000001
-3.69047618935886,40.348214285541,0,0.36666667
-3.68749999888306,40.348214285541,0,0.36666667
-3.68452380840725,40.348214285541,0,0.33333334
-3.68154761793144,40.348214285541,0,0.10000000
-3.67857142745564,40.348214285541,0,0.23333333
-3.67559523697983,40.348214285541,0,0.33333334
-3.67261904650403,40.348214285541,0,0.63333333
-3.66964285602822,40.348214285541,0,1.00000000
-3.66666666555241,40.348214285541,0,1.03333330
-3.66369047507661,40.348214285541,0,0.80000001
-3.6607142846008,40.348214285541,0,0.80000001
-3.65773809412499,40.348214285541,0,0.73333335
-3.65476190364919,40.348214285541,0,1.03333330
-3.65178571317338,40.348214285541,0,1.00000000
-3.64880952269757,40.348214285541,0,0.66666669
-3.64583333222177,40.348214285541,0,0.46666667
-3.64285714174596,40.348214285541,0,0.40000001
-3.63988095127015,40.348214285541,0,0.43333334
-3.63690476079435,40.348214285541,0,0.43333334
-3.63392857031854,40.348214285541,0,0.56666666
-3.63095237984273,40.348214285541,0,0.63333333
-3.62797618936693,40.348214285541,0,0.69999999
-3.62499999889112,40.348214285541,0,0.66666669
-3.62202380841531,40.348214285541,0,0.60000002
-3.61904761793951,40.348214285541,0,0.63333333
-3.6160714274637,40.348214285541,0,0.73333335
-3.61309523698789,40.348214285541,0,0.76666665
-3.61011904651209,40.348214285541,0,0.63333333
-3.60714285603628,40.348214285541,0,0.50000000
-3.60416666556047,40.348214285541,0,0.43333334
-3.60119047508467,40.348214285541,0,0.33333334
-3.59821428460886,40.348214285541,0,0.23333333
-3.59523809413305,40.348214285541,0,0.56666666
-3.59226190365725,40.348214285541,0,0.76666665
-3.58928571318144,40.348214285541,0,0.69999999
-3.58630952270564,40.348214285541,0,0.56666666
-3.58333333222983,40.348214285541,0,0.53333336
-3.58035714175402,40.348214285541,0,0.56666666
-3.57738095127822,40.348214285541,0,0.60000002
-3.57440476080241,40.348214285541,0,0.46666667
-3.5714285703266,40.348214285541,0,0.30000001
-3.5684523798508,40.348214285541,0,0.20000000
-3.56547618937499,40.348214285541,0,0.36666667
-3.56249999889918,40.348214285541,0,0.80000001
-3.72321428459274,40.3452380950592,0,0.69999999
-3.72023809411693,40.3452380950592,0,0.83333331
-3.71726190364112,40.3452380950592,0,0.80000001
-3.71428571316532,40.3452380950592,0,0.23333333
-3.71130952268951,40.3452380950592,0,0.13333334
-3.7083333322137,40.3452380950592,0,0.13333334
-3.7053571417379,40.3452380950592,0,0.16666667
-3.70238095126209,40.3452380950592,0,0.40000001
-3.69940476078628,40.3452380950592,0,0.40000001
-3.69642857031048,40.3452380950592,0,0.16666667
-3.69345237983467,40.3452380950592,0,0.26666668
-3.69047618935886,40.3452380950592,0,0.53333336
-3.68749999888306,40.3452380950592,0,0.60000002
-3.68452380840725,40.3452380950592,0,0.43333334
-3.68154761793144,40.3452380950592,0,0.13333334
-3.67857142745564,40.3452380950592,0,0.16666667
-3.67559523697983,40.3452380950592,0,0.26666668
-3.67261904650403,40.3452380950592,0,0.50000000
-3.66964285602822,40.3452380950592,0,0.73333335
-3.66666666555241,40.3452380950592,0,1.13333333
-3.66369047507661,40.3452380950592,0,0.73333335
-3.6607142846008,40.3452380950592,0,0.76666665
-3.65773809412499,40.3452380950592,0,0.73333335
-3.65476190364919,40.3452380950592,0,0.76666665
-3.65178571317338,40.3452380950592,0,0.50000000
-3.64880952269757,40.3452380950592,0,0.40000001
-3.64583333222177,40.3452380950592,0,0.56666666
-3.64285714174596,40.3452380950592,0,0.53333336
-3.63988095127015,40.3452380950592,0,0.36666667
-3.63690476079435,40.3452380950592,0,0.40000001
-3.63392857031854,40.3452380950592,0,0.50000000
-3.63095237984273,40.3452380950592,0,0.63333333
-3.62797618936693,40.3452380950592,0,0.69999999
-3.62499999889112,40.3452380950592,0,0.73333335
-3.62202380841531,40.3452380950592,0,0.66666669
-3.61904761793951,40.3452380950592,0,0.63333333
-3.6160714274637,40.3452380950592,0,0.73333335
-3.61309523698789,40.3452380950592,0,0.86666667
-3.61011904651209,40.3452380950592,0,0.56666666
-3.60714285603628,40.3452380950592,0,0.36666667
-3.60416666556047,40.3452380950592,0,0.43333334
-3.60119047508467,40.3452380950592,0,0.36666667
-3.59821428460886,40.3452380950592,0,0.23333333
-3.59523809413305,40.3452380950592,0,0.36666667
-3.59226190365725,40.3452380950592,0,0.50000000
-3.58928571318144,40.3452380950592,0,0.43333334
-3.58630952270564,40.3452380950592,0,0.43333334
-3.58333333222983,40.3452380950592,0,0.43333334
-3.58035714175402,40.3452380950592,0,0.53333336
-3.57738095127822,40.3452380950592,0,0.63333333
-3.57440476080241,40.3452380950592,0,0.40000001
-3.5714285703266,40.3452380950592,0,0.16666667
-3.5684523798508,40.3452380950592,0,0.16666667
-3.56547618937499,40.3452380950592,0,0.36666667
-3.72321428459274,40.3422619045774,0,0.53333336
-3.72023809411693,40.3422619045774,0,0.43333334
-3.71726190364112,40.3422619045774,0,0.43333334
-3.71428571316532,40.3422619045774,0,0.13333334
-3.71130952268951,40.3422619045774,0,0.13333334
-3.7083333322137,40.3422619045774,0,0.26666668
-3.7053571417379,40.3422619045774,0,0.30000001
-3.70238095126209,40.3422619045774,0,0.53333336
-3.69940476078628,40.3422619045774,0,0.80000001
-3.69642857031048,40.3422619045774,0,0.13333334
-3.69345237983467,40.3422619045774,0,0.20000000
-3.69047618935886,40.3422619045774,0,0.30000001
-3.68749999888306,40.3422619045774,0,0.30000001
-3.68452380840725,40.3422619045774,0,0.30000001
-3.68154761793144,40.3422619045774,0,0.43333334
-3.67857142745564,40.3422619045774,0,0.33333334
-3.67559523697983,40.3422619045774,0,0.33333334
-3.67261904650403,40.3422619045774,0,0.43333334
-3.66964285602822,40.3422619045774,0,0.36666667
-3.66666666555241,40.3422619045774,0,0.56666666
-3.66369047507661,40.3422619045774,0,0.80000001
-3.6607142846008,40.3422619045774,0,0.60000002
-3.65773809412499,40.3422619045774,0,0.56666666
-3.65476190364919,40.3422619045774,0,0.46666667
-3.65178571317338,40.3422619045774,0,0.36666667
-3.64880952269757,40.3422619045774,0,0.40000001
-3.64583333222177,40.3422619045774,0,0.60000002
-3.64285714174596,40.3422619045774,0,0.56666666
-3.63988095127015,40.3422619045774,0,0.53333336
-3.63690476079435,40.3422619045774,0,0.60000002
-3.63392857031854,40.3422619045774,0,0.66666669
-3.63095237984273,40.3422619045774,0,0.60000002
-3.62797618936693,40.3422619045774,0,0.60000002
-3.62499999889112,40.3422619045774,0,0.56666666
-3.62202380841531,40.3422619045774,0,0.53333336
-3.61904761793951,40.3422619045774,0,0.63333333
-3.6160714274637,40.3422619045774,0,0.63333333
-3.61309523698789,40.3422619045774,0,0.60000002
-3.61011904651209,40.3422619045774,0,0.40000001
-3.60714285603628,40.3422619045774,0,0.33333334
-3.60416666556047,40.3422619045774,0,0.43333334
-3.60119047508467,40.3422619045774,0,0.40000001
-3.59821428460886,40.3422619045774,0,0.36666667
-3.59523809413305,40.3422619045774,0,0.40000001
-3.59226190365725,40.3422619045774,0,0.40000001
-3.58928571318144,40.3422619045774,0,0.36666667
-3.58630952270564,40.3422619045774,0,0.36666667
-3.58333333222983,40.3422619045774,0,0.46666667
-3.58035714175402,40.3422619045774,0,0.56666666
-3.57738095127822,40.3422619045774,0,0.76666665
-3.57440476080241,40.3422619045774,0,0.80000001
-3.5714285703266,40.3422619045774,0,0.46666667
-3.5684523798508,40.3422619045774,0,0.60000002
-3.72321428459274,40.3392857140955,0,0.23333333
-3.72023809411693,40.3392857140955,0,0.20000000
-3.71726190364112,40.3392857140955,0,0.33333334
-3.71428571316532,40.3392857140955,0,0.13333334
-3.71130952268951,40.3392857140955,0,0.13333334
-3.7083333322137,40.3392857140955,0,0.16666667
-3.7053571417379,40.3392857140955,0,0.06666667
-3.70238095126209,40.3392857140955,0,0.06666667
-3.69940476078628,40.3392857140955,0,0.20000000
-3.69642857031048,40.3392857140955,0,0.30000001
-3.69345237983467,40.3392857140955,0,0.50000000
-3.69047618935886,40.3392857140955,0,0.20000000
-3.68749999888306,40.3392857140955,0,0.33333334
-3.68452380840725,40.3392857140955,0,0.40000001
-3.68154761793144,40.3392857140955,0,0.43333334
-3.67857142745564,40.3392857140955,0,0.46666667
-3.67559523697983,40.3392857140955,0,0.46666667
-3.67261904650403,40.3392857140955,0,0.83333331
-3.66964285602822,40.3392857140955,0,0.76666665
-3.66666666555241,40.3392857140955,0,0.46666667
-3.66369047507661,40.3392857140955,0,0.60000002
-3.6607142846008,40.3392857140955,0,0.60000002
-3.65773809412499,40.3392857140955,0,0.40000001
-3.65476190364919,40.3392857140955,0,0.50000000
-3.65178571317338,40.3392857140955,0,0.50000000
-3.64880952269757,40.3392857140955,0,0.46666667
-3.64583333222177,40.3392857140955,0,0.46666667
-3.64285714174596,40.3392857140955,0,0.63333333
-3.63988095127015,40.3392857140955,0,0.76666665
-3.63690476079435,40.3392857140955,0,0.80000001
-3.63392857031854,40.3392857140955,0,0.73333335
-3.63095237984273,40.3392857140955,0,0.56666666
-3.62797618936693,40.3392857140955,0,0.40000001
-3.62499999889112,40.3392857140955,0,0.30000001
-3.62202380841531,40.3392857140955,0,0.30000001
-3.61904761793951,40.3392857140955,0,0.33333334
-3.6160714274637,40.3392857140955,0,0.26666668
-3.61309523698789,40.3392857140955,0,0.33333334
-3.61011904651209,40.3392857140955,0,0.33333334
-3.60714285603628,40.3392857140955,0,0.36666667
-3.60416666556047,40.3392857140955,0,0.40000001
-3.60119047508467,40.3392857140955,0,0.43333334
-3.59821428460886,40.3392857140955,0,0.43333334
-3.59523809413305,40.3392857140955,0,0.43333334
-3.59226190365725,40.3392857140955,0,0.53333336
-3.58928571318144,40.3392857140955,0,0.53333336
-3.58630952270564,40.3392857140955,0,0.53333336
-3.58333333222983,40.3392857140955,0,0.76666665
-3.58035714175402,40.3392857140955,0,0.89999998
-3.57738095127822,40.3392857140955,0,0.83333331
-3.57440476080241,40.3392857140955,0,0.86666667
-3.5714285703266,40.3392857140955,0,0.89999998
-3.72321428459274,40.3363095236137,0,0.10000000
-3.72023809411693,40.3363095236137,0,0.40000001
-3.71726190364112,40.3363095236137,0,0.46666667
-3.71428571316532,40.3363095236137,0,0.16666667
-3.71130952268951,40.3363095236137,0,0.03333334
-3.7083333322137,40.3363095236137,0,0.03333334
-3.7053571417379,40.3363095236137,0,0.06666667
-3.70238095126209,40.3363095236137,0,0.13333334
-3.69940476078628,40.3363095236137,0,0.06666667
-3.69642857031048,40.3363095236137,0,0.10000000
-3.69345237983467,40.3363095236137,0,0.16666667
-3.69047618935886,40.3363095236137,0,0.20000000
-3.68749999888306,40.3363095236137,0,0.20000000
-3.68452380840725,40.3363095236137,0,0.20000000
-3.68154761793144,40.3363095236137,0,0.13333334
-3.67857142745564,40.3363095236137,0,0.40000001
-3.67559523697983,40.3363095236137,0,0.63333333
-3.67261904650403,40.3363095236137,0,0.73333335
-3.66964285602822,40.3363095236137,0,0.76666665
-3.66666666555241,40.3363095236137,0,0.66666669
-3.66369047507661,40.3363095236137,0,0.73333335
-3.6607142846008,40.3363095236137,0,1.16666663
-3.65773809412499,40.3363095236137,0,1.13333333
-3.65476190364919,40.3363095236137,0,0.56666666
-3.65178571317338,40.3363095236137,0,0.46666667
-3.64880952269757,40.3363095236137,0,0.53333336
-3.64583333222177,40.3363095236137,0,0.53333336
-3.64285714174596,40.3363095236137,0,0.53333336
-3.63988095127015,40.3363095236137,0,0.56666666
-3.63690476079435,40.3363095236137,0,0.56666666
-3.63392857031854,40.3363095236137,0,0.40000001
-3.63095237984273,40.3363095236137,0,0.30000001
-3.62797618936693,40.3363095236137,0,0.23333333
-3.62499999889112,40.3363095236137,0,0.30000001
-3.62202380841531,40.3363095236137,0,0.30000001
-3.61904761793951,40.3363095236137,0,0.36666667
-3.6160714274637,40.3363095236137,0,0.43333334
-3.61309523698789,40.3363095236137,0,0.60000002
-3.61011904651209,40.3363095236137,0,0.60000002
-3.60714285603628,40.3363095236137,0,0.56666666
-3.60416666556047,40.3363095236137,0,0.56666666
-3.60119047508467,40.3363095236137,0,0.56666666
-3.59821428460886,40.3363095236137,0,0.53333336
-3.59523809413305,40.3363095236137,0,0.63333333
-3.59226190365725,40.3363095236137,0,0.69999999
-3.58928571318144,40.3363095236137,0,0.66666669
-3.58630952270564,40.3363095236137,0,0.73333335
-3.58333333222983,40.3363095236137,0,0.76666665
-3.58035714175402,40.3363095236137,0,0.89999998
-3.57738095127822,40.3363095236137,0,0.76666665
-3.57440476080241,40.3363095236137,0,0.76666665
-3.5714285703266,40.3363095236137,0,0.80000001
-3.72023809411693,40.3333333331319,0,0.33333334
-3.71726190364112,40.3333333331319,0,0.46666667
-3.71428571316532,40.3333333331319,0,0.23333333
-3.71130952268951,40.3333333331319,0,0.10000000
-3.7083333322137,40.3333333331319,0,0.03333334
-3.7053571417379,40.3333333331319,0,0.10000000
-3.70238095126209,40.3333333331319,0,0.23333333
-3.69940476078628,40.3333333331319,0,0.23333333
-3.69642857031048,40.3333333331319,0,0.06666667
-3.69345237983467,40.3333333331319,0,0.16666667
-3.69047618935886,40.3333333331319,0,0.53333336
-3.68749999888306,40.3333333331319,0,0.73333335
-3.68452380840725,40.3333333331319,0,0.76666665
-3.68154761793144,40.3333333331319,0,0.50000000
-3.67857142745564,40.3333333331319,0,0.53333336
-3.67559523697983,40.3333333331319,0,0.63333333
-3.67261904650403,40.3333333331319,0,0.53333336
-3.66964285602822,40.3333333331319,0,0.63333333
-3.66666666555241,40.3333333331319,0,0.80000001
-3.66369047507661,40.3333333331319,0,0.76666665
-3.6607142846008,40.3333333331319,0,1.20000005
-3.65773809412499,40.3333333331319,0,1.93333328
-3.65476190364919,40.3333333331319,0,1.60000002
-3.65178571317338,40.3333333331319,0,0.76666665
-3.64583333222177,40.3333333331319,0,0.56666666
-3.64285714174596,40.3333333331319,0,0.50000000
-3.63988095127015,40.3333333331319,0,0.50000000
-3.63690476079435,40.3333333331319,0,0.50000000
-3.63392857031854,40.3333333331319,0,0.40000001
-3.63095237984273,40.3333333331319,0,0.43333334
-3.62797618936693,40.3333333331319,0,0.43333334
-3.62499999889112,40.3333333331319,0,0.40000001
-3.62202380841531,40.3333333331319,0,0.43333334
-3.61904761793951,40.3333333331319,0,0.56666666
-3.6160714274637,40.3333333331319,0,0.63333333
-3.61309523698789,40.3333333331319,0,0.66666669
-3.61011904651209,40.3333333331319,0,0.60000002
-3.60714285603628,40.3333333331319,0,0.60000002
-3.60416666556047,40.3333333331319,0,0.63333333
-3.60119047508467,40.3333333331319,0,0.53333336
-3.59821428460886,40.3333333331319,0,0.56666666
-3.59523809413305,40.3333333331319,0,0.66666669
-3.59226190365725,40.3333333331319,0,0.69999999
-3.58928571318144,40.3333333331319,0,0.53333336
-3.58630952270564,40.3333333331319,0,0.63333333
-3.58333333222983,40.3333333331319,0,0.86666667
-3.58035714175402,40.3333333331319,0,1.13333333
-3.57738095127822,40.3333333331319,0,1.23333335
-3.57440476080241,40.3333333331319,0,1.03333330
-3.71726190364112,40.3303571426501,0,0.36666667
-3.71428571316532,40.3303571426501,0,0.26666668
-3.71130952268951,40.3303571426501,0,0.30000001
-3.7083333322137,40.3303571426501,0,0.26666668
-3.7053571417379,40.3303571426501,0,0.33333334
-3.70238095126209,40.3303571426501,0,0.40000001
-3.69940476078628,40.3303571426501,0,0.43333334
-3.69642857031048,40.3303571426501,0,0.20000000
-3.69345237983467,40.3303571426501,0,0.16666667
-3.69047618935886,40.3303571426501,0,0.60000002
-3.68749999888306,40.3303571426501,0,1.03333330
-3.68452380840725,40.3303571426501,0,0.96666664
-3.68154761793144,40.3303571426501,0,0.69999999
-3.67857142745564,40.3303571426501,0,0.50000000
-3.67559523697983,40.3303571426501,0,0.43333334
-3.67261904650403,40.3303571426501,0,0.40000001
-3.66964285602822,40.3303571426501,0,0.46666667
-3.66666666555241,40.3303571426501,0,0.56666666
-3.66369047507661,40.3303571426501,0,0.73333335
-3.6607142846008,40.3303571426501,0,0.73333335
-3.65773809412499,40.3303571426501,0,1.89999998
-3.64285714174596,40.3303571426501,0,1.00000000
-3.63988095127015,40.3303571426501,0,0.69999999
-3.63690476079435,40.3303571426501,0,0.56666666
-3.63392857031854,40.3303571426501,0,0.46666667
-3.63095237984273,40.3303571426501,0,0.40000001
-3.62797618936693,40.3303571426501,0,0.40000001
-3.62499999889112,40.3303571426501,0,0.40000001
-3.62202380841531,40.3303571426501,0,0.46666667
-3.61904761793951,40.3303571426501,0,0.53333336
-3.6160714274637,40.3303571426501,0,0.53333336
-3.61309523698789,40.3303571426501,0,0.56666666
-3.61011904651209,40.3303571426501,0,0.63333333
-3.60714285603628,40.3303571426501,0,0.60000002
-3.60416666556047,40.3303571426501,0,0.60000002
-3.60119047508467,40.3303571426501,0,0.69999999
-3.59821428460886,40.3303571426501,0,0.76666665
-3.59523809413305,40.3303571426501,0,0.69999999
-3.59226190365725,40.3303571426501,0,0.80000001
-3.58928571318144,40.3303571426501,0,0.86666667
-3.58630952270564,40.3303571426501,0,1.03333330
-3.58333333222983,40.3303571426501,0,1.26666665
-3.58035714175402,40.3303571426501,0,1.56666672
-3.57738095127822,40.3303571426501,0,1.20000005
-3.71130952268951,40.3273809521683,0,0.36666667
-3.7083333322137,40.3273809521683,0,0.33333334
-3.7053571417379,40.3273809521683,0,0.33333334
-3.70238095126209,40.3273809521683,0,0.36666667
-3.69940476078628,40.3273809521683,0,0.40000001
-3.69642857031048,40.3273809521683,0,0.30000001
-3.69345237983467,40.3273809521683,0,0.26666668
-3.69047618935886,40.3273809521683,0,0.43333334
-3.68749999888306,40.3273809521683,0,0.56666666
-3.68452380840725,40.3273809521683,0,0.63333333
-3.68154761793144,40.3273809521683,0,0.53333336
-3.67857142745564,40.3273809521683,0,0.33333334
-3.67559523697983,40.3273809521683,0,0.30000001
-3.67261904650403,40.3273809521683,0,0.36666667
-3.66964285602822,40.3273809521683,0,0.30000001
-3.63988095127015,40.3273809521683,0,1.13333333
-3.63690476079435,40.3273809521683,0,0.80000001
-3.63392857031854,40.3273809521683,0,0.73333335
-3.63095237984273,40.3273809521683,0,0.63333333
-3.62797618936693,40.3273809521683,0,0.53333336
-3.62499999889112,40.3273809521683,0,0.50000000
-3.62202380841531,40.3273809521683,0,0.53333336
-3.61904761793951,40.3273809521683,0,0.60000002
-3.6160714274637,40.3273809521683,0,0.60000002
-3.61309523698789,40.3273809521683,0,0.53333336
-3.61011904651209,40.3273809521683,0,0.43333334
-3.60714285603628,40.3273809521683,0,0.43333334
-3.60416666556047,40.3273809521683,0,0.56666666
-3.60119047508467,40.3273809521683,0,0.69999999
-3.59821428460886,40.3273809521683,0,0.80000001
-3.59523809413305,40.3273809521683,0,0.56666666
-3.59226190365725,40.3273809521683,0,0.63333333
-3.58928571318144,40.3273809521683,0,0.80000001
-3.58630952270564,40.3273809521683,0,1.13333333
-3.58333333222983,40.3273809521683,0,1.56666672
-3.71130952268951,40.3244047616865,0,0.60000002
-3.7083333322137,40.3244047616865,0,0.60000002
-3.7053571417379,40.3244047616865,0,0.46666667
-3.70238095126209,40.3244047616865,0,0.36666667
-3.69940476078628,40.3244047616865,0,0.46666667
-3.69642857031048,40.3244047616865,0,0.56666666
-3.69345237983467,40.3244047616865,0,0.43333334
-3.69047618935886,40.3244047616865,0,0.23333333
-3.68749999888306,40.3244047616865,0,0.13333334
-3.68452380840725,40.3244047616865,0,0.26666668
-3.63392857031854,40.3244047616865,0,1.00000000
-3.63095237984273,40.3244047616865,0,0.93333334
-3.62797618936693,40.3244047616865,0,0.76666665
-3.62499999889112,40.3244047616865,0,0.60000002
-3.62202380841531,40.3244047616865,0,0.56666666
-3.61904761793951,40.3244047616865,0,0.66666669
-3.6160714274637,40.3244047616865,0,0.86666667
-3.61309523698789,40.3244047616865,0,0.89999998
-3.61011904651209,40.3244047616865,0,0.73333335
-3.60714285603628,40.3244047616865,0,1.00000000
-3.60416666556047,40.3244047616865,0,1.00000000
-3.60119047508467,40.3244047616865,0,0.83333331
-3.59821428460886,40.3244047616865,0,0.63333333
-3.59523809413305,40.3244047616865,0,0.46666667
-3.59226190365725,40.3244047616865,0,0.46666667
-3.58928571318144,40.3244047616865,0,0.36666667
-3.58630952270564,40.3244047616865,0,0.60000002
-3.58333333222983,40.3244047616865,0,1.00000000
-3.69345237983467,40.3214285712046,0,0.40000001
-3.69047618935886,40.3214285712046,0,0.16666667
-3.63095237984273,40.3214285712046,0,1.06666672
-3.62797618936693,40.3214285712046,0,0.93333334
-3.62499999889112,40.3214285712046,0,0.76666665
-3.62202380841531,40.3214285712046,0,0.73333335
-3.61904761793951,40.3214285712046,0,0.86666667
-3.6160714274637,40.3214285712046,0,1.10000002
-3.61309523698789,40.3214285712046,0,1.26666665
-3.61011904651209,40.3214285712046,0,1.36666667
-3.60714285603628,40.3214285712046,0,1.39999998
-3.60416666556047,40.3214285712046,0,1.16666663
-3.60119047508467,40.3214285712046,0,1.00000000
-3.59821428460886,40.3214285712046,0,1.26666665
-3.59523809413305,40.3214285712046,0,1.20000005
-3.59226190365725,40.3214285712046,0,0.66666669
-3.58928571318144,40.3214285712046,0,0.30000001
-3.58630952270564,40.3214285712046,0,0.26666668
-3.6160714274637,40.3184523807228,0,1.13333333
-3.61309523698789,40.3184523807228,0,1.46666670
-3.61011904651209,40.3184523807228,0,1.53333330
-3.60714285603628,40.3184523807228,0,1.36666667
-3.60416666556047,40.3184523807228,0,1.20000005
-3.60119047508467,40.3184523807228,0,1.03333330
-3.59821428460886,40.3184523807228,0,1.16666663
-3.59523809413305,40.3184523807228,0,1.00000000
-3.59226190365725,40.3184523807228,0,0.76666665
-3.58928571318144,40.3184523807228,0,0.56666666
-3.58630952270564,40.3184523807228,0,0.63333333
-3.61011904651209,40.315476190241,0,1.56666672
-3.60714285603628,40.315476190241,0,1.39999998
-3.60416666556047,40.315476190241,0,1.10000002
-3.60119047508467,40.315476190241,0,0.80000001
-3.59821428460886,40.315476190241,0,0.53333336
-3.59523809413305,40.315476190241,0,0.36666667
-3.59226190365725,40.315476190241,0,0.40000001
-3.58928571318144,40.315476190241,0,0.40000001
-3.58630952270564,40.315476190241,0,0.63333333
-3.58333333222983,40.315476190241,0,0.76666665
-3.58035714175402,40.315476190241,0,0.96666664
-3.57738095127822,40.315476190241,0,0.93333334
